filename,target_emotion,target_class,pred_emotion,pred_class,target_prob,passed_gate
angry_00000.png,angry,0,neutral,6,0.282,True
angry_00001.png,angry,0,neutral,6,0.2394,False
angry_00002.png,angry,0,neutral,6,0.4147,True
angry_00003.png,angry,0,fear,2,0.2461,False
angry_00004.png,angry,0,angry,0,0.5012,True
angry_00005.png,angry,0,angry,0,0.7173,True
angry_00006.png,angry,0,angry,0,0.7239,True
angry_00007.png,angry,0,surprise,5,0.1786,False
angry_00008.png,angry,0,neutral,6,0.0484,False
angry_00009.png,angry,0,neutral,6,0.0818,False
angry_00010.png,angry,0,neutral,6,0.2477,False
angry_00011.png,angry,0,neutral,6,0.2292,False
angry_00012.png,angry,0,fear,2,0.3144,True
angry_00013.png,angry,0,neutral,6,0.1609,False
angry_00014.png,angry,0,neutral,6,0.1899,False
angry_00015.png,angry,0,angry,0,0.4097,True
angry_00016.png,angry,0,angry,0,0.5785,True
angry_00017.png,angry,0,neutral,6,0.3373,True
angry_00018.png,angry,0,happy,3,0.0491,False
angry_00019.png,angry,0,neutral,6,0.2553,True
angry_00020.png,angry,0,angry,0,0.462,True
angry_00021.png,angry,0,fear,2,0.101,False
angry_00022.png,angry,0,angry,0,0.6184,True
angry_00023.png,angry,0,neutral,6,0.1534,False
angry_00024.png,angry,0,angry,0,0.4817,True
angry_00025.png,angry,0,happy,3,0.0608,False
angry_00026.png,angry,0,fear,2,0.2528,True
angry_00027.png,angry,0,angry,0,0.4015,True
angry_00028.png,angry,0,surprise,5,0.0328,False
angry_00029.png,angry,0,angry,0,0.3726,True
angry_00030.png,angry,0,neutral,6,0.1659,False
angry_00031.png,angry,0,neutral,6,0.0646,False
angry_00032.png,angry,0,angry,0,0.4492,True
angry_00033.png,angry,0,neutral,6,0.1759,False
angry_00034.png,angry,0,neutral,6,0.0836,False
angry_00035.png,angry,0,neutral,6,0.1147,False
angry_00036.png,angry,0,angry,0,0.8129,True
angry_00037.png,angry,0,neutral,6,0.1112,False
angry_00038.png,angry,0,disgust,1,0.0465,False
angry_00039.png,angry,0,neutral,6,0.1171,False
angry_00040.png,angry,0,angry,0,0.3779,True
angry_00041.png,angry,0,neutral,6,0.138,False
angry_00042.png,angry,0,angry,0,0.8574,True
angry_00043.png,angry,0,angry,0,0.2826,True
angry_00044.png,angry,0,angry,0,0.5706,True
angry_00045.png,angry,0,neutral,6,0.1995,False
angry_00046.png,angry,0,neutral,6,0.1689,False
angry_00047.png,angry,0,neutral,6,0.2474,False
angry_00048.png,angry,0,angry,0,0.5771,True
angry_00049.png,angry,0,angry,0,0.4099,True
angry_00050.png,angry,0,surprise,5,0.0352,False
angry_00051.png,angry,0,neutral,6,0.2979,True
angry_00052.png,angry,0,neutral,6,0.1595,False
angry_00053.png,angry,0,neutral,6,0.2109,False
angry_00054.png,angry,0,neutral,6,0.2076,False
angry_00055.png,angry,0,neutral,6,0.1722,False
angry_00056.png,angry,0,neutral,6,0.1325,False
angry_00057.png,angry,0,neutral,6,0.0868,False
angry_00058.png,angry,0,angry,0,0.7392,True
angry_00059.png,angry,0,neutral,6,0.0667,False
angry_00060.png,angry,0,angry,0,0.414,True
angry_00061.png,angry,0,angry,0,0.399,True
angry_00062.png,angry,0,angry,0,0.2848,True
angry_00063.png,angry,0,angry,0,0.4576,True
angry_00064.png,angry,0,angry,0,0.5015,True
angry_00065.png,angry,0,surprise,5,0.0638,False
angry_00066.png,angry,0,neutral,6,0.2455,False
angry_00067.png,angry,0,angry,0,0.5915,True
angry_00068.png,angry,0,angry,0,0.7907,True
angry_00069.png,angry,0,neutral,6,0.2534,True
angry_00070.png,angry,0,sad,4,0.1514,False
angry_00071.png,angry,0,sad,4,0.2778,True
angry_00072.png,angry,0,angry,0,0.4761,True
angry_00073.png,angry,0,angry,0,0.5546,True
angry_00074.png,angry,0,angry,0,0.5205,True
angry_00075.png,angry,0,angry,0,0.4376,True
angry_00076.png,angry,0,angry,0,0.5482,True
angry_00077.png,angry,0,fear,2,0.4022,True
angry_00078.png,angry,0,neutral,6,0.102,False
angry_00079.png,angry,0,angry,0,0.8508,True
angry_00080.png,angry,0,neutral,6,0.2252,False
angry_00081.png,angry,0,neutral,6,0.0502,False
angry_00082.png,angry,0,fear,2,0.2297,False
angry_00083.png,angry,0,surprise,5,0.2254,False
angry_00084.png,angry,0,angry,0,0.9236,True
angry_00085.png,angry,0,sad,4,0.0592,False
angry_00086.png,angry,0,fear,2,0.1109,False
angry_00087.png,angry,0,angry,0,0.4393,True
angry_00088.png,angry,0,neutral,6,0.1561,False
angry_00089.png,angry,0,fear,2,0.0579,False
angry_00090.png,angry,0,neutral,6,0.0807,False
angry_00091.png,angry,0,angry,0,0.7959,True
angry_00092.png,angry,0,fear,2,0.1376,False
angry_00093.png,angry,0,neutral,6,0.2889,True
angry_00094.png,angry,0,neutral,6,0.096,False
angry_00095.png,angry,0,neutral,6,0.0292,False
angry_00096.png,angry,0,sad,4,0.1669,False
angry_00097.png,angry,0,neutral,6,0.0996,False
angry_00098.png,angry,0,happy,3,0.131,False
angry_00099.png,angry,0,neutral,6,0.1516,False
angry_00100.png,angry,0,angry,0,0.2827,True
angry_00101.png,angry,0,neutral,6,0.0837,False
angry_00102.png,angry,0,angry,0,0.5415,True
angry_00103.png,angry,0,disgust,1,0.4281,True
angry_00104.png,angry,0,angry,0,0.4961,True
angry_00105.png,angry,0,sad,4,0.1625,False
angry_00106.png,angry,0,angry,0,0.3582,True
angry_00107.png,angry,0,neutral,6,0.1497,False
angry_00108.png,angry,0,fear,2,0.1204,False
angry_00109.png,angry,0,angry,0,0.7809,True
angry_00110.png,angry,0,neutral,6,0.021,False
angry_00111.png,angry,0,angry,0,0.4615,True
angry_00112.png,angry,0,neutral,6,0.098,False
angry_00113.png,angry,0,angry,0,0.6055,True
angry_00114.png,angry,0,happy,3,0.059,False
angry_00115.png,angry,0,angry,0,0.7353,True
angry_00116.png,angry,0,surprise,5,0.0398,False
angry_00117.png,angry,0,sad,4,0.0987,False
angry_00118.png,angry,0,angry,0,0.3619,True
angry_00119.png,angry,0,angry,0,0.7184,True
angry_00120.png,angry,0,sad,4,0.2776,True
angry_00121.png,angry,0,angry,0,0.3729,True
angry_00122.png,angry,0,neutral,6,0.3094,True
angry_00123.png,angry,0,neutral,6,0.2161,False
angry_00124.png,angry,0,angry,0,0.4001,True
angry_00125.png,angry,0,neutral,6,0.0533,False
angry_00126.png,angry,0,angry,0,0.6767,True
angry_00127.png,angry,0,neutral,6,0.33,True
angry_00128.png,angry,0,angry,0,0.3023,True
angry_00129.png,angry,0,fear,2,0.2237,False
angry_00130.png,angry,0,angry,0,0.2372,True
angry_00131.png,angry,0,neutral,6,0.2302,False
angry_00132.png,angry,0,angry,0,0.55,True
angry_00133.png,angry,0,angry,0,0.2618,True
angry_00134.png,angry,0,neutral,6,0.2216,False
angry_00135.png,angry,0,angry,0,0.4268,True
angry_00136.png,angry,0,angry,0,0.4838,True
angry_00137.png,angry,0,neutral,6,0.0379,False
angry_00138.png,angry,0,angry,0,0.4998,True
angry_00139.png,angry,0,neutral,6,0.3127,True
angry_00140.png,angry,0,neutral,6,0.1632,False
angry_00141.png,angry,0,fear,2,0.0512,False
angry_00142.png,angry,0,neutral,6,0.1738,False
angry_00143.png,angry,0,angry,0,0.7756,True
angry_00144.png,angry,0,fear,2,0.1061,False
angry_00145.png,angry,0,fear,2,0.0473,False
angry_00146.png,angry,0,angry,0,0.7648,True
angry_00147.png,angry,0,neutral,6,0.0294,False
angry_00148.png,angry,0,angry,0,0.439,True
angry_00149.png,angry,0,angry,0,0.438,True
angry_00150.png,angry,0,angry,0,0.6802,True
angry_00151.png,angry,0,angry,0,0.7038,True
angry_00152.png,angry,0,fear,2,0.142,False
angry_00153.png,angry,0,disgust,1,0.0157,False
angry_00154.png,angry,0,neutral,6,0.1915,False
angry_00155.png,angry,0,neutral,6,0.2725,True
angry_00156.png,angry,0,neutral,6,0.2791,True
angry_00157.png,angry,0,disgust,1,0.2512,True
angry_00158.png,angry,0,neutral,6,0.0631,False
angry_00159.png,angry,0,angry,0,0.4924,True
angry_00160.png,angry,0,angry,0,0.5974,True
angry_00161.png,angry,0,angry,0,0.6852,True
angry_00162.png,angry,0,neutral,6,0.0598,False
angry_00163.png,angry,0,angry,0,0.4042,True
angry_00164.png,angry,0,neutral,6,0.2453,False
angry_00165.png,angry,0,angry,0,0.9308,True
angry_00166.png,angry,0,fear,2,0.2842,True
angry_00167.png,angry,0,angry,0,0.5991,True
angry_00168.png,angry,0,neutral,6,0.3078,True
angry_00169.png,angry,0,angry,0,0.9152,True
angry_00170.png,angry,0,neutral,6,0.064,False
angry_00171.png,angry,0,disgust,1,0.0708,False
angry_00172.png,angry,0,disgust,1,0.3375,True
angry_00173.png,angry,0,neutral,6,0.1881,False
angry_00174.png,angry,0,angry,0,0.5008,True
angry_00175.png,angry,0,angry,0,0.3787,True
angry_00176.png,angry,0,neutral,6,0.0975,False
angry_00177.png,angry,0,neutral,6,0.1113,False
angry_00178.png,angry,0,angry,0,0.4402,True
angry_00179.png,angry,0,neutral,6,0.3006,True
angry_00180.png,angry,0,neutral,6,0.1731,False
angry_00181.png,angry,0,angry,0,0.4278,True
angry_00182.png,angry,0,sad,4,0.1803,False
angry_00183.png,angry,0,fear,2,0.2034,False
angry_00184.png,angry,0,angry,0,0.7615,True
angry_00185.png,angry,0,angry,0,0.4325,True
angry_00186.png,angry,0,neutral,6,0.0976,False
angry_00187.png,angry,0,sad,4,0.0872,False
angry_00188.png,angry,0,angry,0,0.8396,True
angry_00189.png,angry,0,neutral,6,0.1628,False
angry_00190.png,angry,0,neutral,6,0.1039,False
angry_00191.png,angry,0,angry,0,0.4047,True
angry_00192.png,angry,0,neutral,6,0.1529,False
angry_00193.png,angry,0,sad,4,0.2296,False
angry_00194.png,angry,0,angry,0,0.6068,True
angry_00195.png,angry,0,angry,0,0.5294,True
angry_00196.png,angry,0,angry,0,0.5804,True
angry_00197.png,angry,0,neutral,6,0.0898,False
angry_00198.png,angry,0,angry,0,0.3573,True
angry_00199.png,angry,0,angry,0,0.659,True
angry_00200.png,angry,0,angry,0,0.5156,True
angry_00201.png,angry,0,angry,0,0.7076,True
angry_00202.png,angry,0,neutral,6,0.1286,False
angry_00203.png,angry,0,neutral,6,0.1705,False
angry_00204.png,angry,0,angry,0,0.3303,True
angry_00205.png,angry,0,neutral,6,0.2302,False
angry_00206.png,angry,0,angry,0,0.4574,True
angry_00207.png,angry,0,fear,2,0.0835,False
angry_00208.png,angry,0,neutral,6,0.0815,False
angry_00209.png,angry,0,angry,0,0.4285,True
angry_00210.png,angry,0,angry,0,0.6122,True
angry_00211.png,angry,0,fear,2,0.228,False
angry_00212.png,angry,0,neutral,6,0.2809,True
angry_00213.png,angry,0,neutral,6,0.0526,False
angry_00214.png,angry,0,angry,0,0.8057,True
angry_00215.png,angry,0,neutral,6,0.2598,True
angry_00216.png,angry,0,neutral,6,0.0487,False
angry_00217.png,angry,0,angry,0,0.4876,True
angry_00218.png,angry,0,angry,0,0.7229,True
angry_00219.png,angry,0,angry,0,0.5476,True
angry_00220.png,angry,0,angry,0,0.4353,True
angry_00221.png,angry,0,angry,0,0.4024,True
angry_00222.png,angry,0,neutral,6,0.1151,False
angry_00223.png,angry,0,angry,0,0.4195,True
angry_00224.png,angry,0,neutral,6,0.0743,False
angry_00225.png,angry,0,angry,0,0.3653,True
angry_00226.png,angry,0,angry,0,0.4062,True
angry_00227.png,angry,0,angry,0,0.7166,True
angry_00228.png,angry,0,neutral,6,0.0386,False
angry_00229.png,angry,0,angry,0,0.6716,True
angry_00230.png,angry,0,neutral,6,0.2356,False
angry_00231.png,angry,0,angry,0,0.8074,True
angry_00232.png,angry,0,neutral,6,0.402,True
angry_00234.png,angry,0,angry,0,0.466,True
angry_00235.png,angry,0,neutral,6,0.0742,False
angry_00236.png,angry,0,angry,0,0.5296,True
angry_00237.png,angry,0,neutral,6,0.2178,False
angry_00238.png,angry,0,neutral,6,0.2114,False
angry_00239.png,angry,0,angry,0,0.6451,True
angry_00240.png,angry,0,neutral,6,0.3405,True
angry_00241.png,angry,0,angry,0,0.728,True
angry_00242.png,angry,0,disgust,1,0.0731,False
angry_00243.png,angry,0,angry,0,0.6699,True
angry_00244.png,angry,0,neutral,6,0.218,False
angry_00245.png,angry,0,neutral,6,0.1987,False
angry_00246.png,angry,0,happy,3,0.1187,False
angry_00247.png,angry,0,angry,0,0.6308,True
angry_00248.png,angry,0,neutral,6,0.0952,False
angry_00249.png,angry,0,neutral,6,0.1182,False
angry_00250.png,angry,0,neutral,6,0.1532,False
angry_00251.png,angry,0,neutral,6,0.0479,False
angry_00252.png,angry,0,angry,0,0.8181,True
angry_00253.png,angry,0,neutral,6,0.2598,True
angry_00254.png,angry,0,neutral,6,0.2334,False
angry_00255.png,angry,0,happy,3,0.3016,True
angry_00256.png,angry,0,angry,0,0.4371,True
angry_00257.png,angry,0,happy,3,0.0228,False
angry_00258.png,angry,0,neutral,6,0.2287,False
angry_00259.png,angry,0,disgust,1,0.0362,False
angry_00260.png,angry,0,neutral,6,0.1894,False
angry_00261.png,angry,0,neutral,6,0.1023,False
angry_00262.png,angry,0,angry,0,0.535,True
angry_00263.png,angry,0,sad,4,0.1463,False
angry_00264.png,angry,0,neutral,6,0.1289,False
angry_00265.png,angry,0,happy,3,0.1781,False
angry_00266.png,angry,0,neutral,6,0.2783,True
angry_00267.png,angry,0,angry,0,0.6369,True
angry_00268.png,angry,0,neutral,6,0.2129,False
angry_00269.png,angry,0,neutral,6,0.0787,False
angry_00270.png,angry,0,neutral,6,0.2507,True
angry_00271.png,angry,0,neutral,6,0.1511,False
angry_00272.png,angry,0,angry,0,0.5266,True
angry_00273.png,angry,0,surprise,5,0.0961,False
angry_00274.png,angry,0,angry,0,0.6089,True
angry_00275.png,angry,0,neutral,6,0.0535,False
angry_00276.png,angry,0,angry,0,0.6688,True
angry_00277.png,angry,0,angry,0,0.7516,True
angry_00278.png,angry,0,neutral,6,0.3382,True
angry_00279.png,angry,0,neutral,6,0.1251,False
angry_00280.png,angry,0,fear,2,0.1638,False
angry_00281.png,angry,0,neutral,6,0.2993,True
angry_00282.png,angry,0,fear,2,0.1498,False
angry_00283.png,angry,0,sad,4,0.1155,False
angry_00284.png,angry,0,neutral,6,0.3056,True
angry_00285.png,angry,0,neutral,6,0.1466,False
angry_00286.png,angry,0,neutral,6,0.2334,False
angry_00287.png,angry,0,neutral,6,0.1977,False
angry_00288.png,angry,0,fear,2,0.2905,True
angry_00289.png,angry,0,angry,0,0.4277,True
angry_00290.png,angry,0,angry,0,0.5291,True
angry_00291.png,angry,0,neutral,6,0.2898,True
angry_00292.png,angry,0,angry,0,0.5411,True
angry_00293.png,angry,0,angry,0,0.5044,True
angry_00294.png,angry,0,angry,0,0.4357,True
angry_00295.png,angry,0,neutral,6,0.1052,False
angry_00296.png,angry,0,angry,0,0.5647,True
angry_00297.png,angry,0,angry,0,0.5525,True
angry_00298.png,angry,0,angry,0,0.8059,True
angry_00299.png,angry,0,neutral,6,0.1375,False
angry_00300.png,angry,0,neutral,6,0.2415,False
angry_00301.png,angry,0,neutral,6,0.2359,False
angry_00302.png,angry,0,sad,4,0.0922,False
angry_00303.png,angry,0,neutral,6,0.0558,False
angry_00304.png,angry,0,neutral,6,0.1504,False
angry_00305.png,angry,0,neutral,6,0.1122,False
angry_00306.png,angry,0,sad,4,0.1122,False
angry_00307.png,angry,0,angry,0,0.6447,True
angry_00308.png,angry,0,surprise,5,0.1661,False
angry_00309.png,angry,0,neutral,6,0.27,True
angry_00310.png,angry,0,neutral,6,0.3344,True
angry_00311.png,angry,0,angry,0,0.5613,True
angry_00312.png,angry,0,neutral,6,0.2621,True
angry_00313.png,angry,0,angry,0,0.4575,True
angry_00314.png,angry,0,angry,0,0.4041,True
angry_00315.png,angry,0,happy,3,0.3005,True
angry_00316.png,angry,0,happy,3,0.0335,False
angry_00317.png,angry,0,neutral,6,0.2253,False
angry_00318.png,angry,0,neutral,6,0.2166,False
angry_00319.png,angry,0,neutral,6,0.2516,True
angry_00320.png,angry,0,angry,0,0.7349,True
angry_00321.png,angry,0,angry,0,0.4826,True
angry_00322.png,angry,0,angry,0,0.6268,True
angry_00323.png,angry,0,neutral,6,0.1344,False
angry_00324.png,angry,0,angry,0,0.5194,True
angry_00325.png,angry,0,sad,4,0.2123,False
angry_00326.png,angry,0,angry,0,0.5467,True
angry_00327.png,angry,0,neutral,6,0.1564,False
angry_00328.png,angry,0,neutral,6,0.0637,False
angry_00329.png,angry,0,angry,0,0.5425,True
angry_00330.png,angry,0,angry,0,0.5067,True
angry_00331.png,angry,0,angry,0,0.3342,True
angry_00332.png,angry,0,angry,0,0.4278,True
angry_00333.png,angry,0,angry,0,0.5456,True
angry_00334.png,angry,0,angry,0,0.5886,True
angry_00335.png,angry,0,fear,2,0.4712,True
angry_00336.png,angry,0,neutral,6,0.1659,False
angry_00337.png,angry,0,neutral,6,0.3369,True
angry_00338.png,angry,0,angry,0,0.6084,True
angry_00339.png,angry,0,neutral,6,0.2065,False
angry_00340.png,angry,0,angry,0,0.3304,True
angry_00341.png,angry,0,neutral,6,0.184,False
angry_00342.png,angry,0,angry,0,0.4742,True
angry_00343.png,angry,0,angry,0,0.5148,True
angry_00344.png,angry,0,neutral,6,0.0506,False
angry_00345.png,angry,0,angry,0,0.2797,True
angry_00346.png,angry,0,neutral,6,0.0507,False
angry_00347.png,angry,0,angry,0,0.3903,True
angry_00348.png,angry,0,angry,0,0.5641,True
angry_00349.png,angry,0,neutral,6,0.2254,False
angry_00350.png,angry,0,sad,4,0.1914,False
angry_00351.png,angry,0,neutral,6,0.2346,False
angry_00352.png,angry,0,angry,0,0.3941,True
angry_00353.png,angry,0,angry,0,0.5858,True
angry_00354.png,angry,0,neutral,6,0.1231,False
angry_00355.png,angry,0,neutral,6,0.0841,False
angry_00356.png,angry,0,surprise,5,0.0739,False
angry_00357.png,angry,0,sad,4,0.2528,True
angry_00358.png,angry,0,neutral,6,0.1128,False
angry_00359.png,angry,0,happy,3,0.0334,False
angry_00360.png,angry,0,angry,0,0.3881,True
angry_00361.png,angry,0,angry,0,0.5969,True
angry_00362.png,angry,0,disgust,1,0.2374,False
angry_00363.png,angry,0,disgust,1,0.1543,False
angry_00364.png,angry,0,angry,0,0.547,True
angry_00365.png,angry,0,neutral,6,0.1207,False
angry_00366.png,angry,0,neutral,6,0.1955,False
angry_00367.png,angry,0,neutral,6,0.2412,False
angry_00368.png,angry,0,angry,0,0.4868,True
angry_00369.png,angry,0,neutral,6,0.2291,False
angry_00370.png,angry,0,neutral,6,0.1894,False
angry_00371.png,angry,0,neutral,6,0.0272,False
angry_00372.png,angry,0,neutral,6,0.3118,True
angry_00373.png,angry,0,angry,0,0.3917,True
angry_00374.png,angry,0,angry,0,0.5218,True
angry_00375.png,angry,0,sad,4,0.2012,False
angry_00376.png,angry,0,angry,0,0.423,True
angry_00377.png,angry,0,sad,4,0.1538,False
angry_00378.png,angry,0,neutral,6,0.0585,False
angry_00379.png,angry,0,happy,3,0.0903,False
angry_00380.png,angry,0,neutral,6,0.2596,True
angry_00381.png,angry,0,angry,0,0.5085,True
angry_00382.png,angry,0,neutral,6,0.212,False
angry_00383.png,angry,0,neutral,6,0.1702,False
angry_00384.png,angry,0,neutral,6,0.1771,False
angry_00385.png,angry,0,fear,2,0.0314,False
angry_00386.png,angry,0,surprise,5,0.0191,False
angry_00387.png,angry,0,angry,0,0.4346,True
angry_00388.png,angry,0,neutral,6,0.0905,False
angry_00389.png,angry,0,angry,0,0.7762,True
angry_00390.png,angry,0,neutral,6,0.1245,False
angry_00391.png,angry,0,neutral,6,0.335,True
angry_00392.png,angry,0,neutral,6,0.1428,False
angry_00393.png,angry,0,angry,0,0.6903,True
angry_00394.png,angry,0,neutral,6,0.272,True
angry_00395.png,angry,0,angry,0,0.5266,True
angry_00396.png,angry,0,neutral,6,0.2605,True
angry_00397.png,angry,0,angry,0,0.7552,True
angry_00398.png,angry,0,fear,2,0.1818,False
angry_00399.png,angry,0,angry,0,0.4241,True
angry_00400.png,angry,0,angry,0,0.9377,True
angry_00401.png,angry,0,angry,0,0.6719,True
angry_00402.png,angry,0,disgust,1,0.1537,False
angry_00403.png,angry,0,neutral,6,0.1946,False
angry_00404.png,angry,0,angry,0,0.4727,True
angry_00405.png,angry,0,surprise,5,0.177,False
angry_00406.png,angry,0,neutral,6,0.1105,False
angry_00407.png,angry,0,neutral,6,0.0598,False
angry_00408.png,angry,0,angry,0,0.7554,True
angry_00409.png,angry,0,surprise,5,0.2123,False
angry_00410.png,angry,0,neutral,6,0.3479,True
angry_00411.png,angry,0,neutral,6,0.0437,False
angry_00412.png,angry,0,neutral,6,0.2565,True
angry_00413.png,angry,0,disgust,1,0.0597,False
angry_00414.png,angry,0,sad,4,0.1467,False
angry_00415.png,angry,0,surprise,5,0.3361,True
angry_00416.png,angry,0,happy,3,0.0202,False
angry_00417.png,angry,0,neutral,6,0.1855,False
angry_00418.png,angry,0,surprise,5,0.2334,False
angry_00419.png,angry,0,neutral,6,0.0457,False
angry_00420.png,angry,0,angry,0,0.7178,True
angry_00421.png,angry,0,neutral,6,0.0341,False
angry_00422.png,angry,0,angry,0,0.4328,True
angry_00423.png,angry,0,angry,0,0.5863,True
angry_00424.png,angry,0,angry,0,0.2793,True
angry_00425.png,angry,0,neutral,6,0.0511,False
angry_00426.png,angry,0,neutral,6,0.0609,False
angry_00427.png,angry,0,neutral,6,0.0481,False
angry_00428.png,angry,0,neutral,6,0.3125,True
angry_00429.png,angry,0,angry,0,0.5147,True
angry_00430.png,angry,0,neutral,6,0.1071,False
angry_00431.png,angry,0,neutral,6,0.1557,False
angry_00432.png,angry,0,neutral,6,0.2946,True
angry_00433.png,angry,0,angry,0,0.335,True
angry_00434.png,angry,0,neutral,6,0.1787,False
angry_00435.png,angry,0,neutral,6,0.2346,False
angry_00436.png,angry,0,neutral,6,0.3581,True
angry_00437.png,angry,0,neutral,6,0.2982,True
angry_00438.png,angry,0,neutral,6,0.0517,False
angry_00439.png,angry,0,angry,0,0.3685,True
angry_00440.png,angry,0,angry,0,0.4743,True
angry_00441.png,angry,0,angry,0,0.3078,True
angry_00442.png,angry,0,angry,0,0.441,True
angry_00444.png,angry,0,happy,3,0.0184,False
angry_00445.png,angry,0,neutral,6,0.2429,False
angry_00446.png,angry,0,surprise,5,0.2096,False
angry_00447.png,angry,0,angry,0,0.3965,True
angry_00448.png,angry,0,neutral,6,0.1578,False
angry_00449.png,angry,0,neutral,6,0.2245,False
angry_00450.png,angry,0,angry,0,0.7677,True
angry_00451.png,angry,0,angry,0,0.5662,True
angry_00452.png,angry,0,neutral,6,0.0427,False
angry_00453.png,angry,0,angry,0,0.5636,True
angry_00454.png,angry,0,angry,0,0.4302,True
angry_00455.png,angry,0,neutral,6,0.0751,False
angry_00456.png,angry,0,disgust,1,0.092,False
angry_00457.png,angry,0,neutral,6,0.173,False
angry_00458.png,angry,0,angry,0,0.5233,True
angry_00459.png,angry,0,angry,0,0.3311,True
angry_00460.png,angry,0,neutral,6,0.0565,False
angry_00461.png,angry,0,neutral,6,0.1772,False
angry_00462.png,angry,0,angry,0,0.3926,True
angry_00463.png,angry,0,neutral,6,0.0618,False
angry_00464.png,angry,0,angry,0,0.465,True
angry_00465.png,angry,0,angry,0,0.41,True
angry_00466.png,angry,0,neutral,6,0.2888,True
angry_00467.png,angry,0,neutral,6,0.1238,False
angry_00468.png,angry,0,neutral,6,0.3612,True
angry_00469.png,angry,0,angry,0,0.7743,True
angry_00470.png,angry,0,angry,0,0.4235,True
angry_00471.png,angry,0,angry,0,0.7515,True
angry_00472.png,angry,0,angry,0,0.4006,True
angry_00473.png,angry,0,angry,0,0.5287,True
angry_00474.png,angry,0,neutral,6,0.0768,False
angry_00475.png,angry,0,neutral,6,0.2212,False
angry_00476.png,angry,0,neutral,6,0.086,False
angry_00477.png,angry,0,neutral,6,0.2348,False
angry_00478.png,angry,0,neutral,6,0.0553,False
angry_00479.png,angry,0,surprise,5,0.1302,False
angry_00480.png,angry,0,sad,4,0.1597,False
angry_00481.png,angry,0,neutral,6,0.2741,True
angry_00482.png,angry,0,angry,0,0.467,True
angry_00483.png,angry,0,disgust,1,0.206,False
angry_00484.png,angry,0,neutral,6,0.1484,False
angry_00485.png,angry,0,angry,0,0.7021,True
angry_00486.png,angry,0,angry,0,0.5105,True
angry_00487.png,angry,0,neutral,6,0.1054,False
angry_00488.png,angry,0,fear,2,0.2398,False
angry_00489.png,angry,0,neutral,6,0.0575,False
angry_00490.png,angry,0,neutral,6,0.1472,False
angry_00491.png,angry,0,angry,0,0.4453,True
angry_00492.png,angry,0,angry,0,0.8358,True
angry_00493.png,angry,0,neutral,6,0.2375,False
angry_00494.png,angry,0,angry,0,0.3954,True
angry_00495.png,angry,0,neutral,6,0.2559,True
angry_00496.png,angry,0,neutral,6,0.224,False
angry_00497.png,angry,0,angry,0,0.4797,True
angry_00498.png,angry,0,neutral,6,0.1722,False
angry_00499.png,angry,0,neutral,6,0.2633,True
angry_00500.png,angry,0,angry,0,0.7033,True
angry_00501.png,angry,0,neutral,6,0.1106,False
angry_00502.png,angry,0,neutral,6,0.104,False
angry_00503.png,angry,0,angry,0,0.86,True
angry_00504.png,angry,0,fear,2,0.2796,True
angry_00505.png,angry,0,neutral,6,0.1861,False
angry_00506.png,angry,0,neutral,6,0.047,False
angry_00507.png,angry,0,neutral,6,0.0637,False
angry_00508.png,angry,0,neutral,6,0.1732,False
angry_00509.png,angry,0,neutral,6,0.1531,False
angry_00510.png,angry,0,angry,0,0.5981,True
angry_00511.png,angry,0,neutral,6,0.2597,True
angry_00512.png,angry,0,angry,0,0.7147,True
angry_00513.png,angry,0,disgust,1,0.0705,False
angry_00514.png,angry,0,neutral,6,0.1947,False
angry_00515.png,angry,0,angry,0,0.8934,True
angry_00516.png,angry,0,angry,0,0.595,True
angry_00517.png,angry,0,neutral,6,0.0748,False
angry_00518.png,angry,0,angry,0,0.4516,True
angry_00519.png,angry,0,angry,0,0.7495,True
angry_00520.png,angry,0,angry,0,0.5804,True
angry_00521.png,angry,0,angry,0,0.4992,True
angry_00522.png,angry,0,neutral,6,0.1513,False
angry_00523.png,angry,0,angry,0,0.5443,True
angry_00524.png,angry,0,neutral,6,0.0436,False
angry_00525.png,angry,0,fear,2,0.1098,False
angry_00526.png,angry,0,neutral,6,0.1015,False
angry_00527.png,angry,0,angry,0,0.4214,True
angry_00528.png,angry,0,neutral,6,0.2555,True
angry_00529.png,angry,0,surprise,5,0.0635,False
angry_00530.png,angry,0,angry,0,0.5991,True
angry_00531.png,angry,0,angry,0,0.3483,True
angry_00532.png,angry,0,neutral,6,0.2147,False
angry_00533.png,angry,0,neutral,6,0.2147,False
angry_00534.png,angry,0,angry,0,0.5239,True
angry_00535.png,angry,0,neutral,6,0.0976,False
angry_00536.png,angry,0,angry,0,0.5801,True
angry_00537.png,angry,0,angry,0,0.4795,True
angry_00538.png,angry,0,surprise,5,0.1353,False
angry_00539.png,angry,0,neutral,6,0.1122,False
angry_00540.png,angry,0,neutral,6,0.1285,False
angry_00541.png,angry,0,angry,0,0.3465,True
angry_00542.png,angry,0,angry,0,0.6242,True
angry_00543.png,angry,0,angry,0,0.6901,True
angry_00544.png,angry,0,angry,0,0.4258,True
angry_00545.png,angry,0,angry,0,0.5964,True
angry_00546.png,angry,0,fear,2,0.3485,True
angry_00547.png,angry,0,angry,0,0.5796,True
angry_00548.png,angry,0,angry,0,0.7433,True
angry_00549.png,angry,0,neutral,6,0.3038,True
angry_00550.png,angry,0,angry,0,0.523,True
angry_00551.png,angry,0,angry,0,0.3723,True
angry_00552.png,angry,0,neutral,6,0.0999,False
angry_00553.png,angry,0,angry,0,0.6908,True
angry_00554.png,angry,0,fear,2,0.1325,False
angry_00555.png,angry,0,angry,0,0.4551,True
angry_00556.png,angry,0,angry,0,0.5107,True
angry_00557.png,angry,0,angry,0,0.2866,True
angry_00558.png,angry,0,neutral,6,0.0922,False
angry_00559.png,angry,0,neutral,6,0.0775,False
angry_00560.png,angry,0,neutral,6,0.1361,False
angry_00561.png,angry,0,neutral,6,0.2492,False
angry_00562.png,angry,0,neutral,6,0.3047,True
angry_00563.png,angry,0,neutral,6,0.0241,False
angry_00564.png,angry,0,neutral,6,0.1333,False
angry_00565.png,angry,0,fear,2,0.1674,False
angry_00566.png,angry,0,angry,0,0.2877,True
angry_00567.png,angry,0,neutral,6,0.0674,False
angry_00568.png,angry,0,angry,0,0.5422,True
angry_00569.png,angry,0,neutral,6,0.219,False
angry_00570.png,angry,0,neutral,6,0.0626,False
angry_00571.png,angry,0,angry,0,0.6045,True
angry_00572.png,angry,0,neutral,6,0.2889,True
angry_00573.png,angry,0,sad,4,0.218,False
angry_00574.png,angry,0,neutral,6,0.1704,False
angry_00575.png,angry,0,angry,0,0.9535,True
angry_00576.png,angry,0,angry,0,0.4945,True
angry_00577.png,angry,0,surprise,5,0.1804,False
angry_00578.png,angry,0,angry,0,0.9166,True
angry_00579.png,angry,0,angry,0,0.8134,True
angry_00580.png,angry,0,angry,0,0.4503,True
angry_00581.png,angry,0,neutral,6,0.0591,False
angry_00582.png,angry,0,happy,3,0.0346,False
angry_00583.png,angry,0,angry,0,0.5372,True
angry_00584.png,angry,0,angry,0,0.3532,True
angry_00585.png,angry,0,neutral,6,0.0504,False
angry_00586.png,angry,0,neutral,6,0.0864,False
angry_00587.png,angry,0,surprise,5,0.2775,True
angry_00588.png,angry,0,neutral,6,0.2826,True
angry_00589.png,angry,0,neutral,6,0.2145,False
angry_00590.png,angry,0,surprise,5,0.282,True
angry_00591.png,angry,0,neutral,6,0.0651,False
angry_00592.png,angry,0,angry,0,0.5605,True
angry_00593.png,angry,0,fear,2,0.3453,True
angry_00594.png,angry,0,sad,4,0.1342,False
angry_00595.png,angry,0,neutral,6,0.1452,False
angry_00596.png,angry,0,angry,0,0.4229,True
angry_00597.png,angry,0,neutral,6,0.0827,False
angry_00598.png,angry,0,neutral,6,0.0616,False
angry_00599.png,angry,0,angry,0,0.4416,True
angry_00600.png,angry,0,neutral,6,0.2536,True
angry_00601.png,angry,0,angry,0,0.3429,True
angry_00602.png,angry,0,angry,0,0.5026,True
angry_00603.png,angry,0,angry,0,0.3822,True
angry_00604.png,angry,0,neutral,6,0.0672,False
angry_00605.png,angry,0,angry,0,0.3534,True
angry_00606.png,angry,0,angry,0,0.683,True
angry_00607.png,angry,0,angry,0,0.5458,True
angry_00608.png,angry,0,angry,0,0.5718,True
angry_00609.png,angry,0,neutral,6,0.1443,False
angry_00610.png,angry,0,happy,3,0.0446,False
angry_00611.png,angry,0,neutral,6,0.0809,False
angry_00612.png,angry,0,angry,0,0.5854,True
angry_00613.png,angry,0,neutral,6,0.1095,False
angry_00614.png,angry,0,angry,0,0.5014,True
angry_00615.png,angry,0,angry,0,0.6448,True
angry_00616.png,angry,0,angry,0,0.6916,True
angry_00617.png,angry,0,angry,0,0.8542,True
angry_00618.png,angry,0,sad,4,0.0777,False
angry_00619.png,angry,0,neutral,6,0.0897,False
angry_00620.png,angry,0,angry,0,0.5641,True
angry_00621.png,angry,0,neutral,6,0.2063,False
angry_00622.png,angry,0,angry,0,0.8797,True
angry_00623.png,angry,0,angry,0,0.6164,True
angry_00624.png,angry,0,angry,0,0.7222,True
angry_00625.png,angry,0,neutral,6,0.1662,False
angry_00626.png,angry,0,angry,0,0.4511,True
angry_00627.png,angry,0,neutral,6,0.4114,True
angry_00628.png,angry,0,neutral,6,0.2042,False
angry_00629.png,angry,0,disgust,1,0.0506,False
angry_00630.png,angry,0,angry,0,0.7534,True
angry_00631.png,angry,0,neutral,6,0.1716,False
angry_00632.png,angry,0,angry,0,0.4282,True
angry_00633.png,angry,0,angry,0,0.354,True
angry_00634.png,angry,0,neutral,6,0.0395,False
angry_00635.png,angry,0,neutral,6,0.0554,False
angry_00636.png,angry,0,neutral,6,0.0686,False
angry_00637.png,angry,0,neutral,6,0.1633,False
angry_00638.png,angry,0,neutral,6,0.1226,False
angry_00639.png,angry,0,fear,2,0.1123,False
angry_00640.png,angry,0,neutral,6,0.066,False
angry_00641.png,angry,0,neutral,6,0.1442,False
angry_00642.png,angry,0,angry,0,0.7635,True
angry_00643.png,angry,0,neutral,6,0.0837,False
angry_00644.png,angry,0,angry,0,0.7577,True
angry_00645.png,angry,0,neutral,6,0.096,False
angry_00646.png,angry,0,angry,0,0.5349,True
angry_00647.png,angry,0,neutral,6,0.2153,False
angry_00648.png,angry,0,neutral,6,0.0901,False
angry_00649.png,angry,0,angry,0,0.3434,True
angry_00650.png,angry,0,neutral,6,0.1283,False
angry_00651.png,angry,0,angry,0,0.6424,True
angry_00652.png,angry,0,angry,0,0.5048,True
angry_00653.png,angry,0,angry,0,0.5163,True
angry_00654.png,angry,0,fear,2,0.088,False
angry_00655.png,angry,0,neutral,6,0.0964,False
angry_00656.png,angry,0,neutral,6,0.1693,False
angry_00657.png,angry,0,neutral,6,0.1363,False
angry_00658.png,angry,0,angry,0,0.547,True
angry_00659.png,angry,0,neutral,6,0.0955,False
angry_00660.png,angry,0,neutral,6,0.134,False
angry_00661.png,angry,0,angry,0,0.7576,True
angry_00662.png,angry,0,neutral,6,0.0529,False
angry_00663.png,angry,0,angry,0,0.5042,True
angry_00664.png,angry,0,angry,0,0.8553,True
angry_00665.png,angry,0,angry,0,0.6305,True
angry_00666.png,angry,0,angry,0,0.6721,True
angry_00667.png,angry,0,disgust,1,0.1067,False
angry_00668.png,angry,0,neutral,6,0.1784,False
angry_00670.png,angry,0,angry,0,0.2955,True
angry_00671.png,angry,0,neutral,6,0.2547,True
angry_00672.png,angry,0,angry,0,0.642,True
angry_00673.png,angry,0,angry,0,0.4353,True
angry_00674.png,angry,0,neutral,6,0.246,False
angry_00675.png,angry,0,angry,0,0.3263,True
angry_00676.png,angry,0,neutral,6,0.1765,False
angry_00677.png,angry,0,fear,2,0.0376,False
angry_00678.png,angry,0,angry,0,0.4731,True
angry_00679.png,angry,0,neutral,6,0.1525,False
angry_00680.png,angry,0,neutral,6,0.0283,False
angry_00681.png,angry,0,neutral,6,0.1356,False
angry_00682.png,angry,0,angry,0,0.5098,True
angry_00683.png,angry,0,fear,2,0.0752,False
angry_00684.png,angry,0,neutral,6,0.1442,False
angry_00685.png,angry,0,angry,0,0.5458,True
angry_00686.png,angry,0,angry,0,0.8596,True
angry_00687.png,angry,0,angry,0,0.3354,True
angry_00688.png,angry,0,sad,4,0.0948,False
angry_00689.png,angry,0,neutral,6,0.1613,False
angry_00690.png,angry,0,neutral,6,0.1168,False
angry_00691.png,angry,0,neutral,6,0.214,False
angry_00692.png,angry,0,happy,3,0.1008,False
angry_00693.png,angry,0,neutral,6,0.2772,True
angry_00694.png,angry,0,angry,0,0.6544,True
angry_00695.png,angry,0,neutral,6,0.1242,False
angry_00696.png,angry,0,happy,3,0.0807,False
angry_00697.png,angry,0,angry,0,0.6843,True
angry_00698.png,angry,0,neutral,6,0.1896,False
angry_00699.png,angry,0,angry,0,0.587,True
angry_00700.png,angry,0,neutral,6,0.1965,False
angry_00701.png,angry,0,neutral,6,0.0974,False
angry_00702.png,angry,0,neutral,6,0.1696,False
angry_00703.png,angry,0,disgust,1,0.1911,False
angry_00704.png,angry,0,angry,0,0.3921,True
angry_00705.png,angry,0,angry,0,0.352,True
angry_00706.png,angry,0,neutral,6,0.1929,False
angry_00707.png,angry,0,angry,0,0.6417,True
angry_00708.png,angry,0,neutral,6,0.0778,False
angry_00709.png,angry,0,angry,0,0.7197,True
angry_00710.png,angry,0,neutral,6,0.0367,False
angry_00711.png,angry,0,happy,3,0.0912,False
angry_00712.png,angry,0,angry,0,0.5487,True
angry_00713.png,angry,0,surprise,5,0.2498,False
angry_00714.png,angry,0,angry,0,0.5996,True
angry_00715.png,angry,0,angry,0,0.7547,True
angry_00716.png,angry,0,angry,0,0.2654,True
angry_00717.png,angry,0,angry,0,0.3699,True
angry_00718.png,angry,0,angry,0,0.4719,True
angry_00719.png,angry,0,angry,0,0.4687,True
angry_00720.png,angry,0,neutral,6,0.1013,False
angry_00721.png,angry,0,angry,0,0.6621,True
angry_00722.png,angry,0,angry,0,0.2848,True
angry_00723.png,angry,0,neutral,6,0.2352,False
angry_00724.png,angry,0,surprise,5,0.1957,False
angry_00725.png,angry,0,happy,3,0.1768,False
angry_00726.png,angry,0,angry,0,0.3549,True
angry_00727.png,angry,0,angry,0,0.5964,True
angry_00728.png,angry,0,angry,0,0.338,True
angry_00729.png,angry,0,neutral,6,0.2567,True
angry_00730.png,angry,0,angry,0,0.364,True
angry_00731.png,angry,0,angry,0,0.7637,True
angry_00732.png,angry,0,surprise,5,0.0425,False
angry_00733.png,angry,0,disgust,1,0.0094,False
angry_00734.png,angry,0,disgust,1,0.1077,False
angry_00735.png,angry,0,neutral,6,0.0297,False
angry_00736.png,angry,0,neutral,6,0.1041,False
angry_00737.png,angry,0,angry,0,0.5064,True
angry_00738.png,angry,0,neutral,6,0.1953,False
angry_00739.png,angry,0,angry,0,0.3237,True
angry_00740.png,angry,0,angry,0,0.8759,True
angry_00741.png,angry,0,angry,0,0.8138,True
angry_00742.png,angry,0,sad,4,0.2809,True
angry_00743.png,angry,0,neutral,6,0.0623,False
angry_00744.png,angry,0,fear,2,0.0814,False
angry_00745.png,angry,0,angry,0,0.423,True
angry_00746.png,angry,0,neutral,6,0.0393,False
angry_00747.png,angry,0,neutral,6,0.1542,False
angry_00748.png,angry,0,angry,0,0.325,True
angry_00749.png,angry,0,angry,0,0.7184,True
angry_00750.png,angry,0,angry,0,0.7509,True
angry_00751.png,angry,0,angry,0,0.8647,True
angry_00752.png,angry,0,fear,2,0.3206,True
angry_00753.png,angry,0,neutral,6,0.0594,False
angry_00754.png,angry,0,angry,0,0.6897,True
angry_00755.png,angry,0,neutral,6,0.036,False
angry_00756.png,angry,0,angry,0,0.3598,True
angry_00757.png,angry,0,angry,0,0.4567,True
angry_00758.png,angry,0,disgust,1,0.0184,False
angry_00759.png,angry,0,fear,2,0.1392,False
angry_00760.png,angry,0,angry,0,0.3053,True
angry_00761.png,angry,0,neutral,6,0.1604,False
angry_00762.png,angry,0,angry,0,0.3436,True
angry_00763.png,angry,0,neutral,6,0.3213,True
angry_00764.png,angry,0,sad,4,0.0974,False
angry_00765.png,angry,0,happy,3,0.2056,False
angry_00766.png,angry,0,neutral,6,0.0897,False
angry_00767.png,angry,0,fear,2,0.3437,True
angry_00768.png,angry,0,angry,0,0.7877,True
angry_00769.png,angry,0,neutral,6,0.0768,False
angry_00770.png,angry,0,angry,0,0.8623,True
angry_00771.png,angry,0,fear,2,0.0852,False
angry_00772.png,angry,0,disgust,1,0.2239,False
angry_00773.png,angry,0,neutral,6,0.2296,False
angry_00774.png,angry,0,angry,0,0.765,True
angry_00775.png,angry,0,neutral,6,0.1139,False
angry_00776.png,angry,0,neutral,6,0.0269,False
angry_00777.png,angry,0,angry,0,0.3403,True
angry_00778.png,angry,0,angry,0,0.5261,True
angry_00779.png,angry,0,angry,0,0.3487,True
angry_00780.png,angry,0,angry,0,0.6155,True
angry_00781.png,angry,0,neutral,6,0.2827,True
angry_00782.png,angry,0,angry,0,0.6647,True
angry_00783.png,angry,0,angry,0,0.8062,True
angry_00784.png,angry,0,angry,0,0.8533,True
angry_00785.png,angry,0,neutral,6,0.2912,True
angry_00786.png,angry,0,angry,0,0.493,True
angry_00787.png,angry,0,neutral,6,0.06,False
angry_00788.png,angry,0,angry,0,0.3328,True
angry_00789.png,angry,0,neutral,6,0.0471,False
angry_00790.png,angry,0,neutral,6,0.2514,True
angry_00791.png,angry,0,neutral,6,0.0823,False
angry_00792.png,angry,0,angry,0,0.2538,True
angry_00793.png,angry,0,disgust,1,0.1004,False
angry_00794.png,angry,0,angry,0,0.6194,True
angry_00795.png,angry,0,fear,2,0.1338,False
angry_00796.png,angry,0,sad,4,0.2125,False
angry_00797.png,angry,0,angry,0,0.7975,True
angry_00798.png,angry,0,angry,0,0.323,True
angry_00799.png,angry,0,angry,0,0.278,True
angry_00800.png,angry,0,angry,0,0.768,True
angry_00801.png,angry,0,neutral,6,0.1558,False
angry_00802.png,angry,0,fear,2,0.1408,False
angry_00803.png,angry,0,angry,0,0.6552,True
angry_00804.png,angry,0,neutral,6,0.2559,True
angry_00805.png,angry,0,neutral,6,0.1053,False
angry_00806.png,angry,0,neutral,6,0.1059,False
angry_00807.png,angry,0,neutral,6,0.2273,False
angry_00808.png,angry,0,neutral,6,0.0519,False
angry_00809.png,angry,0,angry,0,0.4233,True
angry_00810.png,angry,0,neutral,6,0.0923,False
angry_00811.png,angry,0,neutral,6,0.0456,False
angry_00812.png,angry,0,happy,3,0.212,False
angry_00813.png,angry,0,neutral,6,0.0752,False
angry_00814.png,angry,0,neutral,6,0.141,False
angry_00815.png,angry,0,angry,0,0.5333,True
angry_00816.png,angry,0,angry,0,0.4078,True
angry_00817.png,angry,0,angry,0,0.4617,True
angry_00818.png,angry,0,neutral,6,0.2781,True
angry_00819.png,angry,0,neutral,6,0.2199,False
angry_00820.png,angry,0,neutral,6,0.2799,True
angry_00821.png,angry,0,neutral,6,0.2824,True
angry_00822.png,angry,0,neutral,6,0.1875,False
angry_00823.png,angry,0,disgust,1,0.133,False
angry_00824.png,angry,0,disgust,1,0.074,False
angry_00825.png,angry,0,neutral,6,0.1131,False
angry_00826.png,angry,0,neutral,6,0.1101,False
angry_00827.png,angry,0,angry,0,0.4435,True
angry_00828.png,angry,0,angry,0,0.3471,True
angry_00829.png,angry,0,sad,4,0.1517,False
angry_00830.png,angry,0,angry,0,0.4399,True
angry_00831.png,angry,0,angry,0,0.3803,True
angry_00832.png,angry,0,neutral,6,0.0791,False
angry_00833.png,angry,0,disgust,1,0.1625,False
angry_00834.png,angry,0,angry,0,0.884,True
angry_00835.png,angry,0,neutral,6,0.0917,False
angry_00836.png,angry,0,neutral,6,0.1451,False
angry_00837.png,angry,0,angry,0,0.7718,True
angry_00838.png,angry,0,sad,4,0.2436,False
angry_00839.png,angry,0,neutral,6,0.0529,False
angry_00840.png,angry,0,neutral,6,0.2993,True
angry_00841.png,angry,0,angry,0,0.4285,True
angry_00842.png,angry,0,neutral,6,0.1282,False
angry_00843.png,angry,0,happy,3,0.0129,False
angry_00844.png,angry,0,neutral,6,0.1737,False
angry_00845.png,angry,0,fear,2,0.1014,False
angry_00846.png,angry,0,angry,0,0.55,True
angry_00847.png,angry,0,angry,0,0.5604,True
angry_00848.png,angry,0,neutral,6,0.0678,False
angry_00849.png,angry,0,neutral,6,0.063,False
angry_00850.png,angry,0,angry,0,0.2532,True
angry_00851.png,angry,0,neutral,6,0.1191,False
angry_00852.png,angry,0,angry,0,0.4852,True
angry_00853.png,angry,0,angry,0,0.3236,True
angry_00854.png,angry,0,angry,0,0.4514,True
angry_00855.png,angry,0,surprise,5,0.118,False
angry_00856.png,angry,0,neutral,6,0.1529,False
angry_00857.png,angry,0,neutral,6,0.2847,True
angry_00858.png,angry,0,sad,4,0.2573,True
angry_00859.png,angry,0,angry,0,0.7694,True
angry_00860.png,angry,0,angry,0,0.3726,True
angry_00861.png,angry,0,neutral,6,0.1112,False
angry_00862.png,angry,0,angry,0,0.4159,True
angry_00863.png,angry,0,neutral,6,0.2384,False
angry_00864.png,angry,0,neutral,6,0.0863,False
angry_00865.png,angry,0,neutral,6,0.178,False
angry_00866.png,angry,0,neutral,6,0.03,False
angry_00867.png,angry,0,angry,0,0.4622,True
angry_00868.png,angry,0,angry,0,0.5969,True
angry_00869.png,angry,0,angry,0,0.7005,True
angry_00870.png,angry,0,neutral,6,0.0402,False
angry_00871.png,angry,0,happy,3,0.073,False
angry_00872.png,angry,0,angry,0,0.3691,True
angry_00873.png,angry,0,fear,2,0.1309,False
angry_00874.png,angry,0,neutral,6,0.0563,False
angry_00875.png,angry,0,neutral,6,0.1335,False
angry_00876.png,angry,0,fear,2,0.2398,False
angry_00877.png,angry,0,neutral,6,0.1687,False
angry_00878.png,angry,0,neutral,6,0.093,False
angry_00879.png,angry,0,neutral,6,0.1007,False
angry_00880.png,angry,0,sad,4,0.2455,False
angry_00881.png,angry,0,angry,0,0.2596,True
angry_00882.png,angry,0,neutral,6,0.1621,False
angry_00883.png,angry,0,angry,0,0.5366,True
angry_00884.png,angry,0,neutral,6,0.283,True
angry_00885.png,angry,0,neutral,6,0.0697,False
angry_00886.png,angry,0,angry,0,0.8308,True
angry_00887.png,angry,0,angry,0,0.7426,True
angry_00888.png,angry,0,angry,0,0.3184,True
angry_00889.png,angry,0,neutral,6,0.2328,False
angry_00890.png,angry,0,angry,0,0.7557,True
angry_00891.png,angry,0,neutral,6,0.0798,False
angry_00892.png,angry,0,neutral,6,0.2986,True
angry_00893.png,angry,0,neutral,6,0.0825,False
angry_00894.png,angry,0,sad,4,0.252,True
angry_00895.png,angry,0,happy,3,0.0259,False
angry_00896.png,angry,0,disgust,1,0.0323,False
angry_00897.png,angry,0,neutral,6,0.0552,False
angry_00898.png,angry,0,neutral,6,0.2509,True
angry_00899.png,angry,0,neutral,6,0.0879,False
angry_00900.png,angry,0,sad,4,0.2405,False
angry_00901.png,angry,0,neutral,6,0.1079,False
angry_00903.png,angry,0,neutral,6,0.062,False
angry_00904.png,angry,0,angry,0,0.4494,True
angry_00905.png,angry,0,angry,0,0.3504,True
angry_00906.png,angry,0,neutral,6,0.2076,False
angry_00907.png,angry,0,angry,0,0.3336,True
angry_00908.png,angry,0,neutral,6,0.1503,False
angry_00909.png,angry,0,sad,4,0.261,True
angry_00910.png,angry,0,angry,0,0.4516,True
angry_00911.png,angry,0,angry,0,0.6291,True
angry_00912.png,angry,0,angry,0,0.8405,True
angry_00914.png,angry,0,neutral,6,0.1189,False
angry_00915.png,angry,0,angry,0,0.3703,True
angry_00916.png,angry,0,neutral,6,0.279,True
angry_00917.png,angry,0,fear,2,0.0317,False
angry_00918.png,angry,0,sad,4,0.1723,False
angry_00919.png,angry,0,disgust,1,0.1654,False
angry_00920.png,angry,0,angry,0,0.758,True
angry_00921.png,angry,0,neutral,6,0.1718,False
angry_00922.png,angry,0,neutral,6,0.1117,False
angry_00923.png,angry,0,angry,0,0.3785,True
angry_00924.png,angry,0,neutral,6,0.0576,False
angry_00925.png,angry,0,neutral,6,0.1114,False
angry_00926.png,angry,0,neutral,6,0.2472,False
angry_00927.png,angry,0,angry,0,0.3524,True
angry_00928.png,angry,0,angry,0,0.7329,True
angry_00929.png,angry,0,neutral,6,0.2724,True
angry_00930.png,angry,0,neutral,6,0.3075,True
angry_00931.png,angry,0,neutral,6,0.0545,False
angry_00932.png,angry,0,angry,0,0.749,True
angry_00933.png,angry,0,angry,0,0.6585,True
angry_00934.png,angry,0,disgust,1,0.2588,True
angry_00935.png,angry,0,neutral,6,0.0601,False
angry_00936.png,angry,0,neutral,6,0.1838,False
angry_00937.png,angry,0,happy,3,0.0215,False
angry_00938.png,angry,0,fear,2,0.4242,True
angry_00939.png,angry,0,fear,2,0.2534,True
angry_00940.png,angry,0,angry,0,0.7789,True
angry_00941.png,angry,0,happy,3,0.0226,False
angry_00942.png,angry,0,angry,0,0.5998,True
angry_00943.png,angry,0,neutral,6,0.1178,False
angry_00944.png,angry,0,angry,0,0.5275,True
angry_00945.png,angry,0,disgust,1,0.1083,False
angry_00946.png,angry,0,neutral,6,0.2145,False
angry_00947.png,angry,0,neutral,6,0.1149,False
angry_00948.png,angry,0,fear,2,0.0854,False
angry_00949.png,angry,0,neutral,6,0.3745,True
angry_00950.png,angry,0,angry,0,0.793,True
angry_00951.png,angry,0,neutral,6,0.2378,False
angry_00952.png,angry,0,angry,0,0.6867,True
angry_00953.png,angry,0,neutral,6,0.0827,False
angry_00954.png,angry,0,neutral,6,0.1428,False
angry_00955.png,angry,0,neutral,6,0.1016,False
angry_00956.png,angry,0,fear,2,0.2365,False
angry_00957.png,angry,0,angry,0,0.4022,True
angry_00958.png,angry,0,neutral,6,0.1026,False
angry_00959.png,angry,0,angry,0,0.4959,True
angry_00960.png,angry,0,surprise,5,0.1372,False
angry_00961.png,angry,0,sad,4,0.2428,False
angry_00962.png,angry,0,angry,0,0.6065,True
angry_00964.png,angry,0,angry,0,0.4577,True
angry_00965.png,angry,0,neutral,6,0.1537,False
angry_00966.png,angry,0,neutral,6,0.1631,False
angry_00967.png,angry,0,neutral,6,0.0857,False
angry_00968.png,angry,0,angry,0,0.6783,True
angry_00969.png,angry,0,neutral,6,0.2145,False
angry_00970.png,angry,0,fear,2,0.0509,False
angry_00971.png,angry,0,angry,0,0.5197,True
angry_00972.png,angry,0,angry,0,0.4084,True
angry_00973.png,angry,0,neutral,6,0.2461,False
angry_00974.png,angry,0,angry,0,0.5404,True
angry_00975.png,angry,0,happy,3,0.0231,False
angry_00976.png,angry,0,surprise,5,0.1169,False
angry_00977.png,angry,0,neutral,6,0.211,False
angry_00978.png,angry,0,neutral,6,0.1796,False
angry_00979.png,angry,0,sad,4,0.2131,False
angry_00980.png,angry,0,angry,0,0.5722,True
angry_00981.png,angry,0,neutral,6,0.2978,True
angry_00982.png,angry,0,fear,2,0.3023,True
angry_00983.png,angry,0,angry,0,0.6096,True
angry_00984.png,angry,0,neutral,6,0.0353,False
angry_00985.png,angry,0,neutral,6,0.3084,True
angry_00986.png,angry,0,angry,0,0.405,True
angry_00987.png,angry,0,neutral,6,0.1159,False
angry_00988.png,angry,0,angry,0,0.2581,True
angry_00989.png,angry,0,happy,3,0.3044,True
angry_00990.png,angry,0,neutral,6,0.079,False
angry_00991.png,angry,0,angry,0,0.3531,True
angry_00992.png,angry,0,surprise,5,0.1311,False
angry_00993.png,angry,0,angry,0,0.6518,True
angry_00994.png,angry,0,neutral,6,0.248,False
angry_00995.png,angry,0,happy,3,0.0233,False
angry_00996.png,angry,0,angry,0,0.9054,True
angry_00997.png,angry,0,angry,0,0.335,True
angry_00998.png,angry,0,angry,0,0.5882,True
angry_00999.png,angry,0,neutral,6,0.0475,False
angry_01000.png,angry,0,neutral,6,0.1346,False
angry_01001.png,angry,0,neutral,6,0.1261,False
angry_01002.png,angry,0,neutral,6,0.0465,False
angry_01003.png,angry,0,angry,0,0.4433,True
angry_01004.png,angry,0,neutral,6,0.0499,False
angry_01005.png,angry,0,neutral,6,0.1381,False
angry_01006.png,angry,0,neutral,6,0.1056,False
angry_01007.png,angry,0,angry,0,0.7493,True
angry_01008.png,angry,0,angry,0,0.5213,True
angry_01009.png,angry,0,neutral,6,0.2215,False
angry_01010.png,angry,0,angry,0,0.3485,True
angry_01011.png,angry,0,neutral,6,0.2932,True
angry_01012.png,angry,0,fear,2,0.1878,False
angry_01013.png,angry,0,happy,3,0.3075,True
angry_01014.png,angry,0,neutral,6,0.1961,False
angry_01015.png,angry,0,angry,0,0.2939,True
angry_01016.png,angry,0,angry,0,0.4904,True
angry_01017.png,angry,0,neutral,6,0.2026,False
angry_01018.png,angry,0,angry,0,0.5035,True
angry_01019.png,angry,0,angry,0,0.504,True
angry_01020.png,angry,0,sad,4,0.1404,False
angry_01022.png,angry,0,neutral,6,0.1387,False
angry_01023.png,angry,0,disgust,1,0.0699,False
angry_01024.png,angry,0,angry,0,0.4964,True
angry_01025.png,angry,0,disgust,1,0.2201,False
angry_01026.png,angry,0,neutral,6,0.2309,False
angry_01027.png,angry,0,neutral,6,0.173,False
angry_01028.png,angry,0,neutral,6,0.1729,False
angry_01029.png,angry,0,angry,0,0.3755,True
angry_01030.png,angry,0,surprise,5,0.011,False
angry_01031.png,angry,0,angry,0,0.4186,True
angry_01032.png,angry,0,neutral,6,0.3056,True
angry_01033.png,angry,0,fear,2,0.2406,False
angry_01034.png,angry,0,angry,0,0.3839,True
angry_01035.png,angry,0,happy,3,0.3092,True
angry_01036.png,angry,0,angry,0,0.3598,True
angry_01037.png,angry,0,happy,3,0.0805,False
angry_01038.png,angry,0,angry,0,0.3038,True
angry_01039.png,angry,0,fear,2,0.2994,True
angry_01040.png,angry,0,neutral,6,0.1042,False
angry_01041.png,angry,0,angry,0,0.4391,True
angry_01042.png,angry,0,fear,2,0.1486,False
angry_01043.png,angry,0,angry,0,0.9194,True
angry_01044.png,angry,0,neutral,6,0.1393,False
angry_01045.png,angry,0,angry,0,0.6495,True
angry_01046.png,angry,0,neutral,6,0.1637,False
angry_01048.png,angry,0,neutral,6,0.3204,True
angry_01049.png,angry,0,neutral,6,0.1093,False
angry_01050.png,angry,0,angry,0,0.6768,True
angry_01051.png,angry,0,sad,4,0.1446,False
angry_01052.png,angry,0,neutral,6,0.2841,True
angry_01053.png,angry,0,angry,0,0.6614,True
angry_01054.png,angry,0,neutral,6,0.0312,False
angry_01055.png,angry,0,angry,0,0.359,True
angry_01056.png,angry,0,angry,0,0.7749,True
angry_01057.png,angry,0,neutral,6,0.1573,False
angry_01058.png,angry,0,neutral,6,0.0845,False
angry_01059.png,angry,0,neutral,6,0.206,False
angry_01060.png,angry,0,neutral,6,0.0938,False
angry_01061.png,angry,0,sad,4,0.0414,False
angry_01062.png,angry,0,neutral,6,0.2928,True
angry_01063.png,angry,0,angry,0,0.4117,True
angry_01064.png,angry,0,neutral,6,0.0346,False
angry_01065.png,angry,0,neutral,6,0.1889,False
angry_01066.png,angry,0,neutral,6,0.1195,False
angry_01067.png,angry,0,angry,0,0.4324,True
angry_01068.png,angry,0,sad,4,0.0667,False
angry_01069.png,angry,0,neutral,6,0.1781,False
angry_01070.png,angry,0,disgust,1,0.1358,False
angry_01071.png,angry,0,surprise,5,0.0196,False
angry_01072.png,angry,0,neutral,6,0.1242,False
angry_01073.png,angry,0,neutral,6,0.1536,False
angry_01074.png,angry,0,neutral,6,0.1159,False
angry_01075.png,angry,0,neutral,6,0.1589,False
angry_01076.png,angry,0,angry,0,0.2383,True
angry_01077.png,angry,0,neutral,6,0.0729,False
angry_01078.png,angry,0,angry,0,0.7814,True
angry_01079.png,angry,0,neutral,6,0.2729,True
angry_01080.png,angry,0,angry,0,0.3711,True
angry_01081.png,angry,0,happy,3,0.2323,False
angry_01082.png,angry,0,neutral,6,0.2391,False
angry_01083.png,angry,0,angry,0,0.5942,True
angry_01084.png,angry,0,fear,2,0.0781,False
angry_01085.png,angry,0,neutral,6,0.1597,False
angry_01086.png,angry,0,angry,0,0.5118,True
angry_01087.png,angry,0,angry,0,0.8598,True
angry_01088.png,angry,0,neutral,6,0.2938,True
angry_01089.png,angry,0,neutral,6,0.0933,False
angry_01090.png,angry,0,disgust,1,0.0097,False
angry_01091.png,angry,0,neutral,6,0.0817,False
angry_01092.png,angry,0,neutral,6,0.1212,False
angry_01093.png,angry,0,neutral,6,0.0498,False
angry_01094.png,angry,0,angry,0,0.254,True
angry_01095.png,angry,0,sad,4,0.2861,True
angry_01096.png,angry,0,neutral,6,0.0971,False
angry_01097.png,angry,0,angry,0,0.6634,True
angry_01098.png,angry,0,neutral,6,0.2381,False
angry_01099.png,angry,0,neutral,6,0.2866,True
angry_01100.png,angry,0,angry,0,0.6486,True
angry_01101.png,angry,0,neutral,6,0.3239,True
angry_01102.png,angry,0,angry,0,0.4625,True
angry_01103.png,angry,0,angry,0,0.4584,True
angry_01104.png,angry,0,sad,4,0.0648,False
angry_01105.png,angry,0,angry,0,0.319,True
angry_01106.png,angry,0,neutral,6,0.185,False
angry_01107.png,angry,0,neutral,6,0.16,False
angry_01108.png,angry,0,surprise,5,0.1302,False
angry_01109.png,angry,0,sad,4,0.1314,False
angry_01110.png,angry,0,neutral,6,0.3098,True
angry_01111.png,angry,0,angry,0,0.4838,True
angry_01112.png,angry,0,neutral,6,0.1052,False
angry_01113.png,angry,0,neutral,6,0.2511,True
angry_01114.png,angry,0,neutral,6,0.2891,True
angry_01115.png,angry,0,neutral,6,0.0733,False
angry_01116.png,angry,0,angry,0,0.5834,True
angry_01117.png,angry,0,neutral,6,0.061,False
angry_01118.png,angry,0,sad,4,0.1491,False
angry_01119.png,angry,0,neutral,6,0.154,False
angry_01120.png,angry,0,neutral,6,0.2421,False
angry_01121.png,angry,0,neutral,6,0.0824,False
angry_01122.png,angry,0,neutral,6,0.0726,False
angry_01123.png,angry,0,angry,0,0.398,True
angry_01124.png,angry,0,fear,2,0.3228,True
angry_01125.png,angry,0,fear,2,0.1364,False
angry_01126.png,angry,0,neutral,6,0.2667,True
angry_01127.png,angry,0,neutral,6,0.2173,False
angry_01128.png,angry,0,angry,0,0.4579,True
angry_01129.png,angry,0,angry,0,0.6032,True
angry_01130.png,angry,0,neutral,6,0.0827,False
angry_01131.png,angry,0,angry,0,0.4478,True
angry_01132.png,angry,0,angry,0,0.2568,True
angry_01133.png,angry,0,neutral,6,0.0352,False
angry_01134.png,angry,0,angry,0,0.3174,True
angry_01135.png,angry,0,angry,0,0.4022,True
angry_01136.png,angry,0,disgust,1,0.4147,True
angry_01137.png,angry,0,sad,4,0.2507,True
angry_01138.png,angry,0,disgust,1,0.1684,False
angry_01139.png,angry,0,angry,0,0.5032,True
angry_01140.png,angry,0,sad,4,0.2544,True
angry_01141.png,angry,0,fear,2,0.1501,False
angry_01142.png,angry,0,neutral,6,0.1503,False
angry_01143.png,angry,0,neutral,6,0.2294,False
angry_01144.png,angry,0,fear,2,0.3209,True
angry_01145.png,angry,0,angry,0,0.5916,True
angry_01146.png,angry,0,angry,0,0.7881,True
angry_01148.png,angry,0,sad,4,0.1637,False
angry_01149.png,angry,0,neutral,6,0.0349,False
angry_01150.png,angry,0,neutral,6,0.1725,False
angry_01151.png,angry,0,angry,0,0.4318,True
angry_01152.png,angry,0,neutral,6,0.1345,False
angry_01153.png,angry,0,angry,0,0.8627,True
angry_01154.png,angry,0,angry,0,0.3502,True
angry_01155.png,angry,0,angry,0,0.4621,True
angry_01156.png,angry,0,neutral,6,0.1799,False
angry_01157.png,angry,0,angry,0,0.6424,True
angry_01158.png,angry,0,neutral,6,0.0554,False
angry_01159.png,angry,0,disgust,1,0.2233,False
angry_01160.png,angry,0,neutral,6,0.1222,False
angry_01161.png,angry,0,neutral,6,0.0691,False
angry_01162.png,angry,0,angry,0,0.2812,True
angry_01163.png,angry,0,neutral,6,0.0866,False
angry_01164.png,angry,0,neutral,6,0.2212,False
angry_01165.png,angry,0,neutral,6,0.1293,False
angry_01166.png,angry,0,disgust,1,0.2228,False
angry_01167.png,angry,0,happy,3,0.055,False
angry_01168.png,angry,0,angry,0,0.3648,True
angry_01169.png,angry,0,sad,4,0.1211,False
angry_01170.png,angry,0,angry,0,0.9274,True
angry_01171.png,angry,0,angry,0,0.4494,True
angry_01172.png,angry,0,neutral,6,0.3029,True
angry_01173.png,angry,0,sad,4,0.2406,False
angry_01174.png,angry,0,angry,0,0.857,True
angry_01175.png,angry,0,neutral,6,0.079,False
angry_01176.png,angry,0,neutral,6,0.2503,True
angry_01177.png,angry,0,angry,0,0.3026,True
angry_01178.png,angry,0,angry,0,0.272,True
angry_01179.png,angry,0,angry,0,0.4484,True
angry_01180.png,angry,0,fear,2,0.2202,False
angry_01181.png,angry,0,fear,2,0.2388,False
angry_01182.png,angry,0,angry,0,0.582,True
angry_01183.png,angry,0,neutral,6,0.1988,False
angry_01184.png,angry,0,neutral,6,0.1192,False
angry_01185.png,angry,0,surprise,5,0.0118,False
angry_01186.png,angry,0,neutral,6,0.2329,False
angry_01187.png,angry,0,angry,0,0.4451,True
angry_01188.png,angry,0,angry,0,0.7568,True
angry_01189.png,angry,0,surprise,5,0.1334,False
angry_01190.png,angry,0,neutral,6,0.3498,True
angry_01191.png,angry,0,neutral,6,0.2889,True
angry_01192.png,angry,0,angry,0,0.3375,True
angry_01193.png,angry,0,angry,0,0.7848,True
angry_01194.png,angry,0,neutral,6,0.0372,False
angry_01195.png,angry,0,angry,0,0.3797,True
angry_01196.png,angry,0,angry,0,0.8594,True
angry_01197.png,angry,0,angry,0,0.4562,True
angry_01198.png,angry,0,neutral,6,0.2397,False
angry_01199.png,angry,0,neutral,6,0.1001,False
angry_01200.png,angry,0,fear,2,0.3126,True
angry_01201.png,angry,0,sad,4,0.2325,False
angry_01202.png,angry,0,angry,0,0.2928,True
angry_01203.png,angry,0,neutral,6,0.1328,False
angry_01204.png,angry,0,angry,0,0.6888,True
angry_01205.png,angry,0,angry,0,0.5252,True
angry_01206.png,angry,0,neutral,6,0.129,False
angry_01207.png,angry,0,angry,0,0.3687,True
angry_01208.png,angry,0,fear,2,0.0996,False
angry_01209.png,angry,0,angry,0,0.6855,True
angry_01210.png,angry,0,neutral,6,0.0159,False
angry_01211.png,angry,0,angry,0,0.7588,True
angry_01212.png,angry,0,angry,0,0.6027,True
angry_01213.png,angry,0,fear,2,0.1677,False
angry_01214.png,angry,0,disgust,1,0.2613,False
angry_01215.png,angry,0,neutral,6,0.1562,False
angry_01216.png,angry,0,neutral,6,0.1089,False
angry_01217.png,angry,0,neutral,6,0.1812,False
angry_01218.png,angry,0,neutral,6,0.0429,False
angry_01219.png,angry,0,angry,0,0.7388,True
angry_01220.png,angry,0,sad,4,0.2233,False
angry_01221.png,angry,0,angry,0,0.3116,True
angry_01222.png,angry,0,angry,0,0.6683,True
angry_01223.png,angry,0,sad,4,0.0465,False
angry_01224.png,angry,0,fear,2,0.081,False
angry_01225.png,angry,0,happy,3,0.0417,False
angry_01226.png,angry,0,neutral,6,0.238,False
angry_01227.png,angry,0,angry,0,0.4095,True
angry_01228.png,angry,0,neutral,6,0.1785,False
angry_01229.png,angry,0,angry,0,0.8305,True
angry_01230.png,angry,0,neutral,6,0.3357,True
angry_01231.png,angry,0,angry,0,0.5014,True
angry_01232.png,angry,0,neutral,6,0.1577,False
angry_01233.png,angry,0,surprise,5,0.0732,False
angry_01234.png,angry,0,angry,0,0.7117,True
angry_01235.png,angry,0,angry,0,0.3589,True
angry_01236.png,angry,0,angry,0,0.454,True
angry_01237.png,angry,0,neutral,6,0.0406,False
angry_01238.png,angry,0,surprise,5,0.069,False
angry_01239.png,angry,0,angry,0,0.4939,True
angry_01240.png,angry,0,angry,0,0.5986,True
angry_01241.png,angry,0,neutral,6,0.1345,False
angry_01242.png,angry,0,neutral,6,0.0625,False
angry_01243.png,angry,0,angry,0,0.455,True
angry_01244.png,angry,0,happy,3,0.3487,True
angry_01245.png,angry,0,neutral,6,0.0975,False
angry_01246.png,angry,0,angry,0,0.8031,True
angry_01247.png,angry,0,fear,2,0.0925,False
angry_01248.png,angry,0,sad,4,0.1785,False
angry_01249.png,angry,0,angry,0,0.386,True
angry_01250.png,angry,0,surprise,5,0.2141,False
angry_01251.png,angry,0,angry,0,0.4808,True
angry_01252.png,angry,0,neutral,6,0.0533,False
angry_01253.png,angry,0,angry,0,0.4584,True
angry_01254.png,angry,0,surprise,5,0.1393,False
angry_01255.png,angry,0,neutral,6,0.3426,True
angry_01256.png,angry,0,angry,0,0.5004,True
angry_01257.png,angry,0,angry,0,0.4587,True
angry_01258.png,angry,0,sad,4,0.1324,False
angry_01259.png,angry,0,angry,0,0.5661,True
angry_01260.png,angry,0,angry,0,0.4648,True
angry_01261.png,angry,0,neutral,6,0.056,False
angry_01262.png,angry,0,disgust,1,0.2546,True
angry_01263.png,angry,0,angry,0,0.4393,True
angry_01264.png,angry,0,neutral,6,0.0485,False
angry_01265.png,angry,0,surprise,5,0.2279,False
angry_01266.png,angry,0,neutral,6,0.0805,False
angry_01267.png,angry,0,neutral,6,0.0663,False
angry_01268.png,angry,0,angry,0,0.5703,True
angry_01269.png,angry,0,neutral,6,0.2885,True
angry_01270.png,angry,0,angry,0,0.4294,True
angry_01271.png,angry,0,neutral,6,0.2354,False
angry_01272.png,angry,0,neutral,6,0.2025,False
angry_01273.png,angry,0,neutral,6,0.0851,False
angry_01274.png,angry,0,neutral,6,0.0428,False
angry_01275.png,angry,0,angry,0,0.6796,True
angry_01276.png,angry,0,angry,0,0.6683,True
angry_01277.png,angry,0,angry,0,0.7762,True
angry_01278.png,angry,0,neutral,6,0.0406,False
angry_01279.png,angry,0,angry,0,0.3575,True
angry_01280.png,angry,0,neutral,6,0.3138,True
angry_01281.png,angry,0,neutral,6,0.1804,False
angry_01282.png,angry,0,neutral,6,0.3028,True
angry_01283.png,angry,0,angry,0,0.3314,True
angry_01284.png,angry,0,neutral,6,0.1005,False
angry_01285.png,angry,0,neutral,6,0.0954,False
angry_01286.png,angry,0,neutral,6,0.0524,False
angry_01287.png,angry,0,neutral,6,0.0885,False
angry_01288.png,angry,0,neutral,6,0.1377,False
angry_01289.png,angry,0,neutral,6,0.2115,False
angry_01290.png,angry,0,surprise,5,0.0253,False
angry_01291.png,angry,0,angry,0,0.3187,True
angry_01292.png,angry,0,sad,4,0.1864,False
angry_01293.png,angry,0,angry,0,0.3086,True
angry_01294.png,angry,0,angry,0,0.8282,True
angry_01295.png,angry,0,angry,0,0.39,True
angry_01296.png,angry,0,angry,0,0.3374,True
angry_01297.png,angry,0,neutral,6,0.082,False
angry_01298.png,angry,0,angry,0,0.5043,True
angry_01299.png,angry,0,neutral,6,0.107,False
angry_01300.png,angry,0,neutral,6,0.2099,False
angry_01301.png,angry,0,surprise,5,0.0135,False
angry_01302.png,angry,0,happy,3,0.1161,False
angry_01303.png,angry,0,angry,0,0.499,True
angry_01304.png,angry,0,sad,4,0.152,False
angry_01305.png,angry,0,neutral,6,0.1718,False
angry_01306.png,angry,0,fear,2,0.2171,False
angry_01307.png,angry,0,neutral,6,0.1183,False
angry_01308.png,angry,0,angry,0,0.5308,True
angry_01309.png,angry,0,angry,0,0.6779,True
angry_01310.png,angry,0,neutral,6,0.1479,False
angry_01311.png,angry,0,angry,0,0.822,True
angry_01312.png,angry,0,sad,4,0.1045,False
angry_01313.png,angry,0,neutral,6,0.3117,True
angry_01314.png,angry,0,neutral,6,0.1171,False
angry_01315.png,angry,0,disgust,1,0.3978,True
angry_01316.png,angry,0,neutral,6,0.0927,False
angry_01317.png,angry,0,neutral,6,0.189,False
angry_01318.png,angry,0,neutral,6,0.0688,False
angry_01319.png,angry,0,neutral,6,0.1457,False
angry_01320.png,angry,0,neutral,6,0.329,True
angry_01321.png,angry,0,angry,0,0.9181,True
angry_01322.png,angry,0,neutral,6,0.105,False
angry_01323.png,angry,0,surprise,5,0.1645,False
angry_01324.png,angry,0,disgust,1,0.1334,False
angry_01325.png,angry,0,sad,4,0.1275,False
angry_01326.png,angry,0,happy,3,0.1696,False
angry_01327.png,angry,0,angry,0,0.467,True
angry_01328.png,angry,0,neutral,6,0.3191,True
angry_01329.png,angry,0,angry,0,0.4733,True
angry_01330.png,angry,0,angry,0,0.5274,True
angry_01333.png,angry,0,neutral,6,0.1799,False
angry_01334.png,angry,0,angry,0,0.4779,True
angry_01335.png,angry,0,angry,0,0.4632,True
angry_01336.png,angry,0,angry,0,0.457,True
angry_01337.png,angry,0,angry,0,0.4869,True
angry_01338.png,angry,0,disgust,1,0.4011,True
angry_01339.png,angry,0,angry,0,0.3395,True
angry_01340.png,angry,0,neutral,6,0.1318,False
angry_01341.png,angry,0,neutral,6,0.0526,False
angry_01342.png,angry,0,neutral,6,0.2824,True
angry_01343.png,angry,0,happy,3,0.1269,False
angry_01344.png,angry,0,neutral,6,0.0968,False
angry_01345.png,angry,0,angry,0,0.767,True
angry_01346.png,angry,0,happy,3,0.0654,False
angry_01347.png,angry,0,neutral,6,0.0284,False
angry_01348.png,angry,0,angry,0,0.3946,True
angry_01349.png,angry,0,angry,0,0.3623,True
angry_01350.png,angry,0,neutral,6,0.0671,False
angry_01351.png,angry,0,neutral,6,0.2313,False
angry_01352.png,angry,0,angry,0,0.2439,True
angry_01353.png,angry,0,neutral,6,0.03,False
angry_01354.png,angry,0,angry,0,0.676,True
angry_01355.png,angry,0,neutral,6,0.0632,False
angry_01356.png,angry,0,angry,0,0.6172,True
angry_01357.png,angry,0,angry,0,0.5038,True
angry_01358.png,angry,0,fear,2,0.337,True
angry_01359.png,angry,0,neutral,6,0.1717,False
angry_01360.png,angry,0,neutral,6,0.1406,False
angry_01361.png,angry,0,angry,0,0.8285,True
angry_01362.png,angry,0,neutral,6,0.0397,False
angry_01363.png,angry,0,angry,0,0.3626,True
angry_01364.png,angry,0,neutral,6,0.1959,False
angry_01365.png,angry,0,angry,0,0.4771,True
angry_01366.png,angry,0,fear,2,0.336,True
angry_01367.png,angry,0,neutral,6,0.0778,False
angry_01368.png,angry,0,fear,2,0.0785,False
angry_01369.png,angry,0,neutral,6,0.0964,False
angry_01370.png,angry,0,fear,2,0.074,False
angry_01371.png,angry,0,angry,0,0.6933,True
angry_01372.png,angry,0,neutral,6,0.0548,False
angry_01373.png,angry,0,fear,2,0.0779,False
angry_01374.png,angry,0,surprise,5,0.0236,False
angry_01375.png,angry,0,disgust,1,0.419,True
angry_01376.png,angry,0,angry,0,0.6824,True
angry_01377.png,angry,0,angry,0,0.6088,True
angry_01378.png,angry,0,angry,0,0.4802,True
angry_01379.png,angry,0,angry,0,0.3218,True
angry_01380.png,angry,0,neutral,6,0.1147,False
angry_01381.png,angry,0,neutral,6,0.1006,False
angry_01382.png,angry,0,neutral,6,0.2699,True
angry_01383.png,angry,0,surprise,5,0.139,False
angry_01384.png,angry,0,neutral,6,0.1512,False
angry_01385.png,angry,0,neutral,6,0.2077,False
angry_01386.png,angry,0,angry,0,0.4493,True
angry_01387.png,angry,0,angry,0,0.499,True
angry_01388.png,angry,0,disgust,1,0.0454,False
angry_01389.png,angry,0,disgust,1,0.4434,True
angry_01390.png,angry,0,disgust,1,0.0957,False
angry_01391.png,angry,0,neutral,6,0.2591,True
angry_01392.png,angry,0,angry,0,0.3111,True
angry_01393.png,angry,0,neutral,6,0.4021,True
angry_01394.png,angry,0,neutral,6,0.1948,False
angry_01395.png,angry,0,angry,0,0.4545,True
angry_01396.png,angry,0,surprise,5,0.1253,False
angry_01397.png,angry,0,fear,2,0.1966,False
angry_01398.png,angry,0,angry,0,0.5511,True
angry_01400.png,angry,0,angry,0,0.672,True
angry_01401.png,angry,0,neutral,6,0.0586,False
angry_01402.png,angry,0,neutral,6,0.2284,False
angry_01403.png,angry,0,angry,0,0.3906,True
angry_01404.png,angry,0,angry,0,0.4328,True
angry_01405.png,angry,0,neutral,6,0.169,False
angry_01406.png,angry,0,neutral,6,0.0361,False
angry_01407.png,angry,0,disgust,1,0.0164,False
angry_01408.png,angry,0,neutral,6,0.0991,False
angry_01409.png,angry,0,neutral,6,0.1222,False
angry_01410.png,angry,0,happy,3,0.0077,False
angry_01411.png,angry,0,neutral,6,0.156,False
angry_01412.png,angry,0,sad,4,0.1264,False
angry_01413.png,angry,0,angry,0,0.5536,True
angry_01414.png,angry,0,angry,0,0.4205,True
angry_01415.png,angry,0,neutral,6,0.0334,False
angry_01416.png,angry,0,neutral,6,0.0868,False
angry_01417.png,angry,0,neutral,6,0.2106,False
angry_01418.png,angry,0,neutral,6,0.0865,False
angry_01419.png,angry,0,angry,0,0.2894,True
angry_01420.png,angry,0,neutral,6,0.0911,False
angry_01421.png,angry,0,angry,0,0.3342,True
angry_01422.png,angry,0,neutral,6,0.0893,False
angry_01423.png,angry,0,neutral,6,0.3113,True
angry_01424.png,angry,0,angry,0,0.3766,True
angry_01425.png,angry,0,angry,0,0.4102,True
angry_01426.png,angry,0,angry,0,0.4855,True
angry_01427.png,angry,0,angry,0,0.5106,True
angry_01428.png,angry,0,surprise,5,0.0901,False
angry_01429.png,angry,0,neutral,6,0.2556,True
angry_01430.png,angry,0,fear,2,0.1724,False
angry_01431.png,angry,0,angry,0,0.5643,True
angry_01432.png,angry,0,angry,0,0.6458,True
angry_01433.png,angry,0,neutral,6,0.1183,False
angry_01434.png,angry,0,neutral,6,0.1186,False
angry_01435.png,angry,0,neutral,6,0.0328,False
angry_01436.png,angry,0,angry,0,0.2727,True
angry_01437.png,angry,0,angry,0,0.3574,True
angry_01438.png,angry,0,sad,4,0.2864,True
angry_01439.png,angry,0,angry,0,0.3431,True
angry_01440.png,angry,0,neutral,6,0.3428,True
angry_01441.png,angry,0,neutral,6,0.138,False
angry_01442.png,angry,0,fear,2,0.1,False
angry_01443.png,angry,0,angry,0,0.5815,True
angry_01444.png,angry,0,angry,0,0.5649,True
angry_01445.png,angry,0,angry,0,0.8896,True
angry_01446.png,angry,0,neutral,6,0.3463,True
angry_01447.png,angry,0,neutral,6,0.0861,False
angry_01448.png,angry,0,fear,2,0.2404,False
angry_01449.png,angry,0,angry,0,0.521,True
angry_01450.png,angry,0,angry,0,0.701,True
angry_01451.png,angry,0,angry,0,0.7042,True
angry_01452.png,angry,0,neutral,6,0.2271,False
angry_01453.png,angry,0,angry,0,0.4276,True
angry_01454.png,angry,0,neutral,6,0.0362,False
angry_01455.png,angry,0,angry,0,0.2738,True
angry_01456.png,angry,0,angry,0,0.4503,True
angry_01457.png,angry,0,angry,0,0.4264,True
angry_01458.png,angry,0,neutral,6,0.0733,False
angry_01459.png,angry,0,neutral,6,0.0858,False
angry_01460.png,angry,0,surprise,5,0.0243,False
angry_01461.png,angry,0,angry,0,0.5727,True
angry_01462.png,angry,0,angry,0,0.613,True
angry_01463.png,angry,0,neutral,6,0.3546,True
angry_01464.png,angry,0,neutral,6,0.0752,False
angry_01465.png,angry,0,angry,0,0.7545,True
angry_01466.png,angry,0,angry,0,0.6988,True
angry_01467.png,angry,0,angry,0,0.6374,True
angry_01468.png,angry,0,neutral,6,0.3764,True
angry_01469.png,angry,0,angry,0,0.3459,True
angry_01470.png,angry,0,neutral,6,0.1629,False
angry_01471.png,angry,0,fear,2,0.1946,False
angry_01472.png,angry,0,angry,0,0.3865,True
angry_01473.png,angry,0,neutral,6,0.0585,False
angry_01474.png,angry,0,angry,0,0.6524,True
angry_01475.png,angry,0,angry,0,0.542,True
angry_01476.png,angry,0,angry,0,0.5559,True
angry_01477.png,angry,0,neutral,6,0.1424,False
angry_01478.png,angry,0,neutral,6,0.1996,False
angry_01479.png,angry,0,angry,0,0.7835,True
angry_01480.png,angry,0,neutral,6,0.0859,False
angry_01481.png,angry,0,angry,0,0.6304,True
angry_01482.png,angry,0,fear,2,0.0573,False
angry_01483.png,angry,0,angry,0,0.3657,True
angry_01484.png,angry,0,angry,0,0.3895,True
angry_01485.png,angry,0,neutral,6,0.3159,True
angry_01486.png,angry,0,neutral,6,0.1954,False
angry_01487.png,angry,0,angry,0,0.7224,True
angry_01488.png,angry,0,neutral,6,0.2701,True
angry_01489.png,angry,0,neutral,6,0.2104,False
angry_01490.png,angry,0,angry,0,0.5682,True
angry_01491.png,angry,0,fear,2,0.2059,False
angry_01492.png,angry,0,neutral,6,0.2702,True
angry_01493.png,angry,0,angry,0,0.5684,True
angry_01494.png,angry,0,sad,4,0.3409,True
angry_01495.png,angry,0,neutral,6,0.1911,False
angry_01496.png,angry,0,angry,0,0.3394,True
angry_01497.png,angry,0,angry,0,0.6547,True
angry_01498.png,angry,0,angry,0,0.6655,True
angry_01499.png,angry,0,neutral,6,0.0339,False
fear_00000.png,fear,2,neutral,6,0.0997,False
fear_00001.png,fear,2,fear,2,0.3066,True
fear_00002.png,fear,2,neutral,6,0.0702,False
fear_00003.png,fear,2,neutral,6,0.071,False
fear_00004.png,fear,2,neutral,6,0.0297,False
fear_00005.png,fear,2,sad,4,0.2613,True
fear_00006.png,fear,2,fear,2,0.4396,True
fear_00007.png,fear,2,fear,2,0.3406,True
fear_00008.png,fear,2,fear,2,0.4171,True
fear_00009.png,fear,2,fear,2,0.2589,True
fear_00010.png,fear,2,surprise,5,0.1996,False
fear_00011.png,fear,2,disgust,1,0.0612,False
fear_00012.png,fear,2,surprise,5,0.2092,False
fear_00013.png,fear,2,neutral,6,0.0841,False
fear_00014.png,fear,2,surprise,5,0.1383,False
fear_00015.png,fear,2,neutral,6,0.0287,False
fear_00016.png,fear,2,neutral,6,0.0722,False
fear_00017.png,fear,2,neutral,6,0.0488,False
fear_00018.png,fear,2,neutral,6,0.0928,False
fear_00019.png,fear,2,surprise,5,0.1327,False
fear_00020.png,fear,2,angry,0,0.0535,False
fear_00021.png,fear,2,surprise,5,0.0575,False
fear_00022.png,fear,2,surprise,5,0.0301,False
fear_00023.png,fear,2,neutral,6,0.1451,False
fear_00024.png,fear,2,happy,3,0.1857,False
fear_00025.png,fear,2,sad,4,0.0567,False
fear_00026.png,fear,2,fear,2,0.3712,True
fear_00027.png,fear,2,neutral,6,0.0782,False
fear_00028.png,fear,2,neutral,6,0.036,False
fear_00029.png,fear,2,angry,0,0.0922,False
fear_00030.png,fear,2,surprise,5,0.0875,False
fear_00031.png,fear,2,surprise,5,0.0224,False
fear_00032.png,fear,2,happy,3,0.0954,False
fear_00033.png,fear,2,neutral,6,0.0639,False
fear_00034.png,fear,2,neutral,6,0.0254,False
fear_00035.png,fear,2,neutral,6,0.1145,False
fear_00036.png,fear,2,fear,2,0.5588,True
fear_00037.png,fear,2,sad,4,0.2059,False
fear_00038.png,fear,2,angry,0,0.1442,False
fear_00039.png,fear,2,sad,4,0.1292,False
fear_00040.png,fear,2,sad,4,0.0953,False
fear_00041.png,fear,2,surprise,5,0.1469,False
fear_00042.png,fear,2,neutral,6,0.122,False
fear_00043.png,fear,2,neutral,6,0.1037,False
fear_00044.png,fear,2,fear,2,0.4294,True
fear_00045.png,fear,2,fear,2,0.5133,True
fear_00046.png,fear,2,neutral,6,0.1093,False
fear_00047.png,fear,2,neutral,6,0.1233,False
fear_00048.png,fear,2,neutral,6,0.0385,False
fear_00049.png,fear,2,neutral,6,0.0862,False
fear_00050.png,fear,2,fear,2,0.558,True
fear_00051.png,fear,2,angry,0,0.2211,False
fear_00052.png,fear,2,happy,3,0.01,False
fear_00053.png,fear,2,fear,2,0.6156,True
fear_00054.png,fear,2,angry,0,0.2325,False
fear_00055.png,fear,2,neutral,6,0.1055,False
fear_00056.png,fear,2,neutral,6,0.051,False
fear_00057.png,fear,2,fear,2,0.6,True
fear_00058.png,fear,2,neutral,6,0.0279,False
fear_00059.png,fear,2,fear,2,0.5635,True
fear_00060.png,fear,2,happy,3,0.2261,False
fear_00061.png,fear,2,angry,0,0.0763,False
fear_00062.png,fear,2,happy,3,0.0133,False
fear_00063.png,fear,2,surprise,5,0.0445,False
fear_00064.png,fear,2,fear,2,0.3747,True
fear_00065.png,fear,2,fear,2,0.4863,True
fear_00066.png,fear,2,neutral,6,0.0223,False
fear_00067.png,fear,2,fear,2,0.7188,True
fear_00068.png,fear,2,surprise,5,0.1186,False
fear_00069.png,fear,2,neutral,6,0.1067,False
fear_00070.png,fear,2,neutral,6,0.2145,False
fear_00071.png,fear,2,neutral,6,0.1187,False
fear_00072.png,fear,2,fear,2,0.496,True
fear_00073.png,fear,2,fear,2,0.3171,True
fear_00074.png,fear,2,fear,2,0.382,True
fear_00075.png,fear,2,surprise,5,0.0686,False
fear_00076.png,fear,2,surprise,5,0.2935,True
fear_00077.png,fear,2,fear,2,0.6186,True
fear_00078.png,fear,2,neutral,6,0.0306,False
fear_00079.png,fear,2,neutral,6,0.0585,False
fear_00080.png,fear,2,disgust,1,0.115,False
fear_00081.png,fear,2,happy,3,0.0911,False
fear_00082.png,fear,2,happy,3,0.0614,False
fear_00083.png,fear,2,surprise,5,0.3844,True
fear_00084.png,fear,2,neutral,6,0.0961,False
fear_00085.png,fear,2,sad,4,0.0787,False
fear_00086.png,fear,2,angry,0,0.0407,False
fear_00087.png,fear,2,neutral,6,0.0478,False
fear_00088.png,fear,2,fear,2,0.626,True
fear_00089.png,fear,2,neutral,6,0.1627,False
fear_00090.png,fear,2,surprise,5,0.1138,False
fear_00091.png,fear,2,neutral,6,0.0124,False
fear_00092.png,fear,2,surprise,5,0.0252,False
fear_00093.png,fear,2,angry,0,0.2865,True
fear_00094.png,fear,2,surprise,5,0.1121,False
fear_00095.png,fear,2,neutral,6,0.0428,False
fear_00096.png,fear,2,angry,0,0.0932,False
fear_00097.png,fear,2,neutral,6,0.0254,False
fear_00098.png,fear,2,neutral,6,0.0329,False
fear_00099.png,fear,2,neutral,6,0.1691,False
fear_00100.png,fear,2,neutral,6,0.0163,False
fear_00101.png,fear,2,fear,2,0.4569,True
fear_00102.png,fear,2,angry,0,0.1958,False
fear_00103.png,fear,2,angry,0,0.301,True
fear_00104.png,fear,2,sad,4,0.1191,False
fear_00105.png,fear,2,happy,3,0.1504,False
fear_00106.png,fear,2,fear,2,0.4441,True
fear_00107.png,fear,2,surprise,5,0.0253,False
fear_00108.png,fear,2,surprise,5,0.0944,False
fear_00109.png,fear,2,neutral,6,0.04,False
fear_00110.png,fear,2,surprise,5,0.0593,False
fear_00111.png,fear,2,neutral,6,0.0881,False
fear_00112.png,fear,2,neutral,6,0.0453,False
fear_00113.png,fear,2,surprise,5,0.0339,False
fear_00114.png,fear,2,angry,0,0.0539,False
fear_00115.png,fear,2,surprise,5,0.1111,False
fear_00116.png,fear,2,neutral,6,0.0043,False
fear_00117.png,fear,2,neutral,6,0.0607,False
fear_00118.png,fear,2,surprise,5,0.016,False
fear_00119.png,fear,2,neutral,6,0.0685,False
fear_00120.png,fear,2,fear,2,0.3711,True
fear_00121.png,fear,2,neutral,6,0.059,False
fear_00122.png,fear,2,neutral,6,0.1638,False
fear_00123.png,fear,2,sad,4,0.2763,True
fear_00124.png,fear,2,neutral,6,0.1324,False
fear_00125.png,fear,2,neutral,6,0.0932,False
fear_00126.png,fear,2,neutral,6,0.1191,False
fear_00127.png,fear,2,surprise,5,0.138,False
fear_00128.png,fear,2,surprise,5,0.3069,True
fear_00129.png,fear,2,happy,3,0.0239,False
fear_00130.png,fear,2,surprise,5,0.1557,False
fear_00131.png,fear,2,neutral,6,0.134,False
fear_00132.png,fear,2,surprise,5,0.1998,False
fear_00133.png,fear,2,fear,2,0.7352,True
fear_00134.png,fear,2,fear,2,0.4238,True
fear_00135.png,fear,2,sad,4,0.1775,False
fear_00136.png,fear,2,surprise,5,0.1697,False
fear_00137.png,fear,2,angry,0,0.1144,False
fear_00138.png,fear,2,surprise,5,0.2409,False
fear_00139.png,fear,2,surprise,5,0.1589,False
fear_00140.png,fear,2,surprise,5,0.0206,False
fear_00141.png,fear,2,fear,2,0.6053,True
fear_00142.png,fear,2,neutral,6,0.0653,False
fear_00143.png,fear,2,surprise,5,0.0755,False
fear_00144.png,fear,2,neutral,6,0.0983,False
fear_00145.png,fear,2,neutral,6,0.0295,False
fear_00146.png,fear,2,fear,2,0.5028,True
fear_00147.png,fear,2,surprise,5,0.1155,False
fear_00148.png,fear,2,neutral,6,0.0418,False
fear_00149.png,fear,2,fear,2,0.6586,True
fear_00150.png,fear,2,angry,0,0.1168,False
fear_00151.png,fear,2,fear,2,0.4238,True
fear_00152.png,fear,2,neutral,6,0.0573,False
fear_00153.png,fear,2,fear,2,0.4676,True
fear_00154.png,fear,2,fear,2,0.4484,True
fear_00155.png,fear,2,neutral,6,0.0391,False
fear_00156.png,fear,2,sad,4,0.22,False
fear_00157.png,fear,2,fear,2,0.7381,True
fear_00158.png,fear,2,neutral,6,0.0801,False
fear_00159.png,fear,2,angry,0,0.0356,False
fear_00160.png,fear,2,angry,0,0.0427,False
fear_00161.png,fear,2,neutral,6,0.0721,False
fear_00162.png,fear,2,neutral,6,0.0409,False
fear_00163.png,fear,2,angry,0,0.0806,False
fear_00164.png,fear,2,neutral,6,0.0254,False
fear_00165.png,fear,2,surprise,5,0.1327,False
fear_00166.png,fear,2,fear,2,0.2822,True
fear_00167.png,fear,2,surprise,5,0.1383,False
fear_00168.png,fear,2,fear,2,0.6156,True
fear_00169.png,fear,2,neutral,6,0.0805,False
fear_00170.png,fear,2,neutral,6,0.1258,False
fear_00171.png,fear,2,surprise,5,0.3815,True
fear_00172.png,fear,2,neutral,6,0.1072,False
fear_00173.png,fear,2,fear,2,0.3855,True
fear_00174.png,fear,2,angry,0,0.1287,False
fear_00175.png,fear,2,neutral,6,0.1294,False
fear_00176.png,fear,2,surprise,5,0.0988,False
fear_00177.png,fear,2,surprise,5,0.081,False
fear_00178.png,fear,2,neutral,6,0.0468,False
fear_00179.png,fear,2,surprise,5,0.0422,False
fear_00180.png,fear,2,neutral,6,0.0076,False
fear_00181.png,fear,2,neutral,6,0.1495,False
fear_00182.png,fear,2,neutral,6,0.1408,False
fear_00183.png,fear,2,fear,2,0.7041,True
fear_00184.png,fear,2,fear,2,0.4905,True
fear_00185.png,fear,2,surprise,5,0.1927,False
fear_00186.png,fear,2,surprise,5,0.1022,False
fear_00187.png,fear,2,fear,2,0.8555,True
fear_00188.png,fear,2,fear,2,0.5781,True
fear_00189.png,fear,2,angry,0,0.1384,False
fear_00190.png,fear,2,neutral,6,0.0285,False
fear_00191.png,fear,2,surprise,5,0.2973,True
fear_00192.png,fear,2,disgust,1,0.224,False
fear_00193.png,fear,2,surprise,5,0.0306,False
fear_00194.png,fear,2,angry,0,0.183,False
fear_00195.png,fear,2,fear,2,0.4063,True
fear_00196.png,fear,2,neutral,6,0.0387,False
fear_00197.png,fear,2,fear,2,0.4263,True
fear_00198.png,fear,2,fear,2,0.3232,True
fear_00199.png,fear,2,fear,2,0.7171,True
fear_00200.png,fear,2,fear,2,0.7399,True
fear_00201.png,fear,2,neutral,6,0.0685,False
fear_00202.png,fear,2,fear,2,0.8491,True
fear_00203.png,fear,2,angry,0,0.0647,False
fear_00204.png,fear,2,neutral,6,0.179,False
fear_00205.png,fear,2,fear,2,0.5414,True
fear_00206.png,fear,2,surprise,5,0.2525,True
fear_00207.png,fear,2,surprise,5,0.2198,False
fear_00208.png,fear,2,fear,2,0.3064,True
fear_00209.png,fear,2,neutral,6,0.1454,False
fear_00210.png,fear,2,happy,3,0.0133,False
fear_00211.png,fear,2,neutral,6,0.2147,False
fear_00212.png,fear,2,neutral,6,0.093,False
fear_00214.png,fear,2,surprise,5,0.0199,False
fear_00215.png,fear,2,neutral,6,0.1345,False
fear_00216.png,fear,2,surprise,5,0.3047,True
fear_00217.png,fear,2,neutral,6,0.0501,False
fear_00218.png,fear,2,neutral,6,0.0744,False
fear_00219.png,fear,2,happy,3,0.0178,False
fear_00220.png,fear,2,neutral,6,0.219,False
fear_00221.png,fear,2,fear,2,0.4848,True
fear_00222.png,fear,2,neutral,6,0.0753,False
fear_00223.png,fear,2,angry,0,0.0739,False
fear_00224.png,fear,2,neutral,6,0.0748,False
fear_00225.png,fear,2,neutral,6,0.054,False
fear_00226.png,fear,2,neutral,6,0.0534,False
fear_00227.png,fear,2,neutral,6,0.0538,False
fear_00228.png,fear,2,fear,2,0.6361,True
fear_00229.png,fear,2,angry,0,0.0263,False
fear_00230.png,fear,2,surprise,5,0.1243,False
fear_00231.png,fear,2,surprise,5,0.0968,False
fear_00232.png,fear,2,neutral,6,0.1847,False
fear_00233.png,fear,2,angry,0,0.2115,False
fear_00234.png,fear,2,fear,2,0.2545,True
fear_00235.png,fear,2,neutral,6,0.0712,False
fear_00236.png,fear,2,fear,2,0.4137,True
fear_00237.png,fear,2,neutral,6,0.0646,False
fear_00238.png,fear,2,disgust,1,0.2001,False
fear_00239.png,fear,2,happy,3,0.0958,False
fear_00240.png,fear,2,surprise,5,0.1593,False
fear_00241.png,fear,2,sad,4,0.1199,False
fear_00242.png,fear,2,angry,0,0.0779,False
fear_00243.png,fear,2,neutral,6,0.053,False
fear_00244.png,fear,2,surprise,5,0.1939,False
fear_00245.png,fear,2,neutral,6,0.1722,False
fear_00246.png,fear,2,fear,2,0.4211,True
fear_00247.png,fear,2,fear,2,0.5536,True
fear_00248.png,fear,2,neutral,6,0.0386,False
fear_00249.png,fear,2,sad,4,0.1221,False
fear_00250.png,fear,2,fear,2,0.8412,True
fear_00251.png,fear,2,neutral,6,0.1182,False
fear_00252.png,fear,2,fear,2,0.6655,True
fear_00253.png,fear,2,fear,2,0.7246,True
fear_00254.png,fear,2,fear,2,0.4807,True
fear_00255.png,fear,2,fear,2,0.5765,True
fear_00256.png,fear,2,neutral,6,0.2634,True
fear_00257.png,fear,2,surprise,5,0.047,False
fear_00258.png,fear,2,fear,2,0.4649,True
fear_00259.png,fear,2,neutral,6,0.0285,False
fear_00260.png,fear,2,fear,2,0.8098,True
fear_00261.png,fear,2,fear,2,0.4747,True
fear_00262.png,fear,2,neutral,6,0.2056,False
fear_00263.png,fear,2,neutral,6,0.1435,False
fear_00264.png,fear,2,fear,2,0.638,True
fear_00265.png,fear,2,neutral,6,0.1012,False
fear_00266.png,fear,2,fear,2,0.5442,True
fear_00267.png,fear,2,neutral,6,0.0527,False
fear_00268.png,fear,2,happy,3,0.0169,False
fear_00269.png,fear,2,neutral,6,0.0491,False
fear_00270.png,fear,2,fear,2,0.392,True
fear_00271.png,fear,2,neutral,6,0.1096,False
fear_00272.png,fear,2,angry,0,0.1365,False
fear_00273.png,fear,2,happy,3,0.1466,False
fear_00274.png,fear,2,angry,0,0.4203,True
fear_00275.png,fear,2,fear,2,0.5957,True
fear_00276.png,fear,2,neutral,6,0.0846,False
fear_00277.png,fear,2,happy,3,0.1153,False
fear_00278.png,fear,2,sad,4,0.1875,False
fear_00279.png,fear,2,neutral,6,0.015,False
fear_00280.png,fear,2,surprise,5,0.2653,True
fear_00281.png,fear,2,neutral,6,0.0684,False
fear_00282.png,fear,2,sad,4,0.2579,True
fear_00283.png,fear,2,fear,2,0.5275,True
fear_00284.png,fear,2,neutral,6,0.0569,False
fear_00285.png,fear,2,fear,2,0.4186,True
fear_00286.png,fear,2,happy,3,0.0808,False
fear_00287.png,fear,2,angry,0,0.2529,True
fear_00288.png,fear,2,neutral,6,0.0673,False
fear_00289.png,fear,2,neutral,6,0.0514,False
fear_00290.png,fear,2,neutral,6,0.0568,False
fear_00291.png,fear,2,neutral,6,0.0675,False
fear_00292.png,fear,2,neutral,6,0.0879,False
fear_00293.png,fear,2,surprise,5,0.308,True
fear_00294.png,fear,2,angry,0,0.147,False
fear_00295.png,fear,2,happy,3,0.043,False
fear_00296.png,fear,2,happy,3,0.0844,False
fear_00297.png,fear,2,surprise,5,0.1638,False
fear_00298.png,fear,2,angry,0,0.2244,False
fear_00299.png,fear,2,fear,2,0.2675,True
fear_00300.png,fear,2,surprise,5,0.1651,False
fear_00301.png,fear,2,surprise,5,0.0419,False
fear_00302.png,fear,2,neutral,6,0.0196,False
fear_00303.png,fear,2,neutral,6,0.0397,False
fear_00304.png,fear,2,sad,4,0.1922,False
fear_00305.png,fear,2,neutral,6,0.0341,False
fear_00306.png,fear,2,angry,0,0.1377,False
fear_00307.png,fear,2,neutral,6,0.1521,False
fear_00308.png,fear,2,surprise,5,0.0606,False
fear_00309.png,fear,2,happy,3,0.0254,False
fear_00310.png,fear,2,neutral,6,0.0406,False
fear_00311.png,fear,2,neutral,6,0.0762,False
fear_00312.png,fear,2,angry,0,0.0698,False
fear_00313.png,fear,2,neutral,6,0.0982,False
fear_00314.png,fear,2,fear,2,0.4139,True
fear_00315.png,fear,2,happy,3,0.0148,False
fear_00316.png,fear,2,angry,0,0.0603,False
fear_00317.png,fear,2,fear,2,0.8019,True
fear_00318.png,fear,2,sad,4,0.1245,False
fear_00319.png,fear,2,fear,2,0.6348,True
fear_00320.png,fear,2,fear,2,0.5335,True
fear_00321.png,fear,2,neutral,6,0.1538,False
fear_00322.png,fear,2,fear,2,0.5616,True
fear_00323.png,fear,2,neutral,6,0.1129,False
fear_00324.png,fear,2,fear,2,0.4176,True
fear_00325.png,fear,2,fear,2,0.2302,True
fear_00326.png,fear,2,surprise,5,0.0957,False
fear_00327.png,fear,2,fear,2,0.4718,True
fear_00328.png,fear,2,sad,4,0.3001,True
fear_00329.png,fear,2,neutral,6,0.0576,False
fear_00330.png,fear,2,neutral,6,0.0703,False
fear_00331.png,fear,2,angry,0,0.2019,False
fear_00332.png,fear,2,neutral,6,0.0792,False
fear_00333.png,fear,2,sad,4,0.365,True
fear_00334.png,fear,2,neutral,6,0.125,False
fear_00335.png,fear,2,neutral,6,0.0223,False
fear_00336.png,fear,2,surprise,5,0.0616,False
fear_00337.png,fear,2,happy,3,0.0131,False
fear_00338.png,fear,2,neutral,6,0.0264,False
fear_00339.png,fear,2,surprise,5,0.2358,False
fear_00340.png,fear,2,neutral,6,0.0552,False
fear_00341.png,fear,2,fear,2,0.4803,True
fear_00342.png,fear,2,surprise,5,0.0295,False
fear_00343.png,fear,2,happy,3,0.019,False
fear_00344.png,fear,2,neutral,6,0.0436,False
fear_00345.png,fear,2,surprise,5,0.03,False
fear_00346.png,fear,2,neutral,6,0.0246,False
fear_00347.png,fear,2,fear,2,0.3867,True
fear_00348.png,fear,2,surprise,5,0.1368,False
fear_00349.png,fear,2,neutral,6,0.0414,False
fear_00350.png,fear,2,fear,2,0.3853,True
fear_00351.png,fear,2,fear,2,0.5831,True
fear_00352.png,fear,2,fear,2,0.5691,True
fear_00353.png,fear,2,angry,0,0.0692,False
fear_00354.png,fear,2,disgust,1,0.0495,False
fear_00355.png,fear,2,angry,0,0.148,False
fear_00356.png,fear,2,angry,0,0.0784,False
fear_00357.png,fear,2,fear,2,0.4469,True
fear_00358.png,fear,2,neutral,6,0.0213,False
fear_00359.png,fear,2,disgust,1,0.0001,False
fear_00360.png,fear,2,fear,2,0.5307,True
fear_00361.png,fear,2,neutral,6,0.1999,False
fear_00362.png,fear,2,fear,2,0.3947,True
fear_00363.png,fear,2,neutral,6,0.0267,False
fear_00364.png,fear,2,neutral,6,0.0257,False
fear_00365.png,fear,2,fear,2,0.4151,True
fear_00366.png,fear,2,surprise,5,0.23,False
fear_00367.png,fear,2,fear,2,0.735,True
fear_00368.png,fear,2,neutral,6,0.041,False
fear_00369.png,fear,2,angry,0,0.034,False
fear_00370.png,fear,2,surprise,5,0.1261,False
fear_00371.png,fear,2,angry,0,0.154,False
fear_00372.png,fear,2,neutral,6,0.0511,False
fear_00373.png,fear,2,surprise,5,0.0136,False
fear_00374.png,fear,2,surprise,5,0.2391,False
fear_00375.png,fear,2,neutral,6,0.0367,False
fear_00376.png,fear,2,happy,3,0.089,False
fear_00377.png,fear,2,neutral,6,0.0665,False
fear_00378.png,fear,2,surprise,5,0.1383,False
fear_00379.png,fear,2,neutral,6,0.1544,False
fear_00380.png,fear,2,surprise,5,0.3012,True
fear_00381.png,fear,2,neutral,6,0.0525,False
fear_00382.png,fear,2,neutral,6,0.2173,False
fear_00383.png,fear,2,neutral,6,0.0541,False
fear_00384.png,fear,2,neutral,6,0.1363,False
fear_00385.png,fear,2,angry,0,0.1849,False
fear_00386.png,fear,2,surprise,5,0.0969,False
fear_00387.png,fear,2,surprise,5,0.3377,True
fear_00388.png,fear,2,surprise,5,0.315,True
fear_00389.png,fear,2,neutral,6,0.0531,False
fear_00390.png,fear,2,sad,4,0.2434,False
fear_00391.png,fear,2,happy,3,0.0213,False
fear_00392.png,fear,2,angry,0,0.2165,False
fear_00393.png,fear,2,surprise,5,0.0374,False
fear_00394.png,fear,2,neutral,6,0.0577,False
fear_00395.png,fear,2,happy,3,0.0161,False
fear_00396.png,fear,2,surprise,5,0.0529,False
fear_00397.png,fear,2,neutral,6,0.0395,False
fear_00398.png,fear,2,neutral,6,0.0684,False
fear_00399.png,fear,2,neutral,6,0.0234,False
fear_00400.png,fear,2,happy,3,0.0186,False
fear_00401.png,fear,2,neutral,6,0.0804,False
fear_00402.png,fear,2,neutral,6,0.2607,True
fear_00403.png,fear,2,surprise,5,0.081,False
fear_00404.png,fear,2,happy,3,0.0559,False
fear_00405.png,fear,2,fear,2,0.414,True
fear_00406.png,fear,2,neutral,6,0.0865,False
fear_00407.png,fear,2,neutral,6,0.048,False
fear_00408.png,fear,2,fear,2,0.6,True
fear_00409.png,fear,2,surprise,5,0.1204,False
fear_00410.png,fear,2,neutral,6,0.1896,False
fear_00411.png,fear,2,neutral,6,0.1058,False
fear_00412.png,fear,2,neutral,6,0.0334,False
fear_00413.png,fear,2,neutral,6,0.0405,False
fear_00414.png,fear,2,angry,0,0.0408,False
fear_00415.png,fear,2,neutral,6,0.1016,False
fear_00416.png,fear,2,neutral,6,0.066,False
fear_00417.png,fear,2,sad,4,0.1845,False
fear_00418.png,fear,2,fear,2,0.8671,True
fear_00419.png,fear,2,neutral,6,0.0419,False
fear_00420.png,fear,2,angry,0,0.1057,False
fear_00421.png,fear,2,fear,2,0.7068,True
fear_00422.png,fear,2,fear,2,0.664,True
fear_00423.png,fear,2,fear,2,0.2745,True
fear_00424.png,fear,2,neutral,6,0.0847,False
fear_00425.png,fear,2,surprise,5,0.1574,False
fear_00426.png,fear,2,angry,0,0.2944,True
fear_00427.png,fear,2,neutral,6,0.0193,False
fear_00428.png,fear,2,surprise,5,0.354,True
fear_00429.png,fear,2,angry,0,0.376,True
fear_00430.png,fear,2,happy,3,0.0436,False
fear_00431.png,fear,2,angry,0,0.0306,False
fear_00432.png,fear,2,surprise,5,0.0281,False
fear_00433.png,fear,2,neutral,6,0.2198,False
fear_00434.png,fear,2,angry,0,0.1258,False
fear_00435.png,fear,2,neutral,6,0.0602,False
fear_00436.png,fear,2,surprise,5,0.1511,False
fear_00437.png,fear,2,neutral,6,0.1246,False
fear_00438.png,fear,2,happy,3,0.0775,False
fear_00439.png,fear,2,surprise,5,0.19,False
fear_00440.png,fear,2,angry,0,0.1939,False
fear_00441.png,fear,2,neutral,6,0.1359,False
fear_00442.png,fear,2,fear,2,0.6299,True
fear_00443.png,fear,2,fear,2,0.4771,True
fear_00444.png,fear,2,surprise,5,0.067,False
fear_00445.png,fear,2,neutral,6,0.0276,False
fear_00446.png,fear,2,neutral,6,0.1638,False
fear_00447.png,fear,2,angry,0,0.0616,False
fear_00448.png,fear,2,angry,0,0.1492,False
fear_00449.png,fear,2,surprise,5,0.0791,False
fear_00450.png,fear,2,fear,2,0.3139,True
fear_00451.png,fear,2,surprise,5,0.1367,False
fear_00452.png,fear,2,neutral,6,0.0595,False
fear_00453.png,fear,2,surprise,5,0.1757,False
fear_00454.png,fear,2,neutral,6,0.0767,False
fear_00455.png,fear,2,neutral,6,0.0743,False
fear_00456.png,fear,2,neutral,6,0.0321,False
fear_00457.png,fear,2,neutral,6,0.0661,False
fear_00458.png,fear,2,neutral,6,0.0593,False
fear_00459.png,fear,2,sad,4,0.0911,False
fear_00460.png,fear,2,happy,3,0.1309,False
fear_00461.png,fear,2,neutral,6,0.0133,False
fear_00462.png,fear,2,neutral,6,0.0664,False
fear_00463.png,fear,2,sad,4,0.2608,True
fear_00464.png,fear,2,sad,4,0.1374,False
fear_00465.png,fear,2,neutral,6,0.2166,False
fear_00466.png,fear,2,neutral,6,0.138,False
fear_00467.png,fear,2,neutral,6,0.0218,False
fear_00468.png,fear,2,neutral,6,0.1019,False
fear_00469.png,fear,2,neutral,6,0.0344,False
fear_00470.png,fear,2,neutral,6,0.0917,False
fear_00471.png,fear,2,surprise,5,0.3184,True
fear_00472.png,fear,2,surprise,5,0.0687,False
fear_00473.png,fear,2,surprise,5,0.1764,False
fear_00474.png,fear,2,neutral,6,0.0487,False
fear_00475.png,fear,2,neutral,6,0.1052,False
fear_00476.png,fear,2,surprise,5,0.4073,True
fear_00477.png,fear,2,neutral,6,0.183,False
fear_00478.png,fear,2,fear,2,0.5928,True
fear_00479.png,fear,2,fear,2,0.4468,True
fear_00480.png,fear,2,fear,2,0.749,True
fear_00481.png,fear,2,neutral,6,0.1404,False
fear_00482.png,fear,2,sad,4,0.2301,False
fear_00483.png,fear,2,neutral,6,0.0294,False
fear_00484.png,fear,2,neutral,6,0.0102,False
fear_00485.png,fear,2,sad,4,0.2571,True
fear_00486.png,fear,2,surprise,5,0.0844,False
fear_00487.png,fear,2,neutral,6,0.1101,False
fear_00488.png,fear,2,surprise,5,0.0917,False
fear_00489.png,fear,2,fear,2,0.5765,True
fear_00490.png,fear,2,neutral,6,0.1555,False
fear_00491.png,fear,2,neutral,6,0.0944,False
fear_00492.png,fear,2,surprise,5,0.0496,False
fear_00493.png,fear,2,fear,2,0.8247,True
fear_00494.png,fear,2,sad,4,0.2993,True
fear_00495.png,fear,2,happy,3,0.0061,False
fear_00496.png,fear,2,angry,0,0.0551,False
fear_00497.png,fear,2,neutral,6,0.1482,False
fear_00498.png,fear,2,fear,2,0.4096,True
fear_00499.png,fear,2,neutral,6,0.0396,False
fear_00501.png,fear,2,fear,2,0.2867,True
fear_00502.png,fear,2,surprise,5,0.0804,False
fear_00503.png,fear,2,fear,2,0.4099,True
fear_00504.png,fear,2,surprise,5,0.2738,True
fear_00505.png,fear,2,surprise,5,0.0654,False
fear_00506.png,fear,2,neutral,6,0.1918,False
fear_00507.png,fear,2,neutral,6,0.3061,True
fear_00508.png,fear,2,neutral,6,0.0413,False
fear_00509.png,fear,2,neutral,6,0.1245,False
fear_00510.png,fear,2,neutral,6,0.1283,False
fear_00511.png,fear,2,surprise,5,0.2461,False
fear_00512.png,fear,2,neutral,6,0.0566,False
fear_00513.png,fear,2,surprise,5,0.0184,False
fear_00514.png,fear,2,fear,2,0.381,True
fear_00515.png,fear,2,angry,0,0.0215,False
fear_00516.png,fear,2,neutral,6,0.1344,False
fear_00517.png,fear,2,fear,2,0.6768,True
fear_00518.png,fear,2,fear,2,0.4906,True
fear_00519.png,fear,2,fear,2,0.5643,True
fear_00520.png,fear,2,neutral,6,0.1292,False
fear_00521.png,fear,2,neutral,6,0.0612,False
fear_00522.png,fear,2,surprise,5,0.2436,False
fear_00523.png,fear,2,neutral,6,0.1299,False
fear_00524.png,fear,2,surprise,5,0.2077,False
fear_00525.png,fear,2,happy,3,0.0204,False
fear_00527.png,fear,2,happy,3,0.1794,False
fear_00528.png,fear,2,surprise,5,0.2398,False
fear_00529.png,fear,2,fear,2,0.8582,True
fear_00530.png,fear,2,fear,2,0.5709,True
fear_00531.png,fear,2,fear,2,0.4161,True
fear_00532.png,fear,2,neutral,6,0.0179,False
fear_00533.png,fear,2,neutral,6,0.0412,False
fear_00534.png,fear,2,fear,2,0.4174,True
fear_00535.png,fear,2,neutral,6,0.0533,False
fear_00536.png,fear,2,angry,0,0.0484,False
fear_00537.png,fear,2,surprise,5,0.1656,False
fear_00538.png,fear,2,surprise,5,0.0594,False
fear_00539.png,fear,2,neutral,6,0.0422,False
fear_00540.png,fear,2,neutral,6,0.1773,False
fear_00541.png,fear,2,neutral,6,0.0192,False
fear_00542.png,fear,2,sad,4,0.2325,False
fear_00543.png,fear,2,angry,0,0.0594,False
fear_00544.png,fear,2,neutral,6,0.1017,False
fear_00545.png,fear,2,neutral,6,0.0261,False
fear_00546.png,fear,2,angry,0,0.4032,True
fear_00547.png,fear,2,neutral,6,0.0213,False
fear_00548.png,fear,2,surprise,5,0.2286,False
fear_00549.png,fear,2,angry,0,0.0619,False
fear_00550.png,fear,2,surprise,5,0.0572,False
fear_00551.png,fear,2,neutral,6,0.0861,False
fear_00552.png,fear,2,angry,0,0.2087,False
fear_00553.png,fear,2,surprise,5,0.1152,False
fear_00554.png,fear,2,angry,0,0.0639,False
fear_00555.png,fear,2,angry,0,0.1147,False
fear_00556.png,fear,2,fear,2,0.5117,True
fear_00557.png,fear,2,surprise,5,0.0654,False
fear_00558.png,fear,2,surprise,5,0.0338,False
fear_00559.png,fear,2,surprise,5,0.0045,False
fear_00560.png,fear,2,surprise,5,0.0187,False
fear_00561.png,fear,2,fear,2,0.3374,True
fear_00562.png,fear,2,neutral,6,0.0521,False
fear_00563.png,fear,2,angry,0,0.0472,False
fear_00564.png,fear,2,angry,0,0.084,False
fear_00565.png,fear,2,fear,2,0.4034,True
fear_00566.png,fear,2,fear,2,0.6811,True
fear_00567.png,fear,2,neutral,6,0.026,False
fear_00568.png,fear,2,sad,4,0.1095,False
fear_00569.png,fear,2,happy,3,0.0529,False
fear_00570.png,fear,2,fear,2,0.4695,True
fear_00571.png,fear,2,fear,2,0.7446,True
fear_00572.png,fear,2,sad,4,0.1083,False
fear_00573.png,fear,2,neutral,6,0.0551,False
fear_00574.png,fear,2,neutral,6,0.0871,False
fear_00575.png,fear,2,sad,4,0.268,True
fear_00576.png,fear,2,neutral,6,0.0179,False
fear_00577.png,fear,2,neutral,6,0.0278,False
fear_00578.png,fear,2,neutral,6,0.0375,False
fear_00579.png,fear,2,neutral,6,0.0252,False
fear_00580.png,fear,2,fear,2,0.707,True
fear_00581.png,fear,2,surprise,5,0.0226,False
fear_00582.png,fear,2,angry,0,0.0713,False
fear_00583.png,fear,2,angry,0,0.0958,False
fear_00584.png,fear,2,fear,2,0.3587,True
fear_00585.png,fear,2,neutral,6,0.0259,False
fear_00586.png,fear,2,neutral,6,0.0895,False
fear_00587.png,fear,2,fear,2,0.298,True
fear_00588.png,fear,2,surprise,5,0.1675,False
fear_00589.png,fear,2,neutral,6,0.05,False
fear_00590.png,fear,2,happy,3,0.1157,False
fear_00591.png,fear,2,angry,0,0.0693,False
fear_00592.png,fear,2,neutral,6,0.0715,False
fear_00593.png,fear,2,neutral,6,0.1875,False
fear_00594.png,fear,2,neutral,6,0.0803,False
fear_00595.png,fear,2,fear,2,0.3608,True
fear_00596.png,fear,2,fear,2,0.6751,True
fear_00597.png,fear,2,fear,2,0.4432,True
fear_00598.png,fear,2,fear,2,0.522,True
fear_00599.png,fear,2,neutral,6,0.109,False
fear_00601.png,fear,2,neutral,6,0.1518,False
fear_00602.png,fear,2,neutral,6,0.1077,False
fear_00603.png,fear,2,surprise,5,0.197,False
fear_00604.png,fear,2,surprise,5,0.1173,False
fear_00605.png,fear,2,fear,2,0.5986,True
fear_00606.png,fear,2,fear,2,0.4867,True
fear_00607.png,fear,2,neutral,6,0.0557,False
fear_00608.png,fear,2,surprise,5,0.231,False
fear_00609.png,fear,2,fear,2,0.6384,True
fear_00610.png,fear,2,fear,2,0.2597,True
fear_00611.png,fear,2,neutral,6,0.038,False
fear_00612.png,fear,2,fear,2,0.5238,True
fear_00613.png,fear,2,surprise,5,0.1691,False
fear_00614.png,fear,2,fear,2,0.6173,True
fear_00615.png,fear,2,fear,2,0.5272,True
fear_00617.png,fear,2,sad,4,0.3385,True
fear_00618.png,fear,2,fear,2,0.6755,True
fear_00619.png,fear,2,surprise,5,0.0151,False
fear_00620.png,fear,2,surprise,5,0.0677,False
fear_00621.png,fear,2,neutral,6,0.0448,False
fear_00622.png,fear,2,fear,2,0.7729,True
fear_00623.png,fear,2,fear,2,0.6982,True
fear_00624.png,fear,2,neutral,6,0.1981,False
fear_00625.png,fear,2,surprise,5,0.1228,False
fear_00626.png,fear,2,fear,2,0.4429,True
fear_00627.png,fear,2,happy,3,0.1128,False
fear_00628.png,fear,2,happy,3,0.0646,False
fear_00629.png,fear,2,neutral,6,0.0504,False
fear_00630.png,fear,2,fear,2,0.429,True
fear_00631.png,fear,2,surprise,5,0.1471,False
fear_00632.png,fear,2,surprise,5,0.0538,False
fear_00633.png,fear,2,neutral,6,0.0426,False
fear_00634.png,fear,2,fear,2,0.3712,True
fear_00635.png,fear,2,neutral,6,0.0494,False
fear_00636.png,fear,2,neutral,6,0.0493,False
fear_00637.png,fear,2,surprise,5,0.081,False
fear_00638.png,fear,2,neutral,6,0.0453,False
fear_00639.png,fear,2,neutral,6,0.051,False
fear_00640.png,fear,2,angry,0,0.1834,False
fear_00641.png,fear,2,angry,0,0.3194,True
fear_00643.png,fear,2,neutral,6,0.2031,False
fear_00644.png,fear,2,angry,0,0.0578,False
fear_00645.png,fear,2,fear,2,0.6358,True
fear_00646.png,fear,2,neutral,6,0.1151,False
fear_00647.png,fear,2,surprise,5,0.1899,False
fear_00648.png,fear,2,neutral,6,0.0512,False
fear_00649.png,fear,2,happy,3,0.0098,False
fear_00650.png,fear,2,angry,0,0.3756,True
fear_00651.png,fear,2,fear,2,0.5134,True
fear_00652.png,fear,2,disgust,1,0.0329,False
fear_00653.png,fear,2,fear,2,0.396,True
fear_00654.png,fear,2,neutral,6,0.0889,False
fear_00655.png,fear,2,happy,3,0.1754,False
fear_00656.png,fear,2,surprise,5,0.0719,False
fear_00657.png,fear,2,neutral,6,0.0706,False
fear_00658.png,fear,2,neutral,6,0.1044,False
fear_00659.png,fear,2,neutral,6,0.074,False
fear_00660.png,fear,2,happy,3,0.0565,False
fear_00661.png,fear,2,surprise,5,0.0223,False
fear_00662.png,fear,2,fear,2,0.79,True
fear_00663.png,fear,2,fear,2,0.5755,True
fear_00664.png,fear,2,neutral,6,0.2209,False
fear_00665.png,fear,2,fear,2,0.4801,True
fear_00666.png,fear,2,neutral,6,0.0669,False
fear_00667.png,fear,2,surprise,5,0.2359,False
fear_00668.png,fear,2,neutral,6,0.0359,False
fear_00669.png,fear,2,fear,2,0.5282,True
fear_00670.png,fear,2,fear,2,0.4824,True
fear_00671.png,fear,2,neutral,6,0.0321,False
fear_00672.png,fear,2,neutral,6,0.0919,False
fear_00673.png,fear,2,neutral,6,0.092,False
fear_00674.png,fear,2,neutral,6,0.0627,False
fear_00675.png,fear,2,fear,2,0.5718,True
fear_00676.png,fear,2,neutral,6,0.0482,False
fear_00677.png,fear,2,neutral,6,0.0497,False
fear_00678.png,fear,2,fear,2,0.3774,True
fear_00679.png,fear,2,neutral,6,0.0925,False
fear_00680.png,fear,2,neutral,6,0.1312,False
fear_00681.png,fear,2,neutral,6,0.1336,False
fear_00682.png,fear,2,fear,2,0.3849,True
fear_00683.png,fear,2,fear,2,0.8291,True
fear_00684.png,fear,2,surprise,5,0.1289,False
fear_00685.png,fear,2,fear,2,0.6073,True
fear_00686.png,fear,2,neutral,6,0.0642,False
fear_00687.png,fear,2,neutral,6,0.1226,False
fear_00688.png,fear,2,angry,0,0.0728,False
fear_00689.png,fear,2,neutral,6,0.2785,True
fear_00690.png,fear,2,neutral,6,0.0435,False
fear_00691.png,fear,2,fear,2,0.632,True
fear_00692.png,fear,2,happy,3,0.0581,False
fear_00693.png,fear,2,fear,2,0.6333,True
fear_00694.png,fear,2,neutral,6,0.1342,False
fear_00695.png,fear,2,surprise,5,0.0373,False
fear_00696.png,fear,2,surprise,5,0.3135,True
fear_00697.png,fear,2,neutral,6,0.0577,False
fear_00698.png,fear,2,fear,2,0.4957,True
fear_00699.png,fear,2,fear,2,0.5454,True
fear_00700.png,fear,2,fear,2,0.2942,True
fear_00701.png,fear,2,fear,2,0.2601,True
fear_00702.png,fear,2,fear,2,0.7044,True
fear_00703.png,fear,2,happy,3,0.0248,False
fear_00704.png,fear,2,neutral,6,0.0753,False
fear_00705.png,fear,2,angry,0,0.124,False
fear_00706.png,fear,2,neutral,6,0.023,False
fear_00707.png,fear,2,neutral,6,0.0288,False
fear_00708.png,fear,2,neutral,6,0.0526,False
fear_00709.png,fear,2,fear,2,0.447,True
fear_00710.png,fear,2,fear,2,0.3021,True
fear_00711.png,fear,2,neutral,6,0.0726,False
fear_00712.png,fear,2,angry,0,0.0875,False
fear_00713.png,fear,2,neutral,6,0.0594,False
fear_00714.png,fear,2,neutral,6,0.0834,False
fear_00715.png,fear,2,neutral,6,0.0329,False
fear_00716.png,fear,2,fear,2,0.3615,True
fear_00717.png,fear,2,neutral,6,0.1615,False
fear_00718.png,fear,2,angry,0,0.1486,False
fear_00719.png,fear,2,happy,3,0.0437,False
fear_00721.png,fear,2,surprise,5,0.0382,False
fear_00722.png,fear,2,fear,2,0.4574,True
fear_00723.png,fear,2,surprise,5,0.0905,False
fear_00724.png,fear,2,angry,0,0.1019,False
fear_00725.png,fear,2,surprise,5,0.1246,False
fear_00726.png,fear,2,fear,2,0.3217,True
fear_00727.png,fear,2,neutral,6,0.0861,False
fear_00728.png,fear,2,neutral,6,0.0573,False
fear_00729.png,fear,2,fear,2,0.5143,True
fear_00730.png,fear,2,sad,4,0.1746,False
fear_00731.png,fear,2,surprise,5,0.0389,False
fear_00732.png,fear,2,fear,2,0.5075,True
fear_00733.png,fear,2,happy,3,0.2139,False
fear_00734.png,fear,2,neutral,6,0.0252,False
fear_00735.png,fear,2,neutral,6,0.0331,False
fear_00736.png,fear,2,neutral,6,0.0494,False
fear_00737.png,fear,2,neutral,6,0.064,False
fear_00738.png,fear,2,surprise,5,0.2734,True
fear_00739.png,fear,2,fear,2,0.759,True
fear_00740.png,fear,2,neutral,6,0.0198,False
fear_00741.png,fear,2,happy,3,0.0222,False
fear_00742.png,fear,2,fear,2,0.3867,True
fear_00743.png,fear,2,fear,2,0.6512,True
fear_00744.png,fear,2,neutral,6,0.0111,False
fear_00745.png,fear,2,neutral,6,0.0475,False
fear_00746.png,fear,2,fear,2,0.4986,True
fear_00747.png,fear,2,neutral,6,0.2088,False
fear_00748.png,fear,2,fear,2,0.468,True
fear_00749.png,fear,2,surprise,5,0.1015,False
fear_00750.png,fear,2,fear,2,0.6076,True
fear_00751.png,fear,2,surprise,5,0.112,False
fear_00752.png,fear,2,neutral,6,0.1201,False
fear_00753.png,fear,2,neutral,6,0.0406,False
fear_00754.png,fear,2,surprise,5,0.0448,False
fear_00755.png,fear,2,neutral,6,0.0296,False
fear_00756.png,fear,2,surprise,5,0.2554,True
fear_00757.png,fear,2,neutral,6,0.0812,False
fear_00758.png,fear,2,fear,2,0.3383,True
fear_00759.png,fear,2,surprise,5,0.126,False
fear_00760.png,fear,2,neutral,6,0.143,False
fear_00761.png,fear,2,fear,2,0.363,True
fear_00762.png,fear,2,neutral,6,0.0577,False
fear_00763.png,fear,2,surprise,5,0.1532,False
fear_00764.png,fear,2,fear,2,0.8625,True
fear_00765.png,fear,2,surprise,5,0.2865,True
fear_00766.png,fear,2,neutral,6,0.0518,False
fear_00767.png,fear,2,surprise,5,0.1476,False
fear_00768.png,fear,2,fear,2,0.7885,True
fear_00769.png,fear,2,surprise,5,0.0732,False
fear_00770.png,fear,2,fear,2,0.6058,True
fear_00771.png,fear,2,fear,2,0.3947,True
fear_00772.png,fear,2,neutral,6,0.0404,False
fear_00773.png,fear,2,surprise,5,0.1965,False
fear_00774.png,fear,2,surprise,5,0.2488,False
fear_00775.png,fear,2,fear,2,0.5059,True
fear_00776.png,fear,2,fear,2,0.6435,True
fear_00777.png,fear,2,surprise,5,0.2597,True
fear_00778.png,fear,2,neutral,6,0.0587,False
fear_00779.png,fear,2,neutral,6,0.096,False
fear_00780.png,fear,2,neutral,6,0.0616,False
fear_00781.png,fear,2,surprise,5,0.147,False
fear_00782.png,fear,2,neutral,6,0.0963,False
fear_00783.png,fear,2,neutral,6,0.0433,False
fear_00784.png,fear,2,neutral,6,0.0565,False
fear_00785.png,fear,2,surprise,5,0.122,False
fear_00786.png,fear,2,fear,2,0.4198,True
fear_00787.png,fear,2,neutral,6,0.023,False
fear_00788.png,fear,2,neutral,6,0.1241,False
fear_00789.png,fear,2,fear,2,0.5606,True
fear_00790.png,fear,2,surprise,5,0.3134,True
fear_00791.png,fear,2,angry,0,0.0815,False
fear_00792.png,fear,2,neutral,6,0.0248,False
fear_00793.png,fear,2,sad,4,0.1887,False
fear_00794.png,fear,2,surprise,5,0.2304,False
fear_00795.png,fear,2,neutral,6,0.0205,False
fear_00796.png,fear,2,surprise,5,0.399,True
fear_00797.png,fear,2,neutral,6,0.0969,False
fear_00798.png,fear,2,happy,3,0.0399,False
fear_00799.png,fear,2,disgust,1,0.035,False
fear_00800.png,fear,2,fear,2,0.4139,True
fear_00801.png,fear,2,happy,3,0.032,False
fear_00802.png,fear,2,sad,4,0.1082,False
fear_00803.png,fear,2,angry,0,0.1822,False
fear_00804.png,fear,2,fear,2,0.6125,True
fear_00805.png,fear,2,surprise,5,0.0253,False
fear_00806.png,fear,2,sad,4,0.1842,False
fear_00807.png,fear,2,angry,0,0.1148,False
fear_00808.png,fear,2,neutral,6,0.1093,False
fear_00809.png,fear,2,neutral,6,0.0145,False
fear_00810.png,fear,2,surprise,5,0.1314,False
fear_00811.png,fear,2,neutral,6,0.1084,False
fear_00812.png,fear,2,neutral,6,0.0433,False
fear_00813.png,fear,2,fear,2,0.4911,True
fear_00814.png,fear,2,fear,2,0.4629,True
fear_00815.png,fear,2,angry,0,0.1963,False
fear_00816.png,fear,2,fear,2,0.3325,True
fear_00817.png,fear,2,angry,0,0.0272,False
fear_00818.png,fear,2,neutral,6,0.0779,False
fear_00819.png,fear,2,angry,0,0.0385,False
fear_00820.png,fear,2,fear,2,0.4775,True
fear_00821.png,fear,2,neutral,6,0.0299,False
fear_00822.png,fear,2,surprise,5,0.3864,True
fear_00823.png,fear,2,fear,2,0.4736,True
fear_00824.png,fear,2,fear,2,0.8291,True
fear_00825.png,fear,2,surprise,5,0.2375,False
fear_00826.png,fear,2,fear,2,0.761,True
fear_00827.png,fear,2,sad,4,0.2051,False
fear_00829.png,fear,2,sad,4,0.1784,False
fear_00830.png,fear,2,neutral,6,0.166,False
fear_00831.png,fear,2,neutral,6,0.0454,False
fear_00832.png,fear,2,neutral,6,0.094,False
fear_00833.png,fear,2,surprise,5,0.1235,False
fear_00834.png,fear,2,happy,3,0.0148,False
fear_00835.png,fear,2,neutral,6,0.0576,False
fear_00836.png,fear,2,sad,4,0.3133,True
fear_00837.png,fear,2,surprise,5,0.3029,True
fear_00838.png,fear,2,neutral,6,0.0995,False
fear_00839.png,fear,2,neutral,6,0.0942,False
fear_00840.png,fear,2,surprise,5,0.259,True
fear_00841.png,fear,2,neutral,6,0.0441,False
fear_00842.png,fear,2,neutral,6,0.0289,False
fear_00843.png,fear,2,surprise,5,0.3335,True
fear_00844.png,fear,2,fear,2,0.7693,True
fear_00845.png,fear,2,sad,4,0.0647,False
fear_00846.png,fear,2,neutral,6,0.0549,False
fear_00848.png,fear,2,neutral,6,0.066,False
fear_00849.png,fear,2,surprise,5,0.13,False
fear_00850.png,fear,2,neutral,6,0.0267,False
fear_00851.png,fear,2,neutral,6,0.0327,False
fear_00852.png,fear,2,neutral,6,0.0299,False
fear_00853.png,fear,2,neutral,6,0.0404,False
fear_00854.png,fear,2,surprise,5,0.1506,False
fear_00855.png,fear,2,happy,3,0.1812,False
fear_00856.png,fear,2,neutral,6,0.0337,False
fear_00857.png,fear,2,neutral,6,0.0242,False
fear_00858.png,fear,2,neutral,6,0.0712,False
fear_00859.png,fear,2,surprise,5,0.0859,False
fear_00860.png,fear,2,fear,2,0.7339,True
fear_00861.png,fear,2,neutral,6,0.043,False
fear_00862.png,fear,2,surprise,5,0.0611,False
fear_00863.png,fear,2,fear,2,0.381,True
fear_00864.png,fear,2,neutral,6,0.1212,False
fear_00865.png,fear,2,neutral,6,0.0531,False
fear_00866.png,fear,2,angry,0,0.0452,False
fear_00867.png,fear,2,neutral,6,0.0485,False
fear_00868.png,fear,2,neutral,6,0.0926,False
fear_00869.png,fear,2,happy,3,0.0104,False
fear_00870.png,fear,2,surprise,5,0.1787,False
fear_00871.png,fear,2,neutral,6,0.0409,False
fear_00872.png,fear,2,angry,0,0.1186,False
fear_00873.png,fear,2,neutral,6,0.078,False
fear_00874.png,fear,2,neutral,6,0.129,False
fear_00875.png,fear,2,surprise,5,0.1074,False
fear_00877.png,fear,2,sad,4,0.2095,False
fear_00878.png,fear,2,angry,0,0.2178,False
fear_00879.png,fear,2,surprise,5,0.1448,False
fear_00880.png,fear,2,fear,2,0.5718,True
fear_00881.png,fear,2,surprise,5,0.0279,False
fear_00882.png,fear,2,neutral,6,0.0295,False
fear_00883.png,fear,2,happy,3,0.0078,False
fear_00884.png,fear,2,neutral,6,0.0636,False
fear_00885.png,fear,2,fear,2,0.4394,True
fear_00886.png,fear,2,fear,2,0.6925,True
fear_00887.png,fear,2,fear,2,0.7443,True
fear_00888.png,fear,2,neutral,6,0.0483,False
fear_00889.png,fear,2,neutral,6,0.1203,False
fear_00890.png,fear,2,happy,3,0.0277,False
fear_00891.png,fear,2,neutral,6,0.0241,False
fear_00892.png,fear,2,fear,2,0.4715,True
fear_00893.png,fear,2,neutral,6,0.0852,False
fear_00894.png,fear,2,fear,2,0.4031,True
fear_00895.png,fear,2,fear,2,0.2851,True
fear_00896.png,fear,2,surprise,5,0.0955,False
fear_00897.png,fear,2,neutral,6,0.0342,False
fear_00898.png,fear,2,fear,2,0.7379,True
fear_00899.png,fear,2,happy,3,0.0275,False
fear_00900.png,fear,2,surprise,5,0.0807,False
fear_00901.png,fear,2,neutral,6,0.0351,False
fear_00902.png,fear,2,angry,0,0.2261,False
fear_00903.png,fear,2,surprise,5,0.0296,False
fear_00904.png,fear,2,fear,2,0.3356,True
fear_00905.png,fear,2,happy,3,0.0992,False
fear_00906.png,fear,2,neutral,6,0.0879,False
fear_00907.png,fear,2,neutral,6,0.0488,False
fear_00908.png,fear,2,sad,4,0.1371,False
fear_00909.png,fear,2,neutral,6,0.0955,False
fear_00910.png,fear,2,fear,2,0.2976,True
fear_00911.png,fear,2,disgust,1,0.0369,False
fear_00912.png,fear,2,happy,3,0.145,False
fear_00913.png,fear,2,surprise,5,0.0317,False
fear_00914.png,fear,2,neutral,6,0.049,False
fear_00915.png,fear,2,fear,2,0.307,True
fear_00916.png,fear,2,fear,2,0.7841,True
fear_00917.png,fear,2,surprise,5,0.1564,False
fear_00918.png,fear,2,surprise,5,0.0942,False
fear_00919.png,fear,2,surprise,5,0.2838,True
fear_00920.png,fear,2,surprise,5,0.147,False
fear_00921.png,fear,2,surprise,5,0.0736,False
fear_00922.png,fear,2,surprise,5,0.1052,False
fear_00923.png,fear,2,neutral,6,0.0896,False
fear_00924.png,fear,2,disgust,1,0.0724,False
fear_00925.png,fear,2,neutral,6,0.0499,False
fear_00926.png,fear,2,happy,3,0.0659,False
fear_00927.png,fear,2,fear,2,0.3084,True
fear_00928.png,fear,2,angry,0,0.0292,False
fear_00929.png,fear,2,neutral,6,0.1702,False
fear_00930.png,fear,2,surprise,5,0.1356,False
fear_00932.png,fear,2,neutral,6,0.0125,False
fear_00933.png,fear,2,surprise,5,0.0289,False
fear_00934.png,fear,2,fear,2,0.3891,True
fear_00935.png,fear,2,sad,4,0.2164,False
fear_00936.png,fear,2,neutral,6,0.1506,False
fear_00937.png,fear,2,fear,2,0.2449,True
fear_00938.png,fear,2,surprise,5,0.1917,False
fear_00939.png,fear,2,neutral,6,0.1662,False
fear_00940.png,fear,2,surprise,5,0.0943,False
fear_00941.png,fear,2,neutral,6,0.167,False
fear_00942.png,fear,2,neutral,6,0.1002,False
fear_00943.png,fear,2,surprise,5,0.2259,False
fear_00944.png,fear,2,neutral,6,0.0759,False
fear_00945.png,fear,2,neutral,6,0.0585,False
fear_00946.png,fear,2,fear,2,0.3487,True
fear_00947.png,fear,2,surprise,5,0.1579,False
fear_00948.png,fear,2,surprise,5,0.1078,False
fear_00949.png,fear,2,neutral,6,0.0465,False
fear_00950.png,fear,2,sad,4,0.1683,False
fear_00951.png,fear,2,neutral,6,0.2378,False
fear_00952.png,fear,2,neutral,6,0.1336,False
fear_00953.png,fear,2,neutral,6,0.0339,False
fear_00954.png,fear,2,surprise,5,0.0259,False
fear_00955.png,fear,2,neutral,6,0.0365,False
fear_00957.png,fear,2,neutral,6,0.0243,False
fear_00958.png,fear,2,neutral,6,0.0625,False
fear_00959.png,fear,2,happy,3,0.0496,False
fear_00960.png,fear,2,surprise,5,0.2931,True
fear_00961.png,fear,2,surprise,5,0.1159,False
fear_00962.png,fear,2,neutral,6,0.0758,False
fear_00963.png,fear,2,neutral,6,0.0725,False
fear_00964.png,fear,2,fear,2,0.6629,True
fear_00965.png,fear,2,neutral,6,0.0362,False
fear_00966.png,fear,2,sad,4,0.0838,False
fear_00967.png,fear,2,neutral,6,0.0617,False
fear_00968.png,fear,2,surprise,5,0.1282,False
fear_00969.png,fear,2,neutral,6,0.0267,False
fear_00970.png,fear,2,neutral,6,0.04,False
fear_00971.png,fear,2,fear,2,0.3302,True
fear_00972.png,fear,2,fear,2,0.569,True
fear_00973.png,fear,2,neutral,6,0.0716,False
fear_00974.png,fear,2,sad,4,0.1565,False
fear_00975.png,fear,2,neutral,6,0.0387,False
fear_00976.png,fear,2,neutral,6,0.2691,True
fear_00977.png,fear,2,angry,0,0.0516,False
fear_00978.png,fear,2,surprise,5,0.1146,False
fear_00979.png,fear,2,neutral,6,0.1069,False
fear_00980.png,fear,2,surprise,5,0.1585,False
fear_00981.png,fear,2,angry,0,0.2663,True
fear_00982.png,fear,2,neutral,6,0.0906,False
fear_00983.png,fear,2,neutral,6,0.1048,False
fear_00984.png,fear,2,fear,2,0.5117,True
fear_00985.png,fear,2,surprise,5,0.1544,False
fear_00986.png,fear,2,surprise,5,0.0616,False
fear_00987.png,fear,2,neutral,6,0.116,False
fear_00988.png,fear,2,neutral,6,0.0898,False
fear_00989.png,fear,2,happy,3,0.0866,False
fear_00990.png,fear,2,fear,2,0.613,True
fear_00991.png,fear,2,angry,0,0.1272,False
fear_00992.png,fear,2,fear,2,0.3502,True
fear_00993.png,fear,2,surprise,5,0.0367,False
fear_00994.png,fear,2,fear,2,0.3888,True
fear_00995.png,fear,2,neutral,6,0.163,False
fear_00996.png,fear,2,neutral,6,0.0575,False
fear_00997.png,fear,2,neutral,6,0.0195,False
fear_00998.png,fear,2,fear,2,0.432,True
fear_00999.png,fear,2,disgust,1,0.0547,False
fear_01000.png,fear,2,angry,0,0.0792,False
fear_01001.png,fear,2,angry,0,0.1701,False
fear_01002.png,fear,2,neutral,6,0.0516,False
fear_01003.png,fear,2,fear,2,0.4952,True
fear_01004.png,fear,2,surprise,5,0.176,False
fear_01005.png,fear,2,neutral,6,0.0634,False
fear_01006.png,fear,2,sad,4,0.1064,False
fear_01007.png,fear,2,neutral,6,0.0947,False
fear_01008.png,fear,2,fear,2,0.6008,True
fear_01009.png,fear,2,surprise,5,0.1369,False
fear_01010.png,fear,2,fear,2,0.5045,True
fear_01011.png,fear,2,surprise,5,0.2409,False
fear_01012.png,fear,2,neutral,6,0.1451,False
fear_01013.png,fear,2,fear,2,0.6934,True
fear_01014.png,fear,2,fear,2,0.3342,True
fear_01015.png,fear,2,sad,4,0.1806,False
fear_01017.png,fear,2,neutral,6,0.066,False
fear_01018.png,fear,2,neutral,6,0.0741,False
fear_01019.png,fear,2,neutral,6,0.1647,False
fear_01020.png,fear,2,neutral,6,0.1895,False
fear_01021.png,fear,2,surprise,5,0.0831,False
fear_01022.png,fear,2,fear,2,0.2852,True
fear_01023.png,fear,2,fear,2,0.3231,True
fear_01024.png,fear,2,neutral,6,0.0268,False
fear_01025.png,fear,2,fear,2,0.43,True
fear_01026.png,fear,2,neutral,6,0.0139,False
fear_01028.png,fear,2,angry,0,0.152,False
fear_01029.png,fear,2,neutral,6,0.1889,False
fear_01030.png,fear,2,happy,3,0.1247,False
fear_01031.png,fear,2,angry,0,0.2187,False
fear_01032.png,fear,2,sad,4,0.1742,False
fear_01033.png,fear,2,fear,2,0.5561,True
fear_01034.png,fear,2,fear,2,0.5259,True
fear_01035.png,fear,2,surprise,5,0.2346,False
fear_01036.png,fear,2,happy,3,0.0161,False
fear_01037.png,fear,2,fear,2,0.4425,True
fear_01038.png,fear,2,neutral,6,0.0616,False
fear_01039.png,fear,2,neutral,6,0.117,False
fear_01040.png,fear,2,neutral,6,0.0569,False
fear_01041.png,fear,2,neutral,6,0.059,False
fear_01042.png,fear,2,surprise,5,0.0392,False
fear_01043.png,fear,2,neutral,6,0.1355,False
fear_01044.png,fear,2,surprise,5,0.2987,True
fear_01045.png,fear,2,neutral,6,0.0455,False
fear_01046.png,fear,2,surprise,5,0.0862,False
fear_01047.png,fear,2,neutral,6,0.1074,False
fear_01048.png,fear,2,neutral,6,0.0581,False
fear_01049.png,fear,2,surprise,5,0.0674,False
fear_01050.png,fear,2,neutral,6,0.043,False
fear_01052.png,fear,2,surprise,5,0.2404,False
fear_01053.png,fear,2,fear,2,0.756,True
fear_01054.png,fear,2,fear,2,0.4261,True
fear_01055.png,fear,2,neutral,6,0.0433,False
fear_01056.png,fear,2,fear,2,0.5977,True
fear_01057.png,fear,2,neutral,6,0.0524,False
fear_01058.png,fear,2,surprise,5,0.1722,False
fear_01059.png,fear,2,angry,0,0.1689,False
fear_01060.png,fear,2,surprise,5,0.0774,False
fear_01061.png,fear,2,surprise,5,0.0823,False
fear_01062.png,fear,2,neutral,6,0.0521,False
fear_01063.png,fear,2,neutral,6,0.1397,False
fear_01064.png,fear,2,happy,3,0.0101,False
fear_01065.png,fear,2,surprise,5,0.1575,False
fear_01066.png,fear,2,fear,2,0.6588,True
fear_01067.png,fear,2,neutral,6,0.1397,False
fear_01068.png,fear,2,neutral,6,0.0522,False
fear_01069.png,fear,2,surprise,5,0.1271,False
fear_01070.png,fear,2,fear,2,0.7335,True
fear_01071.png,fear,2,surprise,5,0.3418,True
fear_01072.png,fear,2,fear,2,0.4528,True
fear_01073.png,fear,2,neutral,6,0.0226,False
fear_01074.png,fear,2,neutral,6,0.037,False
fear_01075.png,fear,2,angry,0,0.0264,False
fear_01076.png,fear,2,disgust,1,0.0194,False
fear_01077.png,fear,2,fear,2,0.3058,True
fear_01078.png,fear,2,happy,3,0.0992,False
fear_01079.png,fear,2,surprise,5,0.3246,True
fear_01080.png,fear,2,surprise,5,0.3093,True
fear_01081.png,fear,2,surprise,5,0.0538,False
fear_01082.png,fear,2,sad,4,0.2093,False
fear_01083.png,fear,2,sad,4,0.0676,False
fear_01084.png,fear,2,fear,2,0.5301,True
fear_01085.png,fear,2,neutral,6,0.0844,False
fear_01086.png,fear,2,neutral,6,0.1003,False
fear_01087.png,fear,2,surprise,5,0.1833,False
fear_01088.png,fear,2,surprise,5,0.1325,False
fear_01089.png,fear,2,sad,4,0.3177,True
fear_01090.png,fear,2,happy,3,0.2027,False
fear_01091.png,fear,2,surprise,5,0.1012,False
fear_01092.png,fear,2,neutral,6,0.0223,False
fear_01093.png,fear,2,neutral,6,0.0597,False
fear_01094.png,fear,2,surprise,5,0.029,False
fear_01095.png,fear,2,neutral,6,0.0599,False
fear_01096.png,fear,2,happy,3,0.0236,False
fear_01097.png,fear,2,fear,2,0.5347,True
fear_01098.png,fear,2,neutral,6,0.0833,False
fear_01099.png,fear,2,neutral,6,0.0541,False
fear_01100.png,fear,2,fear,2,0.3325,True
fear_01101.png,fear,2,neutral,6,0.0379,False
fear_01102.png,fear,2,happy,3,0.0167,False
fear_01103.png,fear,2,happy,3,0.1667,False
fear_01104.png,fear,2,sad,4,0.1753,False
fear_01105.png,fear,2,surprise,5,0.0194,False
fear_01106.png,fear,2,disgust,1,0.0812,False
fear_01107.png,fear,2,neutral,6,0.0686,False
fear_01108.png,fear,2,neutral,6,0.038,False
fear_01109.png,fear,2,neutral,6,0.1299,False
fear_01110.png,fear,2,fear,2,0.2777,True
fear_01111.png,fear,2,surprise,5,0.1343,False
fear_01112.png,fear,2,fear,2,0.7815,True
fear_01113.png,fear,2,surprise,5,0.061,False
fear_01114.png,fear,2,surprise,5,0.3234,True
fear_01115.png,fear,2,surprise,5,0.1465,False
fear_01116.png,fear,2,disgust,1,0.0241,False
fear_01117.png,fear,2,surprise,5,0.0976,False
fear_01118.png,fear,2,angry,0,0.1673,False
fear_01119.png,fear,2,angry,0,0.1929,False
fear_01120.png,fear,2,surprise,5,0.18,False
fear_01121.png,fear,2,neutral,6,0.1201,False
fear_01122.png,fear,2,surprise,5,0.1788,False
fear_01123.png,fear,2,surprise,5,0.2419,False
fear_01124.png,fear,2,neutral,6,0.0063,False
fear_01125.png,fear,2,neutral,6,0.09,False
fear_01126.png,fear,2,fear,2,0.3378,True
fear_01127.png,fear,2,neutral,6,0.1837,False
fear_01128.png,fear,2,surprise,5,0.0978,False
fear_01129.png,fear,2,neutral,6,0.0943,False
fear_01130.png,fear,2,fear,2,0.5156,True
fear_01131.png,fear,2,surprise,5,0.1575,False
fear_01132.png,fear,2,neutral,6,0.0312,False
fear_01133.png,fear,2,surprise,5,0.1407,False
fear_01134.png,fear,2,neutral,6,0.065,False
fear_01135.png,fear,2,surprise,5,0.1864,False
fear_01136.png,fear,2,fear,2,0.3406,True
fear_01137.png,fear,2,neutral,6,0.1568,False
fear_01138.png,fear,2,surprise,5,0.0767,False
fear_01139.png,fear,2,surprise,5,0.1921,False
fear_01140.png,fear,2,neutral,6,0.0387,False
fear_01141.png,fear,2,surprise,5,0.0883,False
fear_01142.png,fear,2,neutral,6,0.1735,False
fear_01143.png,fear,2,neutral,6,0.0568,False
fear_01144.png,fear,2,angry,0,0.1105,False
fear_01145.png,fear,2,fear,2,0.5695,True
fear_01146.png,fear,2,fear,2,0.3955,True
fear_01147.png,fear,2,fear,2,0.3435,True
fear_01148.png,fear,2,neutral,6,0.0714,False
fear_01149.png,fear,2,neutral,6,0.0377,False
fear_01150.png,fear,2,sad,4,0.2869,True
fear_01151.png,fear,2,neutral,6,0.0948,False
fear_01152.png,fear,2,fear,2,0.6155,True
fear_01153.png,fear,2,neutral,6,0.1816,False
fear_01154.png,fear,2,happy,3,0.0166,False
fear_01155.png,fear,2,neutral,6,0.1895,False
fear_01156.png,fear,2,neutral,6,0.0595,False
fear_01157.png,fear,2,surprise,5,0.2551,True
fear_01158.png,fear,2,neutral,6,0.0597,False
fear_01159.png,fear,2,neutral,6,0.0556,False
fear_01160.png,fear,2,surprise,5,0.1179,False
fear_01161.png,fear,2,neutral,6,0.0198,False
fear_01162.png,fear,2,fear,2,0.4067,True
fear_01163.png,fear,2,fear,2,0.536,True
fear_01164.png,fear,2,neutral,6,0.0792,False
fear_01166.png,fear,2,neutral,6,0.0315,False
fear_01167.png,fear,2,neutral,6,0.0419,False
fear_01168.png,fear,2,angry,0,0.022,False
fear_01169.png,fear,2,fear,2,0.3645,True
fear_01170.png,fear,2,surprise,5,0.0204,False
fear_01171.png,fear,2,neutral,6,0.0537,False
fear_01172.png,fear,2,neutral,6,0.0442,False
fear_01173.png,fear,2,neutral,6,0.0286,False
fear_01174.png,fear,2,surprise,5,0.2899,True
fear_01175.png,fear,2,angry,0,0.0733,False
fear_01176.png,fear,2,neutral,6,0.1257,False
fear_01177.png,fear,2,neutral,6,0.0441,False
fear_01178.png,fear,2,angry,0,0.0249,False
fear_01179.png,fear,2,fear,2,0.6228,True
fear_01180.png,fear,2,neutral,6,0.1829,False
fear_01181.png,fear,2,fear,2,0.6523,True
fear_01182.png,fear,2,neutral,6,0.0772,False
fear_01183.png,fear,2,surprise,5,0.0782,False
fear_01184.png,fear,2,fear,2,0.3041,True
fear_01185.png,fear,2,fear,2,0.486,True
fear_01186.png,fear,2,angry,0,0.2264,False
fear_01187.png,fear,2,neutral,6,0.2856,True
fear_01188.png,fear,2,neutral,6,0.0655,False
fear_01189.png,fear,2,neutral,6,0.0594,False
fear_01190.png,fear,2,fear,2,0.5639,True
fear_01191.png,fear,2,neutral,6,0.0288,False
fear_01192.png,fear,2,happy,3,0.2198,False
fear_01193.png,fear,2,surprise,5,0.0377,False
fear_01194.png,fear,2,surprise,5,0.1133,False
fear_01195.png,fear,2,happy,3,0.084,False
fear_01196.png,fear,2,angry,0,0.0479,False
fear_01197.png,fear,2,angry,0,0.0869,False
fear_01198.png,fear,2,fear,2,0.3058,True
fear_01199.png,fear,2,neutral,6,0.0423,False
fear_01200.png,fear,2,surprise,5,0.1048,False
fear_01201.png,fear,2,surprise,5,0.1322,False
fear_01202.png,fear,2,surprise,5,0.1153,False
fear_01203.png,fear,2,neutral,6,0.0892,False
fear_01204.png,fear,2,surprise,5,0.0908,False
fear_01205.png,fear,2,sad,4,0.1473,False
fear_01206.png,fear,2,fear,2,0.3123,True
fear_01207.png,fear,2,surprise,5,0.1084,False
fear_01208.png,fear,2,neutral,6,0.0479,False
fear_01209.png,fear,2,fear,2,0.3917,True
fear_01210.png,fear,2,neutral,6,0.0253,False
fear_01211.png,fear,2,neutral,6,0.03,False
fear_01212.png,fear,2,neutral,6,0.0558,False
fear_01213.png,fear,2,neutral,6,0.0502,False
fear_01214.png,fear,2,neutral,6,0.0518,False
fear_01215.png,fear,2,angry,0,0.0405,False
fear_01216.png,fear,2,neutral,6,0.0292,False
fear_01217.png,fear,2,fear,2,0.6312,True
fear_01218.png,fear,2,neutral,6,0.0321,False
fear_01219.png,fear,2,surprise,5,0.0491,False
fear_01220.png,fear,2,angry,0,0.0579,False
fear_01221.png,fear,2,neutral,6,0.1552,False
fear_01222.png,fear,2,neutral,6,0.1034,False
fear_01223.png,fear,2,happy,3,0.062,False
fear_01224.png,fear,2,happy,3,0.0245,False
fear_01225.png,fear,2,neutral,6,0.0226,False
fear_01226.png,fear,2,neutral,6,0.0399,False
fear_01228.png,fear,2,angry,0,0.1239,False
fear_01229.png,fear,2,fear,2,0.407,True
fear_01230.png,fear,2,neutral,6,0.0198,False
fear_01231.png,fear,2,angry,0,0.3484,True
fear_01232.png,fear,2,neutral,6,0.0479,False
fear_01233.png,fear,2,neutral,6,0.0806,False
fear_01234.png,fear,2,neutral,6,0.0379,False
fear_01235.png,fear,2,surprise,5,0.0416,False
fear_01236.png,fear,2,surprise,5,0.1716,False
fear_01237.png,fear,2,neutral,6,0.0451,False
fear_01238.png,fear,2,fear,2,0.7108,True
fear_01239.png,fear,2,surprise,5,0.0538,False
fear_01240.png,fear,2,happy,3,0.0409,False
fear_01241.png,fear,2,neutral,6,0.1915,False
fear_01242.png,fear,2,happy,3,0.0612,False
fear_01243.png,fear,2,disgust,1,0.1715,False
fear_01244.png,fear,2,fear,2,0.238,True
fear_01245.png,fear,2,angry,0,0.0361,False
fear_01246.png,fear,2,neutral,6,0.1574,False
fear_01247.png,fear,2,neutral,6,0.0712,False
fear_01248.png,fear,2,neutral,6,0.1622,False
fear_01249.png,fear,2,sad,4,0.1378,False
fear_01250.png,fear,2,neutral,6,0.0298,False
fear_01251.png,fear,2,neutral,6,0.0505,False
fear_01252.png,fear,2,neutral,6,0.0381,False
fear_01253.png,fear,2,fear,2,0.2417,True
fear_01254.png,fear,2,neutral,6,0.0718,False
fear_01255.png,fear,2,neutral,6,0.0307,False
fear_01256.png,fear,2,neutral,6,0.0454,False
fear_01257.png,fear,2,neutral,6,0.0544,False
fear_01258.png,fear,2,neutral,6,0.0621,False
fear_01259.png,fear,2,angry,0,0.1646,False
fear_01260.png,fear,2,angry,0,0.1782,False
fear_01261.png,fear,2,surprise,5,0.2364,False
fear_01262.png,fear,2,neutral,6,0.0573,False
fear_01263.png,fear,2,neutral,6,0.0781,False
fear_01264.png,fear,2,neutral,6,0.0264,False
fear_01265.png,fear,2,surprise,5,0.3497,True
fear_01266.png,fear,2,neutral,6,0.0753,False
fear_01267.png,fear,2,neutral,6,0.244,False
fear_01268.png,fear,2,angry,0,0.0555,False
fear_01269.png,fear,2,neutral,6,0.1425,False
fear_01270.png,fear,2,neutral,6,0.0666,False
fear_01271.png,fear,2,neutral,6,0.0444,False
fear_01272.png,fear,2,neutral,6,0.0424,False
fear_01273.png,fear,2,surprise,5,0.1509,False
fear_01275.png,fear,2,neutral,6,0.0216,False
fear_01276.png,fear,2,surprise,5,0.0931,False
fear_01277.png,fear,2,angry,0,0.2209,False
fear_01278.png,fear,2,happy,3,0.0238,False
fear_01279.png,fear,2,neutral,6,0.019,False
fear_01280.png,fear,2,surprise,5,0.2222,False
fear_01281.png,fear,2,neutral,6,0.0578,False
fear_01282.png,fear,2,surprise,5,0.0452,False
fear_01283.png,fear,2,surprise,5,0.1801,False
fear_01284.png,fear,2,neutral,6,0.1237,False
fear_01286.png,fear,2,surprise,5,0.1261,False
fear_01287.png,fear,2,fear,2,0.6375,True
fear_01288.png,fear,2,neutral,6,0.1211,False
fear_01289.png,fear,2,surprise,5,0.0668,False
fear_01290.png,fear,2,neutral,6,0.0655,False
fear_01291.png,fear,2,neutral,6,0.0358,False
fear_01292.png,fear,2,angry,0,0.3065,True
fear_01293.png,fear,2,neutral,6,0.1798,False
fear_01294.png,fear,2,surprise,5,0.2423,False
fear_01295.png,fear,2,fear,2,0.8427,True
fear_01296.png,fear,2,surprise,5,0.0127,False
fear_01297.png,fear,2,sad,4,0.0498,False
fear_01298.png,fear,2,neutral,6,0.0451,False
fear_01299.png,fear,2,fear,2,0.554,True
fear_01300.png,fear,2,surprise,5,0.2757,True
fear_01301.png,fear,2,fear,2,0.4781,True
fear_01302.png,fear,2,happy,3,0.0868,False
fear_01303.png,fear,2,neutral,6,0.0661,False
fear_01304.png,fear,2,surprise,5,0.1136,False
fear_01305.png,fear,2,fear,2,0.7049,True
fear_01306.png,fear,2,surprise,5,0.1437,False
fear_01307.png,fear,2,neutral,6,0.0382,False
fear_01308.png,fear,2,neutral,6,0.1941,False
fear_01309.png,fear,2,fear,2,0.2824,True
fear_01310.png,fear,2,neutral,6,0.1594,False
fear_01311.png,fear,2,happy,3,0.0491,False
fear_01312.png,fear,2,surprise,5,0.3615,True
fear_01313.png,fear,2,neutral,6,0.0457,False
fear_01314.png,fear,2,surprise,5,0.0571,False
fear_01315.png,fear,2,happy,3,0.0196,False
fear_01316.png,fear,2,happy,3,0.0136,False
fear_01317.png,fear,2,fear,2,0.4172,True
fear_01318.png,fear,2,angry,0,0.1375,False
fear_01319.png,fear,2,fear,2,0.5764,True
fear_01320.png,fear,2,angry,0,0.1803,False
fear_01321.png,fear,2,neutral,6,0.1352,False
fear_01322.png,fear,2,surprise,5,0.1551,False
fear_01323.png,fear,2,neutral,6,0.1766,False
fear_01324.png,fear,2,surprise,5,0.0743,False
fear_01325.png,fear,2,neutral,6,0.0488,False
fear_01326.png,fear,2,neutral,6,0.0448,False
fear_01327.png,fear,2,surprise,5,0.1246,False
fear_01328.png,fear,2,surprise,5,0.3818,True
fear_01330.png,fear,2,fear,2,0.6426,True
fear_01331.png,fear,2,sad,4,0.2447,False
fear_01332.png,fear,2,neutral,6,0.0676,False
fear_01333.png,fear,2,angry,0,0.1439,False
fear_01334.png,fear,2,neutral,6,0.0202,False
fear_01335.png,fear,2,angry,0,0.2487,False
fear_01336.png,fear,2,surprise,5,0.0998,False
fear_01337.png,fear,2,fear,2,0.4622,True
fear_01338.png,fear,2,neutral,6,0.072,False
fear_01339.png,fear,2,neutral,6,0.067,False
fear_01340.png,fear,2,fear,2,0.559,True
fear_01341.png,fear,2,surprise,5,0.1643,False
fear_01342.png,fear,2,neutral,6,0.1385,False
fear_01343.png,fear,2,neutral,6,0.0324,False
fear_01344.png,fear,2,neutral,6,0.0915,False
fear_01345.png,fear,2,angry,0,0.2578,True
fear_01346.png,fear,2,fear,2,0.5396,True
fear_01347.png,fear,2,angry,0,0.0196,False
fear_01348.png,fear,2,neutral,6,0.1438,False
fear_01349.png,fear,2,sad,4,0.112,False
fear_01350.png,fear,2,surprise,5,0.1986,False
fear_01351.png,fear,2,fear,2,0.5633,True
fear_01352.png,fear,2,neutral,6,0.1605,False
fear_01353.png,fear,2,surprise,5,0.0185,False
fear_01354.png,fear,2,angry,0,0.1302,False
fear_01355.png,fear,2,fear,2,0.4965,True
fear_01356.png,fear,2,neutral,6,0.1192,False
fear_01357.png,fear,2,angry,0,0.3114,True
fear_01358.png,fear,2,neutral,6,0.1937,False
fear_01359.png,fear,2,neutral,6,0.1407,False
fear_01360.png,fear,2,surprise,5,0.1995,False
fear_01361.png,fear,2,neutral,6,0.0443,False
fear_01362.png,fear,2,neutral,6,0.0763,False
fear_01363.png,fear,2,fear,2,0.3062,True
fear_01364.png,fear,2,happy,3,0.1056,False
fear_01365.png,fear,2,sad,4,0.1339,False
fear_01366.png,fear,2,surprise,5,0.159,False
fear_01367.png,fear,2,fear,2,0.4338,True
fear_01368.png,fear,2,surprise,5,0.0293,False
fear_01369.png,fear,2,angry,0,0.2426,False
fear_01370.png,fear,2,neutral,6,0.0567,False
fear_01371.png,fear,2,neutral,6,0.0489,False
fear_01372.png,fear,2,surprise,5,0.1254,False
fear_01373.png,fear,2,fear,2,0.4169,True
fear_01374.png,fear,2,surprise,5,0.1099,False
fear_01375.png,fear,2,surprise,5,0.0643,False
fear_01376.png,fear,2,angry,0,0.0877,False
fear_01377.png,fear,2,neutral,6,0.0517,False
fear_01378.png,fear,2,surprise,5,0.2019,False
fear_01379.png,fear,2,neutral,6,0.1237,False
fear_01380.png,fear,2,angry,0,0.1028,False
fear_01381.png,fear,2,happy,3,0.0881,False
fear_01382.png,fear,2,neutral,6,0.0424,False
fear_01383.png,fear,2,surprise,5,0.1326,False
fear_01384.png,fear,2,fear,2,0.621,True
fear_01385.png,fear,2,surprise,5,0.1757,False
fear_01386.png,fear,2,angry,0,0.1198,False
fear_01387.png,fear,2,surprise,5,0.1666,False
fear_01388.png,fear,2,angry,0,0.2477,False
fear_01389.png,fear,2,neutral,6,0.0581,False
fear_01390.png,fear,2,neutral,6,0.0838,False
fear_01391.png,fear,2,neutral,6,0.1678,False
fear_01392.png,fear,2,happy,3,0.0255,False
fear_01393.png,fear,2,neutral,6,0.0409,False
fear_01394.png,fear,2,angry,0,0.0622,False
fear_01395.png,fear,2,neutral,6,0.1692,False
fear_01396.png,fear,2,surprise,5,0.0595,False
fear_01397.png,fear,2,fear,2,0.5902,True
fear_01398.png,fear,2,neutral,6,0.0395,False
fear_01399.png,fear,2,neutral,6,0.0841,False
fear_01400.png,fear,2,neutral,6,0.0614,False
fear_01401.png,fear,2,neutral,6,0.0721,False
fear_01402.png,fear,2,fear,2,0.3187,True
fear_01403.png,fear,2,surprise,5,0.3075,True
fear_01404.png,fear,2,happy,3,0.0634,False
fear_01405.png,fear,2,neutral,6,0.0767,False
fear_01406.png,fear,2,neutral,6,0.0203,False
fear_01407.png,fear,2,angry,0,0.0199,False
fear_01408.png,fear,2,neutral,6,0.0958,False
fear_01409.png,fear,2,neutral,6,0.0353,False
fear_01410.png,fear,2,neutral,6,0.0607,False
fear_01411.png,fear,2,neutral,6,0.1468,False
fear_01412.png,fear,2,angry,0,0.1625,False
fear_01413.png,fear,2,neutral,6,0.1393,False
fear_01414.png,fear,2,angry,0,0.1117,False
fear_01415.png,fear,2,neutral,6,0.1398,False
fear_01416.png,fear,2,neutral,6,0.0533,False
fear_01417.png,fear,2,surprise,5,0.1723,False
fear_01418.png,fear,2,neutral,6,0.0628,False
fear_01419.png,fear,2,neutral,6,0.0667,False
fear_01420.png,fear,2,surprise,5,0.0249,False
fear_01422.png,fear,2,surprise,5,0.0499,False
fear_01423.png,fear,2,fear,2,0.5931,True
fear_01424.png,fear,2,surprise,5,0.1775,False
fear_01425.png,fear,2,fear,2,0.4515,True
fear_01426.png,fear,2,surprise,5,0.0229,False
fear_01427.png,fear,2,surprise,5,0.2551,True
fear_01428.png,fear,2,neutral,6,0.1965,False
fear_01429.png,fear,2,angry,0,0.2272,False
fear_01430.png,fear,2,angry,0,0.0357,False
fear_01431.png,fear,2,neutral,6,0.0342,False
fear_01432.png,fear,2,sad,4,0.1468,False
fear_01433.png,fear,2,angry,0,0.3435,True
fear_01434.png,fear,2,neutral,6,0.024,False
fear_01435.png,fear,2,neutral,6,0.0493,False
fear_01436.png,fear,2,neutral,6,0.0167,False
fear_01437.png,fear,2,surprise,5,0.1607,False
fear_01438.png,fear,2,neutral,6,0.1037,False
fear_01439.png,fear,2,neutral,6,0.109,False
fear_01440.png,fear,2,fear,2,0.4734,True
fear_01441.png,fear,2,angry,0,0.1593,False
fear_01442.png,fear,2,surprise,5,0.3424,True
fear_01443.png,fear,2,angry,0,0.1824,False
fear_01444.png,fear,2,disgust,1,0.1224,False
fear_01445.png,fear,2,neutral,6,0.056,False
fear_01446.png,fear,2,surprise,5,0.0937,False
fear_01447.png,fear,2,fear,2,0.6109,True
fear_01448.png,fear,2,fear,2,0.3096,True
fear_01449.png,fear,2,neutral,6,0.0922,False
fear_01450.png,fear,2,fear,2,0.2559,True
fear_01451.png,fear,2,neutral,6,0.0753,False
fear_01452.png,fear,2,fear,2,0.5047,True
fear_01453.png,fear,2,fear,2,0.4036,True
fear_01454.png,fear,2,neutral,6,0.1504,False
fear_01455.png,fear,2,neutral,6,0.0671,False
fear_01456.png,fear,2,fear,2,0.4587,True
fear_01457.png,fear,2,surprise,5,0.1081,False
fear_01458.png,fear,2,neutral,6,0.2683,True
fear_01459.png,fear,2,neutral,6,0.0919,False
fear_01460.png,fear,2,neutral,6,0.0781,False
fear_01461.png,fear,2,surprise,5,0.0661,False
fear_01462.png,fear,2,fear,2,0.327,True
fear_01463.png,fear,2,surprise,5,0.0817,False
fear_01464.png,fear,2,neutral,6,0.0167,False
fear_01465.png,fear,2,happy,3,0.0084,False
fear_01466.png,fear,2,fear,2,0.3618,True
fear_01467.png,fear,2,fear,2,0.2559,True
fear_01468.png,fear,2,angry,0,0.0833,False
fear_01469.png,fear,2,neutral,6,0.0552,False
fear_01470.png,fear,2,neutral,6,0.0756,False
fear_01471.png,fear,2,surprise,5,0.2417,False
fear_01472.png,fear,2,surprise,5,0.0094,False
fear_01473.png,fear,2,neutral,6,0.1167,False
fear_01475.png,fear,2,neutral,6,0.1167,False
fear_01476.png,fear,2,neutral,6,0.0818,False
fear_01477.png,fear,2,fear,2,0.7684,True
fear_01478.png,fear,2,fear,2,0.4054,True
fear_01479.png,fear,2,angry,0,0.34,True
fear_01480.png,fear,2,fear,2,0.3261,True
fear_01481.png,fear,2,surprise,5,0.3117,True
fear_01482.png,fear,2,fear,2,0.6752,True
fear_01483.png,fear,2,neutral,6,0.0474,False
fear_01484.png,fear,2,surprise,5,0.1675,False
fear_01485.png,fear,2,neutral,6,0.0944,False
fear_01486.png,fear,2,angry,0,0.016,False
fear_01487.png,fear,2,fear,2,0.6462,True
fear_01488.png,fear,2,surprise,5,0.2961,True
fear_01489.png,fear,2,fear,2,0.3881,True
fear_01490.png,fear,2,neutral,6,0.0333,False
fear_01491.png,fear,2,fear,2,0.4308,True
fear_01492.png,fear,2,fear,2,0.6134,True
fear_01493.png,fear,2,happy,3,0.2067,False
fear_01494.png,fear,2,neutral,6,0.0695,False
fear_01495.png,fear,2,fear,2,0.4211,True
fear_01496.png,fear,2,fear,2,0.3494,True
fear_01497.png,fear,2,sad,4,0.2883,True
fear_01498.png,fear,2,neutral,6,0.0259,False
fear_01499.png,fear,2,surprise,5,0.1403,False
sad_00000.png,sad,4,neutral,6,0.1704,False
sad_00001.png,sad,4,neutral,6,0.0614,False
sad_00003.png,sad,4,neutral,6,0.0577,False
sad_00004.png,sad,4,happy,3,0.198,False
sad_00005.png,sad,4,disgust,1,0.0073,False
sad_00006.png,sad,4,neutral,6,0.0938,False
sad_00007.png,sad,4,neutral,6,0.0794,False
sad_00008.png,sad,4,fear,2,0.1804,False
sad_00009.png,sad,4,neutral,6,0.041,False
sad_00010.png,sad,4,neutral,6,0.1585,False
sad_00011.png,sad,4,neutral,6,0.0721,False
sad_00012.png,sad,4,neutral,6,0.0565,False
sad_00013.png,sad,4,sad,4,0.4153,True
sad_00014.png,sad,4,neutral,6,0.0857,False
sad_00015.png,sad,4,sad,4,0.2218,True
sad_00016.png,sad,4,angry,0,0.0898,False
sad_00017.png,sad,4,fear,2,0.231,False
sad_00018.png,sad,4,fear,2,0.074,False
sad_00019.png,sad,4,neutral,6,0.3059,True
sad_00020.png,sad,4,neutral,6,0.1755,False
sad_00021.png,sad,4,sad,4,0.4242,True
sad_00022.png,sad,4,fear,2,0.1577,False
sad_00023.png,sad,4,neutral,6,0.1394,False
sad_00024.png,sad,4,angry,0,0.1076,False
sad_00025.png,sad,4,neutral,6,0.3815,True
sad_00026.png,sad,4,neutral,6,0.039,False
sad_00027.png,sad,4,neutral,6,0.1187,False
sad_00028.png,sad,4,disgust,1,0.1848,False
sad_00029.png,sad,4,neutral,6,0.0639,False
sad_00030.png,sad,4,sad,4,0.3363,True
sad_00031.png,sad,4,angry,0,0.1017,False
sad_00032.png,sad,4,neutral,6,0.2123,False
sad_00033.png,sad,4,sad,4,0.3385,True
sad_00034.png,sad,4,angry,0,0.1952,False
sad_00035.png,sad,4,neutral,6,0.2995,True
sad_00036.png,sad,4,fear,2,0.2813,True
sad_00037.png,sad,4,neutral,6,0.1888,False
sad_00038.png,sad,4,neutral,6,0.0925,False
sad_00039.png,sad,4,sad,4,0.4599,True
sad_00040.png,sad,4,neutral,6,0.1095,False
sad_00041.png,sad,4,neutral,6,0.0426,False
sad_00042.png,sad,4,angry,0,0.1762,False
sad_00043.png,sad,4,angry,0,0.2509,True
sad_00044.png,sad,4,neutral,6,0.1944,False
sad_00045.png,sad,4,neutral,6,0.3282,True
sad_00046.png,sad,4,fear,2,0.2619,True
sad_00047.png,sad,4,neutral,6,0.2827,True
sad_00048.png,sad,4,sad,4,0.453,True
sad_00049.png,sad,4,happy,3,0.0642,False
sad_00050.png,sad,4,neutral,6,0.1757,False
sad_00051.png,sad,4,angry,0,0.0974,False
sad_00052.png,sad,4,angry,0,0.178,False
sad_00053.png,sad,4,neutral,6,0.0252,False
sad_00054.png,sad,4,neutral,6,0.0167,False
sad_00055.png,sad,4,neutral,6,0.0706,False
sad_00056.png,sad,4,angry,0,0.2179,False
sad_00057.png,sad,4,neutral,6,0.1777,False
sad_00058.png,sad,4,sad,4,0.3151,True
sad_00059.png,sad,4,neutral,6,0.1355,False
sad_00060.png,sad,4,neutral,6,0.1795,False
sad_00061.png,sad,4,neutral,6,0.1013,False
sad_00062.png,sad,4,neutral,6,0.0675,False
sad_00063.png,sad,4,happy,3,0.0295,False
sad_00064.png,sad,4,neutral,6,0.0557,False
sad_00065.png,sad,4,fear,2,0.2902,True
sad_00066.png,sad,4,neutral,6,0.1764,False
sad_00067.png,sad,4,angry,0,0.1458,False
sad_00068.png,sad,4,disgust,1,0.1056,False
sad_00069.png,sad,4,happy,3,0.1054,False
sad_00070.png,sad,4,fear,2,0.0964,False
sad_00071.png,sad,4,angry,0,0.1833,False
sad_00072.png,sad,4,neutral,6,0.1314,False
sad_00073.png,sad,4,angry,0,0.1692,False
sad_00074.png,sad,4,surprise,5,0.1287,False
sad_00075.png,sad,4,sad,4,0.2301,True
sad_00076.png,sad,4,neutral,6,0.0625,False
sad_00077.png,sad,4,fear,2,0.2283,False
sad_00078.png,sad,4,neutral,6,0.0932,False
sad_00079.png,sad,4,fear,2,0.1842,False
sad_00080.png,sad,4,angry,0,0.0716,False
sad_00081.png,sad,4,fear,2,0.092,False
sad_00082.png,sad,4,neutral,6,0.0935,False
sad_00083.png,sad,4,neutral,6,0.1772,False
sad_00084.png,sad,4,neutral,6,0.1992,False
sad_00085.png,sad,4,happy,3,0.1421,False
sad_00086.png,sad,4,happy,3,0.0842,False
sad_00087.png,sad,4,sad,4,0.5336,True
sad_00088.png,sad,4,angry,0,0.163,False
sad_00089.png,sad,4,neutral,6,0.1453,False
sad_00090.png,sad,4,neutral,6,0.0983,False
sad_00091.png,sad,4,neutral,6,0.1572,False
sad_00092.png,sad,4,neutral,6,0.2263,False
sad_00093.png,sad,4,disgust,1,0.207,False
sad_00094.png,sad,4,neutral,6,0.1265,False
sad_00095.png,sad,4,neutral,6,0.1096,False
sad_00096.png,sad,4,neutral,6,0.1209,False
sad_00097.png,sad,4,neutral,6,0.1416,False
sad_00098.png,sad,4,neutral,6,0.1205,False
sad_00100.png,sad,4,fear,2,0.2149,False
sad_00101.png,sad,4,surprise,5,0.0401,False
sad_00102.png,sad,4,neutral,6,0.1463,False
sad_00103.png,sad,4,sad,4,0.5632,True
sad_00104.png,sad,4,sad,4,0.5854,True
sad_00105.png,sad,4,disgust,1,0.279,True
sad_00106.png,sad,4,sad,4,0.3634,True
sad_00107.png,sad,4,angry,0,0.159,False
sad_00108.png,sad,4,neutral,6,0.1962,False
sad_00109.png,sad,4,neutral,6,0.1219,False
sad_00110.png,sad,4,fear,2,0.2455,False
sad_00111.png,sad,4,fear,2,0.2045,False
sad_00112.png,sad,4,neutral,6,0.1468,False
sad_00113.png,sad,4,neutral,6,0.0735,False
sad_00114.png,sad,4,surprise,5,0.0631,False
sad_00115.png,sad,4,neutral,6,0.165,False
sad_00116.png,sad,4,neutral,6,0.0459,False
sad_00117.png,sad,4,neutral,6,0.1277,False
sad_00118.png,sad,4,angry,0,0.1349,False
sad_00119.png,sad,4,neutral,6,0.0518,False
sad_00120.png,sad,4,neutral,6,0.0375,False
sad_00121.png,sad,4,neutral,6,0.166,False
sad_00122.png,sad,4,fear,2,0.1865,False
sad_00123.png,sad,4,neutral,6,0.0744,False
sad_00124.png,sad,4,angry,0,0.1269,False
sad_00125.png,sad,4,neutral,6,0.2392,False
sad_00126.png,sad,4,neutral,6,0.1415,False
sad_00127.png,sad,4,angry,0,0.2989,True
sad_00128.png,sad,4,neutral,6,0.0744,False
sad_00129.png,sad,4,neutral,6,0.142,False
sad_00130.png,sad,4,happy,3,0.2942,True
sad_00131.png,sad,4,sad,4,0.4493,True
sad_00132.png,sad,4,disgust,1,0.0773,False
sad_00133.png,sad,4,neutral,6,0.0598,False
sad_00134.png,sad,4,neutral,6,0.1644,False
sad_00135.png,sad,4,sad,4,0.3368,True
sad_00136.png,sad,4,neutral,6,0.1327,False
sad_00137.png,sad,4,angry,0,0.1358,False
sad_00138.png,sad,4,angry,0,0.1831,False
sad_00139.png,sad,4,neutral,6,0.0778,False
sad_00140.png,sad,4,happy,3,0.0351,False
sad_00141.png,sad,4,neutral,6,0.3829,True
sad_00142.png,sad,4,neutral,6,0.1697,False
sad_00143.png,sad,4,angry,0,0.1332,False
sad_00144.png,sad,4,neutral,6,0.084,False
sad_00145.png,sad,4,happy,3,0.0721,False
sad_00146.png,sad,4,sad,4,0.2838,True
sad_00147.png,sad,4,neutral,6,0.1078,False
sad_00148.png,sad,4,sad,4,0.5373,True
sad_00149.png,sad,4,fear,2,0.2605,True
sad_00150.png,sad,4,angry,0,0.1223,False
sad_00151.png,sad,4,neutral,6,0.1327,False
sad_00152.png,sad,4,angry,0,0.2354,False
sad_00153.png,sad,4,sad,4,0.451,True
sad_00154.png,sad,4,sad,4,0.3671,True
sad_00155.png,sad,4,disgust,1,0.0063,False
sad_00156.png,sad,4,neutral,6,0.0573,False
sad_00157.png,sad,4,neutral,6,0.0336,False
sad_00158.png,sad,4,neutral,6,0.0335,False
sad_00159.png,sad,4,happy,3,0.0803,False
sad_00160.png,sad,4,neutral,6,0.0662,False
sad_00161.png,sad,4,neutral,6,0.3427,True
sad_00162.png,sad,4,neutral,6,0.1147,False
sad_00163.png,sad,4,neutral,6,0.0373,False
sad_00164.png,sad,4,neutral,6,0.0525,False
sad_00165.png,sad,4,disgust,1,0.0669,False
sad_00166.png,sad,4,sad,4,0.8293,True
sad_00167.png,sad,4,happy,3,0.141,False
sad_00168.png,sad,4,neutral,6,0.0322,False
sad_00169.png,sad,4,neutral,6,0.0471,False
sad_00170.png,sad,4,neutral,6,0.079,False
sad_00171.png,sad,4,neutral,6,0.1944,False
sad_00172.png,sad,4,neutral,6,0.0609,False
sad_00173.png,sad,4,neutral,6,0.0644,False
sad_00174.png,sad,4,neutral,6,0.149,False
sad_00175.png,sad,4,disgust,1,0.2469,False
sad_00176.png,sad,4,neutral,6,0.1185,False
sad_00177.png,sad,4,sad,4,0.3458,True
sad_00178.png,sad,4,sad,4,0.3995,True
sad_00179.png,sad,4,neutral,6,0.1156,False
sad_00180.png,sad,4,sad,4,0.354,True
sad_00181.png,sad,4,neutral,6,0.0945,False
sad_00182.png,sad,4,disgust,1,0.0569,False
sad_00183.png,sad,4,neutral,6,0.1571,False
sad_00184.png,sad,4,neutral,6,0.0343,False
sad_00185.png,sad,4,neutral,6,0.1556,False
sad_00186.png,sad,4,neutral,6,0.1185,False
sad_00187.png,sad,4,neutral,6,0.0419,False
sad_00188.png,sad,4,happy,3,0.2063,False
sad_00189.png,sad,4,neutral,6,0.1144,False
sad_00190.png,sad,4,angry,0,0.164,False
sad_00191.png,sad,4,sad,4,0.6952,True
sad_00192.png,sad,4,neutral,6,0.1171,False
sad_00193.png,sad,4,neutral,6,0.03,False
sad_00194.png,sad,4,neutral,6,0.073,False
sad_00195.png,sad,4,neutral,6,0.1198,False
sad_00196.png,sad,4,sad,4,0.4206,True
sad_00197.png,sad,4,neutral,6,0.1419,False
sad_00198.png,sad,4,neutral,6,0.1941,False
sad_00199.png,sad,4,neutral,6,0.1867,False
sad_00200.png,sad,4,angry,0,0.2023,False
sad_00201.png,sad,4,angry,0,0.1223,False
sad_00202.png,sad,4,sad,4,0.3375,True
sad_00203.png,sad,4,neutral,6,0.2608,True
sad_00204.png,sad,4,neutral,6,0.1174,False
sad_00205.png,sad,4,neutral,6,0.1502,False
sad_00206.png,sad,4,angry,0,0.2354,False
sad_00207.png,sad,4,fear,2,0.2161,False
sad_00208.png,sad,4,sad,4,0.2837,True
sad_00209.png,sad,4,neutral,6,0.1254,False
sad_00210.png,sad,4,neutral,6,0.1443,False
sad_00211.png,sad,4,angry,0,0.2662,True
sad_00212.png,sad,4,neutral,6,0.0229,False
sad_00213.png,sad,4,neutral,6,0.1812,False
sad_00214.png,sad,4,neutral,6,0.2636,True
sad_00215.png,sad,4,surprise,5,0.0226,False
sad_00216.png,sad,4,neutral,6,0.0565,False
sad_00217.png,sad,4,neutral,6,0.0621,False
sad_00218.png,sad,4,sad,4,0.5701,True
sad_00219.png,sad,4,neutral,6,0.1363,False
sad_00220.png,sad,4,neutral,6,0.0933,False
sad_00221.png,sad,4,neutral,6,0.0237,False
sad_00222.png,sad,4,neutral,6,0.122,False
sad_00223.png,sad,4,angry,0,0.1012,False
sad_00224.png,sad,4,neutral,6,0.0824,False
sad_00225.png,sad,4,angry,0,0.1348,False
sad_00226.png,sad,4,neutral,6,0.4011,True
sad_00227.png,sad,4,neutral,6,0.3114,True
sad_00228.png,sad,4,angry,0,0.1188,False
sad_00229.png,sad,4,neutral,6,0.1535,False
sad_00230.png,sad,4,angry,0,0.1121,False
sad_00231.png,sad,4,neutral,6,0.0833,False
sad_00232.png,sad,4,neutral,6,0.1239,False
sad_00233.png,sad,4,neutral,6,0.1205,False
sad_00234.png,sad,4,neutral,6,0.1109,False
sad_00235.png,sad,4,neutral,6,0.1379,False
sad_00236.png,sad,4,disgust,1,0.1635,False
sad_00237.png,sad,4,neutral,6,0.0524,False
sad_00238.png,sad,4,sad,4,0.3766,True
sad_00239.png,sad,4,neutral,6,0.1413,False
sad_00240.png,sad,4,neutral,6,0.1751,False
sad_00241.png,sad,4,neutral,6,0.1881,False
sad_00242.png,sad,4,neutral,6,0.0931,False
sad_00243.png,sad,4,neutral,6,0.1393,False
sad_00244.png,sad,4,angry,0,0.2337,False
sad_00245.png,sad,4,neutral,6,0.0442,False
sad_00246.png,sad,4,sad,4,0.4823,True
sad_00247.png,sad,4,neutral,6,0.1387,False
sad_00248.png,sad,4,neutral,6,0.2253,False
sad_00249.png,sad,4,neutral,6,0.243,False
sad_00250.png,sad,4,neutral,6,0.1379,False
sad_00251.png,sad,4,neutral,6,0.1506,False
sad_00252.png,sad,4,happy,3,0.2295,False
sad_00253.png,sad,4,happy,3,0.0303,False
sad_00254.png,sad,4,angry,0,0.3192,True
sad_00255.png,sad,4,neutral,6,0.2609,True
sad_00256.png,sad,4,angry,0,0.297,True
sad_00257.png,sad,4,angry,0,0.1678,False
sad_00258.png,sad,4,neutral,6,0.2706,True
sad_00259.png,sad,4,neutral,6,0.0805,False
sad_00260.png,sad,4,neutral,6,0.0559,False
sad_00261.png,sad,4,sad,4,0.4525,True
sad_00262.png,sad,4,sad,4,0.4274,True
sad_00263.png,sad,4,fear,2,0.2854,True
sad_00264.png,sad,4,surprise,5,0.1392,False
sad_00265.png,sad,4,sad,4,0.4663,True
sad_00266.png,sad,4,sad,4,0.47,True
sad_00267.png,sad,4,neutral,6,0.0271,False
sad_00268.png,sad,4,angry,0,0.2381,False
sad_00269.png,sad,4,sad,4,0.4836,True
sad_00270.png,sad,4,fear,2,0.1243,False
sad_00271.png,sad,4,neutral,6,0.0781,False
sad_00272.png,sad,4,fear,2,0.3077,True
sad_00273.png,sad,4,neutral,6,0.156,False
sad_00274.png,sad,4,neutral,6,0.134,False
sad_00275.png,sad,4,neutral,6,0.1855,False
sad_00276.png,sad,4,neutral,6,0.0886,False
sad_00277.png,sad,4,neutral,6,0.0767,False
sad_00278.png,sad,4,neutral,6,0.2158,False
sad_00279.png,sad,4,angry,0,0.1071,False
sad_00280.png,sad,4,fear,2,0.18,False
sad_00281.png,sad,4,neutral,6,0.1323,False
sad_00282.png,sad,4,neutral,6,0.1558,False
sad_00283.png,sad,4,fear,2,0.1844,False
sad_00284.png,sad,4,sad,4,0.3977,True
sad_00285.png,sad,4,neutral,6,0.3247,True
sad_00286.png,sad,4,disgust,1,0.1486,False
sad_00287.png,sad,4,fear,2,0.2193,False
sad_00288.png,sad,4,sad,4,0.406,True
sad_00289.png,sad,4,neutral,6,0.283,True
sad_00290.png,sad,4,neutral,6,0.0469,False
sad_00291.png,sad,4,neutral,6,0.0774,False
sad_00292.png,sad,4,neutral,6,0.0982,False
sad_00293.png,sad,4,fear,2,0.1775,False
sad_00294.png,sad,4,neutral,6,0.0804,False
sad_00295.png,sad,4,sad,4,0.5711,True
sad_00296.png,sad,4,angry,0,0.1053,False
sad_00297.png,sad,4,neutral,6,0.097,False
sad_00298.png,sad,4,sad,4,0.3689,True
sad_00299.png,sad,4,angry,0,0.1688,False
sad_00300.png,sad,4,sad,4,0.2459,True
sad_00301.png,sad,4,angry,0,0.1751,False
sad_00302.png,sad,4,fear,2,0.1637,False
sad_00303.png,sad,4,neutral,6,0.198,False
sad_00304.png,sad,4,neutral,6,0.0767,False
sad_00305.png,sad,4,sad,4,0.2489,True
sad_00306.png,sad,4,angry,0,0.1631,False
sad_00307.png,sad,4,neutral,6,0.1011,False
sad_00308.png,sad,4,angry,0,0.1639,False
sad_00309.png,sad,4,sad,4,0.6249,True
sad_00310.png,sad,4,neutral,6,0.151,False
sad_00311.png,sad,4,neutral,6,0.114,False
sad_00312.png,sad,4,neutral,6,0.1634,False
sad_00313.png,sad,4,fear,2,0.2145,False
sad_00314.png,sad,4,neutral,6,0.0869,False
sad_00315.png,sad,4,neutral,6,0.2624,True
sad_00316.png,sad,4,neutral,6,0.0128,False
sad_00317.png,sad,4,neutral,6,0.1966,False
sad_00318.png,sad,4,neutral,6,0.1078,False
sad_00319.png,sad,4,neutral,6,0.0761,False
sad_00320.png,sad,4,fear,2,0.1815,False
sad_00321.png,sad,4,sad,4,0.2946,True
sad_00322.png,sad,4,happy,3,0.1635,False
sad_00323.png,sad,4,neutral,6,0.1354,False
sad_00324.png,sad,4,neutral,6,0.1582,False
sad_00325.png,sad,4,neutral,6,0.0931,False
sad_00326.png,sad,4,fear,2,0.2798,True
sad_00327.png,sad,4,neutral,6,0.2494,False
sad_00328.png,sad,4,neutral,6,0.1166,False
sad_00329.png,sad,4,neutral,6,0.1042,False
sad_00330.png,sad,4,sad,4,0.364,True
sad_00331.png,sad,4,fear,2,0.2617,True
sad_00332.png,sad,4,neutral,6,0.0412,False
sad_00333.png,sad,4,neutral,6,0.0283,False
sad_00334.png,sad,4,neutral,6,0.0314,False
sad_00335.png,sad,4,neutral,6,0.0488,False
sad_00336.png,sad,4,sad,4,0.331,True
sad_00337.png,sad,4,angry,0,0.0406,False
sad_00338.png,sad,4,neutral,6,0.081,False
sad_00339.png,sad,4,sad,4,0.4586,True
sad_00340.png,sad,4,neutral,6,0.0943,False
sad_00341.png,sad,4,sad,4,0.4085,True
sad_00342.png,sad,4,neutral,6,0.0358,False
sad_00343.png,sad,4,disgust,1,0.0093,False
sad_00344.png,sad,4,angry,0,0.0377,False
sad_00345.png,sad,4,neutral,6,0.0427,False
sad_00346.png,sad,4,fear,2,0.0552,False
sad_00347.png,sad,4,fear,2,0.2109,False
sad_00348.png,sad,4,neutral,6,0.05,False
sad_00349.png,sad,4,neutral,6,0.0587,False
sad_00350.png,sad,4,neutral,6,0.1089,False
sad_00351.png,sad,4,neutral,6,0.165,False
sad_00352.png,sad,4,neutral,6,0.2245,False
sad_00353.png,sad,4,neutral,6,0.2397,False
sad_00354.png,sad,4,neutral,6,0.1163,False
sad_00355.png,sad,4,neutral,6,0.025,False
sad_00356.png,sad,4,sad,4,0.546,True
sad_00357.png,sad,4,angry,0,0.2035,False
sad_00358.png,sad,4,fear,2,0.1456,False
sad_00359.png,sad,4,sad,4,0.7561,True
sad_00360.png,sad,4,neutral,6,0.2725,True
sad_00361.png,sad,4,neutral,6,0.1575,False
sad_00362.png,sad,4,neutral,6,0.0908,False
sad_00363.png,sad,4,angry,0,0.2714,True
sad_00364.png,sad,4,neutral,6,0.0697,False
sad_00365.png,sad,4,neutral,6,0.2616,True
sad_00366.png,sad,4,sad,4,0.3254,True
sad_00367.png,sad,4,happy,3,0.0197,False
sad_00368.png,sad,4,neutral,6,0.0806,False
sad_00369.png,sad,4,neutral,6,0.1327,False
sad_00370.png,sad,4,sad,4,0.2696,True
sad_00371.png,sad,4,neutral,6,0.1235,False
sad_00372.png,sad,4,sad,4,0.431,True
sad_00373.png,sad,4,neutral,6,0.252,True
sad_00374.png,sad,4,sad,4,0.4879,True
sad_00375.png,sad,4,neutral,6,0.0689,False
sad_00376.png,sad,4,fear,2,0.0849,False
sad_00377.png,sad,4,neutral,6,0.1216,False
sad_00378.png,sad,4,sad,4,0.5466,True
sad_00379.png,sad,4,fear,2,0.236,False
sad_00380.png,sad,4,neutral,6,0.0965,False
sad_00381.png,sad,4,neutral,6,0.042,False
sad_00382.png,sad,4,neutral,6,0.12,False
sad_00383.png,sad,4,neutral,6,0.1835,False
sad_00384.png,sad,4,happy,3,0.0135,False
sad_00385.png,sad,4,neutral,6,0.2775,True
sad_00386.png,sad,4,sad,4,0.4026,True
sad_00387.png,sad,4,sad,4,0.4969,True
sad_00388.png,sad,4,neutral,6,0.2012,False
sad_00389.png,sad,4,sad,4,0.446,True
sad_00390.png,sad,4,neutral,6,0.1222,False
sad_00391.png,sad,4,fear,2,0.132,False
sad_00392.png,sad,4,sad,4,0.4658,True
sad_00393.png,sad,4,sad,4,0.445,True
sad_00394.png,sad,4,angry,0,0.2989,True
sad_00395.png,sad,4,neutral,6,0.2116,False
sad_00396.png,sad,4,angry,0,0.1573,False
sad_00397.png,sad,4,neutral,6,0.0979,False
sad_00398.png,sad,4,neutral,6,0.1093,False
sad_00399.png,sad,4,neutral,6,0.0732,False
sad_00400.png,sad,4,fear,2,0.0881,False
sad_00401.png,sad,4,happy,3,0.0565,False
sad_00402.png,sad,4,sad,4,0.6779,True
sad_00403.png,sad,4,neutral,6,0.2711,True
sad_00404.png,sad,4,fear,2,0.1647,False
sad_00405.png,sad,4,neutral,6,0.0361,False
sad_00406.png,sad,4,fear,2,0.2163,False
sad_00407.png,sad,4,sad,4,0.4361,True
sad_00408.png,sad,4,neutral,6,0.1226,False
sad_00409.png,sad,4,neutral,6,0.0349,False
sad_00410.png,sad,4,fear,2,0.2522,True
sad_00411.png,sad,4,fear,2,0.2884,True
sad_00412.png,sad,4,disgust,1,0.013,False
sad_00413.png,sad,4,sad,4,0.4207,True
sad_00414.png,sad,4,neutral,6,0.2501,True
sad_00415.png,sad,4,neutral,6,0.0418,False
sad_00416.png,sad,4,sad,4,0.5815,True
sad_00417.png,sad,4,sad,4,0.4047,True
sad_00418.png,sad,4,neutral,6,0.0567,False
sad_00419.png,sad,4,neutral,6,0.1121,False
sad_00420.png,sad,4,fear,2,0.1334,False
sad_00421.png,sad,4,neutral,6,0.0535,False
sad_00422.png,sad,4,neutral,6,0.2441,False
sad_00423.png,sad,4,surprise,5,0.0433,False
sad_00424.png,sad,4,neutral,6,0.2708,True
sad_00425.png,sad,4,neutral,6,0.0872,False
sad_00426.png,sad,4,neutral,6,0.0578,False
sad_00427.png,sad,4,neutral,6,0.0746,False
sad_00428.png,sad,4,neutral,6,0.0663,False
sad_00429.png,sad,4,neutral,6,0.0829,False
sad_00430.png,sad,4,surprise,5,0.0561,False
sad_00431.png,sad,4,neutral,6,0.2165,False
sad_00432.png,sad,4,neutral,6,0.2304,False
sad_00433.png,sad,4,neutral,6,0.2374,False
sad_00434.png,sad,4,neutral,6,0.1162,False
sad_00435.png,sad,4,angry,0,0.0646,False
sad_00436.png,sad,4,neutral,6,0.08,False
sad_00437.png,sad,4,sad,4,0.5295,True
sad_00438.png,sad,4,fear,2,0.024,False
sad_00439.png,sad,4,neutral,6,0.1302,False
sad_00440.png,sad,4,fear,2,0.111,False
sad_00441.png,sad,4,neutral,6,0.114,False
sad_00442.png,sad,4,neutral,6,0.1302,False
sad_00443.png,sad,4,neutral,6,0.042,False
sad_00444.png,sad,4,fear,2,0.1467,False
sad_00445.png,sad,4,neutral,6,0.1728,False
sad_00446.png,sad,4,sad,4,0.4321,True
sad_00447.png,sad,4,neutral,6,0.0808,False
sad_00448.png,sad,4,neutral,6,0.1609,False
sad_00449.png,sad,4,angry,0,0.208,False
sad_00450.png,sad,4,neutral,6,0.0248,False
sad_00451.png,sad,4,neutral,6,0.0709,False
sad_00452.png,sad,4,sad,4,0.3872,True
sad_00453.png,sad,4,neutral,6,0.1174,False
sad_00454.png,sad,4,neutral,6,0.1548,False
sad_00455.png,sad,4,sad,4,0.3802,True
sad_00456.png,sad,4,neutral,6,0.334,True
sad_00457.png,sad,4,neutral,6,0.2159,False
sad_00458.png,sad,4,neutral,6,0.0475,False
sad_00459.png,sad,4,sad,4,0.3939,True
sad_00460.png,sad,4,sad,4,0.4024,True
sad_00461.png,sad,4,sad,4,0.3902,True
sad_00462.png,sad,4,neutral,6,0.2316,False
sad_00463.png,sad,4,neutral,6,0.241,False
sad_00464.png,sad,4,neutral,6,0.144,False
sad_00465.png,sad,4,neutral,6,0.0349,False
sad_00466.png,sad,4,neutral,6,0.0772,False
sad_00467.png,sad,4,neutral,6,0.2606,True
sad_00468.png,sad,4,neutral,6,0.1129,False
sad_00469.png,sad,4,neutral,6,0.0729,False
sad_00470.png,sad,4,sad,4,0.3027,True
sad_00471.png,sad,4,fear,2,0.2118,False
sad_00472.png,sad,4,neutral,6,0.1765,False
sad_00473.png,sad,4,neutral,6,0.1418,False
sad_00474.png,sad,4,neutral,6,0.0553,False
sad_00475.png,sad,4,neutral,6,0.1206,False
sad_00476.png,sad,4,neutral,6,0.1048,False
sad_00477.png,sad,4,neutral,6,0.228,False
sad_00478.png,sad,4,sad,4,0.3424,True
sad_00479.png,sad,4,neutral,6,0.2178,False
sad_00480.png,sad,4,neutral,6,0.0719,False
sad_00481.png,sad,4,neutral,6,0.1896,False
sad_00482.png,sad,4,neutral,6,0.0727,False
sad_00483.png,sad,4,neutral,6,0.0681,False
sad_00484.png,sad,4,neutral,6,0.201,False
sad_00485.png,sad,4,neutral,6,0.162,False
sad_00486.png,sad,4,sad,4,0.3352,True
sad_00487.png,sad,4,happy,3,0.0376,False
sad_00488.png,sad,4,neutral,6,0.0516,False
sad_00489.png,sad,4,neutral,6,0.0756,False
sad_00490.png,sad,4,angry,0,0.1654,False
sad_00491.png,sad,4,sad,4,0.4839,True
sad_00492.png,sad,4,sad,4,0.5957,True
sad_00493.png,sad,4,sad,4,0.366,True
sad_00494.png,sad,4,sad,4,0.5233,True
sad_00495.png,sad,4,disgust,1,0.0558,False
sad_00496.png,sad,4,angry,0,0.0537,False
sad_00497.png,sad,4,neutral,6,0.2371,False
sad_00498.png,sad,4,neutral,6,0.0801,False
sad_00499.png,sad,4,neutral,6,0.0599,False
sad_00500.png,sad,4,sad,4,0.3197,True
sad_00501.png,sad,4,sad,4,0.3019,True
sad_00502.png,sad,4,neutral,6,0.1273,False
sad_00503.png,sad,4,neutral,6,0.1593,False
sad_00504.png,sad,4,neutral,6,0.0398,False
sad_00505.png,sad,4,sad,4,0.3765,True
sad_00506.png,sad,4,neutral,6,0.2285,False
sad_00507.png,sad,4,disgust,1,0.0618,False
sad_00508.png,sad,4,neutral,6,0.0212,False
sad_00509.png,sad,4,neutral,6,0.0695,False
sad_00510.png,sad,4,angry,0,0.2904,True
sad_00511.png,sad,4,sad,4,0.3122,True
sad_00512.png,sad,4,fear,2,0.2332,False
sad_00513.png,sad,4,neutral,6,0.2285,False
sad_00514.png,sad,4,sad,4,0.4021,True
sad_00515.png,sad,4,angry,0,0.038,False
sad_00516.png,sad,4,sad,4,0.427,True
sad_00517.png,sad,4,neutral,6,0.0551,False
sad_00518.png,sad,4,neutral,6,0.3053,True
sad_00519.png,sad,4,sad,4,0.4626,True
sad_00520.png,sad,4,surprise,5,0.046,False
sad_00521.png,sad,4,neutral,6,0.0748,False
sad_00522.png,sad,4,angry,0,0.0204,False
sad_00523.png,sad,4,sad,4,0.3526,True
sad_00524.png,sad,4,disgust,1,0.0363,False
sad_00525.png,sad,4,neutral,6,0.0864,False
sad_00526.png,sad,4,surprise,5,0.0536,False
sad_00527.png,sad,4,neutral,6,0.0516,False
sad_00528.png,sad,4,neutral,6,0.1223,False
sad_00529.png,sad,4,neutral,6,0.042,False
sad_00530.png,sad,4,neutral,6,0.3141,True
sad_00531.png,sad,4,neutral,6,0.1571,False
sad_00532.png,sad,4,disgust,1,0.0891,False
sad_00533.png,sad,4,sad,4,0.306,True
sad_00534.png,sad,4,neutral,6,0.1913,False
sad_00535.png,sad,4,sad,4,0.4857,True
sad_00536.png,sad,4,neutral,6,0.2102,False
sad_00537.png,sad,4,fear,2,0.1605,False
sad_00538.png,sad,4,neutral,6,0.1125,False
sad_00539.png,sad,4,sad,4,0.7862,True
sad_00540.png,sad,4,neutral,6,0.0487,False
sad_00541.png,sad,4,sad,4,0.3091,True
sad_00542.png,sad,4,angry,0,0.1502,False
sad_00543.png,sad,4,neutral,6,0.1892,False
sad_00544.png,sad,4,neutral,6,0.3304,True
sad_00545.png,sad,4,neutral,6,0.1313,False
sad_00546.png,sad,4,fear,2,0.2765,True
sad_00547.png,sad,4,neutral,6,0.0482,False
sad_00548.png,sad,4,neutral,6,0.1757,False
sad_00549.png,sad,4,neutral,6,0.0687,False
sad_00550.png,sad,4,sad,4,0.625,True
sad_00551.png,sad,4,fear,2,0.162,False
sad_00552.png,sad,4,neutral,6,0.106,False
sad_00553.png,sad,4,neutral,6,0.2166,False
sad_00554.png,sad,4,neutral,6,0.0686,False
sad_00555.png,sad,4,neutral,6,0.1312,False
sad_00556.png,sad,4,neutral,6,0.201,False
sad_00557.png,sad,4,angry,0,0.2101,False
sad_00558.png,sad,4,neutral,6,0.0979,False
sad_00559.png,sad,4,neutral,6,0.1132,False
sad_00560.png,sad,4,sad,4,0.4804,True
sad_00561.png,sad,4,disgust,1,0.0065,False
sad_00562.png,sad,4,sad,4,0.3372,True
sad_00563.png,sad,4,sad,4,0.473,True
sad_00564.png,sad,4,neutral,6,0.1961,False
sad_00565.png,sad,4,sad,4,0.3127,True
sad_00566.png,sad,4,neutral,6,0.062,False
sad_00567.png,sad,4,neutral,6,0.1208,False
sad_00568.png,sad,4,neutral,6,0.1427,False
sad_00569.png,sad,4,neutral,6,0.1769,False
sad_00570.png,sad,4,sad,4,0.5095,True
sad_00571.png,sad,4,sad,4,0.6314,True
sad_00572.png,sad,4,sad,4,0.545,True
sad_00573.png,sad,4,happy,3,0.1279,False
sad_00574.png,sad,4,neutral,6,0.1527,False
sad_00575.png,sad,4,neutral,6,0.3138,True
sad_00576.png,sad,4,neutral,6,0.0843,False
sad_00577.png,sad,4,neutral,6,0.1603,False
sad_00578.png,sad,4,neutral,6,0.1781,False
sad_00579.png,sad,4,neutral,6,0.1678,False
sad_00580.png,sad,4,neutral,6,0.0672,False
sad_00581.png,sad,4,neutral,6,0.1798,False
sad_00582.png,sad,4,angry,0,0.0781,False
sad_00583.png,sad,4,neutral,6,0.3076,True
sad_00584.png,sad,4,sad,4,0.3376,True
sad_00585.png,sad,4,sad,4,0.3688,True
sad_00586.png,sad,4,neutral,6,0.0601,False
sad_00587.png,sad,4,happy,3,0.0501,False
sad_00588.png,sad,4,neutral,6,0.1476,False
sad_00589.png,sad,4,sad,4,0.6652,True
sad_00590.png,sad,4,angry,0,0.1018,False
sad_00591.png,sad,4,neutral,6,0.2172,False
sad_00592.png,sad,4,angry,0,0.15,False
sad_00593.png,sad,4,fear,2,0.1298,False
sad_00594.png,sad,4,neutral,6,0.1137,False
sad_00595.png,sad,4,sad,4,0.5183,True
sad_00596.png,sad,4,surprise,5,0.0706,False
sad_00597.png,sad,4,neutral,6,0.1121,False
sad_00598.png,sad,4,neutral,6,0.1576,False
sad_00599.png,sad,4,sad,4,0.6909,True
sad_00600.png,sad,4,angry,0,0.2953,True
sad_00601.png,sad,4,neutral,6,0.1617,False
sad_00602.png,sad,4,fear,2,0.1257,False
sad_00603.png,sad,4,neutral,6,0.2726,True
sad_00604.png,sad,4,sad,4,0.3575,True
sad_00605.png,sad,4,fear,2,0.2108,False
sad_00606.png,sad,4,neutral,6,0.0569,False
sad_00607.png,sad,4,neutral,6,0.1983,False
sad_00608.png,sad,4,neutral,6,0.2139,False
sad_00609.png,sad,4,neutral,6,0.0755,False
sad_00610.png,sad,4,sad,4,0.2601,True
sad_00611.png,sad,4,neutral,6,0.0554,False
sad_00612.png,sad,4,neutral,6,0.0944,False
sad_00613.png,sad,4,angry,0,0.262,True
sad_00614.png,sad,4,neutral,6,0.3111,True
sad_00615.png,sad,4,angry,0,0.1656,False
sad_00616.png,sad,4,neutral,6,0.1611,False
sad_00617.png,sad,4,angry,0,0.1182,False
sad_00618.png,sad,4,sad,4,0.3203,True
sad_00619.png,sad,4,neutral,6,0.0852,False
sad_00620.png,sad,4,neutral,6,0.0844,False
sad_00621.png,sad,4,fear,2,0.1697,False
sad_00622.png,sad,4,neutral,6,0.0359,False
sad_00623.png,sad,4,sad,4,0.5139,True
sad_00624.png,sad,4,neutral,6,0.2228,False
sad_00625.png,sad,4,fear,2,0.2457,False
sad_00626.png,sad,4,neutral,6,0.1719,False
sad_00627.png,sad,4,neutral,6,0.0541,False
sad_00628.png,sad,4,neutral,6,0.1644,False
sad_00629.png,sad,4,fear,2,0.4207,True
sad_00630.png,sad,4,neutral,6,0.0314,False
sad_00631.png,sad,4,neutral,6,0.0875,False
sad_00632.png,sad,4,neutral,6,0.0979,False
sad_00633.png,sad,4,neutral,6,0.1207,False
sad_00634.png,sad,4,neutral,6,0.2708,True
sad_00635.png,sad,4,sad,4,0.2813,True
sad_00636.png,sad,4,neutral,6,0.2393,False
sad_00637.png,sad,4,sad,4,0.3914,True
sad_00638.png,sad,4,neutral,6,0.083,False
sad_00639.png,sad,4,fear,2,0.2817,True
sad_00640.png,sad,4,sad,4,0.4365,True
sad_00641.png,sad,4,neutral,6,0.0887,False
sad_00642.png,sad,4,angry,0,0.1453,False
sad_00643.png,sad,4,happy,3,0.0707,False
sad_00644.png,sad,4,angry,0,0.0851,False
sad_00645.png,sad,4,neutral,6,0.2585,True
sad_00646.png,sad,4,sad,4,0.4188,True
sad_00647.png,sad,4,neutral,6,0.1719,False
sad_00648.png,sad,4,neutral,6,0.1726,False
sad_00649.png,sad,4,happy,3,0.0873,False
sad_00650.png,sad,4,happy,3,0.0752,False
sad_00651.png,sad,4,fear,2,0.1348,False
sad_00652.png,sad,4,neutral,6,0.1302,False
sad_00653.png,sad,4,neutral,6,0.0809,False
sad_00654.png,sad,4,sad,4,0.3981,True
sad_00656.png,sad,4,neutral,6,0.0844,False
sad_00657.png,sad,4,disgust,1,0.2156,False
sad_00658.png,sad,4,angry,0,0.2241,False
sad_00659.png,sad,4,neutral,6,0.1979,False
sad_00660.png,sad,4,happy,3,0.0824,False
sad_00661.png,sad,4,sad,4,0.632,True
sad_00662.png,sad,4,angry,0,0.1222,False
sad_00663.png,sad,4,neutral,6,0.106,False
sad_00664.png,sad,4,neutral,6,0.1623,False
sad_00665.png,sad,4,happy,3,0.024,False
sad_00666.png,sad,4,angry,0,0.0454,False
sad_00667.png,sad,4,sad,4,0.4444,True
sad_00668.png,sad,4,fear,2,0.1545,False
sad_00669.png,sad,4,happy,3,0.1768,False
sad_00670.png,sad,4,sad,4,0.4926,True
sad_00671.png,sad,4,neutral,6,0.0457,False
sad_00672.png,sad,4,neutral,6,0.172,False
sad_00673.png,sad,4,neutral,6,0.194,False
sad_00674.png,sad,4,angry,0,0.2467,False
sad_00676.png,sad,4,neutral,6,0.183,False
sad_00677.png,sad,4,neutral,6,0.2102,False
sad_00678.png,sad,4,sad,4,0.6704,True
sad_00679.png,sad,4,neutral,6,0.1138,False
sad_00680.png,sad,4,neutral,6,0.0677,False
sad_00681.png,sad,4,neutral,6,0.0372,False
sad_00682.png,sad,4,neutral,6,0.2016,False
sad_00683.png,sad,4,neutral,6,0.2396,False
sad_00684.png,sad,4,happy,3,0.0912,False
sad_00685.png,sad,4,sad,4,0.4281,True
sad_00686.png,sad,4,neutral,6,0.1849,False
sad_00687.png,sad,4,neutral,6,0.238,False
sad_00688.png,sad,4,neutral,6,0.0768,False
sad_00689.png,sad,4,neutral,6,0.1332,False
sad_00690.png,sad,4,neutral,6,0.0799,False
sad_00691.png,sad,4,happy,3,0.0158,False
sad_00692.png,sad,4,neutral,6,0.1585,False
sad_00693.png,sad,4,sad,4,0.4041,True
sad_00694.png,sad,4,neutral,6,0.0325,False
sad_00695.png,sad,4,angry,0,0.1792,False
sad_00696.png,sad,4,neutral,6,0.1397,False
sad_00697.png,sad,4,angry,0,0.0659,False
sad_00698.png,sad,4,neutral,6,0.2302,False
sad_00699.png,sad,4,neutral,6,0.0434,False
sad_00700.png,sad,4,neutral,6,0.1549,False
sad_00701.png,sad,4,angry,0,0.0661,False
sad_00702.png,sad,4,neutral,6,0.0602,False
sad_00703.png,sad,4,neutral,6,0.0602,False
sad_00704.png,sad,4,fear,2,0.1603,False
sad_00705.png,sad,4,sad,4,0.6692,True
sad_00706.png,sad,4,neutral,6,0.138,False
sad_00707.png,sad,4,neutral,6,0.1099,False
sad_00708.png,sad,4,fear,2,0.1444,False
sad_00709.png,sad,4,sad,4,0.6502,True
sad_00710.png,sad,4,neutral,6,0.0224,False
sad_00711.png,sad,4,neutral,6,0.0888,False
sad_00713.png,sad,4,fear,2,0.2383,False
sad_00714.png,sad,4,neutral,6,0.0802,False
sad_00715.png,sad,4,neutral,6,0.0394,False
sad_00716.png,sad,4,disgust,1,0.1759,False
sad_00717.png,sad,4,fear,2,0.2573,True
sad_00718.png,sad,4,neutral,6,0.1818,False
sad_00719.png,sad,4,sad,4,0.3093,True
sad_00720.png,sad,4,neutral,6,0.0709,False
sad_00721.png,sad,4,sad,4,0.3706,True
sad_00722.png,sad,4,neutral,6,0.2324,False
sad_00723.png,sad,4,sad,4,0.5458,True
sad_00724.png,sad,4,angry,0,0.2441,False
sad_00725.png,sad,4,neutral,6,0.2429,False
sad_00726.png,sad,4,neutral,6,0.0732,False
sad_00727.png,sad,4,neutral,6,0.0795,False
sad_00728.png,sad,4,neutral,6,0.055,False
sad_00729.png,sad,4,sad,4,0.4028,True
sad_00730.png,sad,4,neutral,6,0.2081,False
sad_00731.png,sad,4,neutral,6,0.1463,False
sad_00732.png,sad,4,angry,0,0.1294,False
sad_00733.png,sad,4,fear,2,0.0698,False
sad_00734.png,sad,4,neutral,6,0.1634,False
sad_00735.png,sad,4,angry,0,0.1147,False
sad_00736.png,sad,4,neutral,6,0.178,False
sad_00737.png,sad,4,sad,4,0.3265,True
sad_00738.png,sad,4,angry,0,0.0861,False
sad_00739.png,sad,4,neutral,6,0.1914,False
sad_00740.png,sad,4,neutral,6,0.0389,False
sad_00742.png,sad,4,sad,4,0.3357,True
sad_00743.png,sad,4,angry,0,0.2345,False
sad_00744.png,sad,4,neutral,6,0.1189,False
sad_00745.png,sad,4,neutral,6,0.0482,False
sad_00746.png,sad,4,sad,4,0.2846,True
sad_00747.png,sad,4,fear,2,0.1561,False
sad_00748.png,sad,4,neutral,6,0.3056,True
sad_00749.png,sad,4,neutral,6,0.3068,True
sad_00750.png,sad,4,neutral,6,0.1662,False
sad_00751.png,sad,4,angry,0,0.1077,False
sad_00752.png,sad,4,angry,0,0.2512,True
sad_00753.png,sad,4,neutral,6,0.0858,False
sad_00754.png,sad,4,disgust,1,0.0539,False
sad_00755.png,sad,4,fear,2,0.1062,False
sad_00756.png,sad,4,neutral,6,0.1414,False
sad_00757.png,sad,4,neutral,6,0.1691,False
sad_00758.png,sad,4,neutral,6,0.2302,False
sad_00759.png,sad,4,fear,2,0.1205,False
sad_00760.png,sad,4,sad,4,0.4312,True
sad_00761.png,sad,4,sad,4,0.657,True
sad_00762.png,sad,4,neutral,6,0.0987,False
sad_00763.png,sad,4,sad,4,0.4164,True
sad_00764.png,sad,4,neutral,6,0.0928,False
sad_00765.png,sad,4,neutral,6,0.0662,False
sad_00766.png,sad,4,sad,4,0.3716,True
sad_00767.png,sad,4,fear,2,0.1286,False
sad_00768.png,sad,4,neutral,6,0.1816,False
sad_00769.png,sad,4,neutral,6,0.0323,False
sad_00770.png,sad,4,neutral,6,0.0282,False
sad_00771.png,sad,4,fear,2,0.2354,False
sad_00772.png,sad,4,neutral,6,0.0766,False
sad_00773.png,sad,4,neutral,6,0.0234,False
sad_00774.png,sad,4,fear,2,0.2354,False
sad_00775.png,sad,4,disgust,1,0.0524,False
sad_00776.png,sad,4,happy,3,0.1819,False
sad_00777.png,sad,4,neutral,6,0.1336,False
sad_00778.png,sad,4,angry,0,0.0429,False
sad_00779.png,sad,4,disgust,1,0.2927,True
sad_00780.png,sad,4,neutral,6,0.0433,False
sad_00781.png,sad,4,neutral,6,0.082,False
sad_00782.png,sad,4,surprise,5,0.0668,False
sad_00783.png,sad,4,angry,0,0.1155,False
sad_00784.png,sad,4,neutral,6,0.1189,False
sad_00785.png,sad,4,neutral,6,0.1224,False
sad_00786.png,sad,4,neutral,6,0.2956,True
sad_00787.png,sad,4,fear,2,0.2316,False
sad_00788.png,sad,4,neutral,6,0.1013,False
sad_00789.png,sad,4,neutral,6,0.3444,True
sad_00790.png,sad,4,fear,2,0.1237,False
sad_00791.png,sad,4,sad,4,0.2993,True
sad_00792.png,sad,4,angry,0,0.2001,False
sad_00793.png,sad,4,neutral,6,0.1994,False
sad_00794.png,sad,4,sad,4,0.3538,True
sad_00795.png,sad,4,happy,3,0.1692,False
sad_00796.png,sad,4,neutral,6,0.1245,False
sad_00797.png,sad,4,fear,2,0.0875,False
sad_00798.png,sad,4,neutral,6,0.0351,False
sad_00799.png,sad,4,sad,4,0.4305,True
sad_00800.png,sad,4,happy,3,0.0538,False
sad_00801.png,sad,4,sad,4,0.6035,True
sad_00802.png,sad,4,fear,2,0.1074,False
sad_00803.png,sad,4,neutral,6,0.0274,False
sad_00804.png,sad,4,fear,2,0.2154,False
sad_00805.png,sad,4,disgust,1,0.0236,False
sad_00806.png,sad,4,sad,4,0.3163,True
sad_00807.png,sad,4,sad,4,0.4873,True
sad_00808.png,sad,4,angry,0,0.1403,False
sad_00809.png,sad,4,sad,4,0.2995,True
sad_00810.png,sad,4,neutral,6,0.0472,False
sad_00811.png,sad,4,neutral,6,0.0572,False
sad_00812.png,sad,4,neutral,6,0.1478,False
sad_00813.png,sad,4,neutral,6,0.0872,False
sad_00814.png,sad,4,neutral,6,0.0678,False
sad_00815.png,sad,4,neutral,6,0.076,False
sad_00816.png,sad,4,neutral,6,0.0701,False
sad_00817.png,sad,4,neutral,6,0.0409,False
sad_00818.png,sad,4,neutral,6,0.3095,True
sad_00819.png,sad,4,happy,3,0.0652,False
sad_00820.png,sad,4,angry,0,0.12,False
sad_00821.png,sad,4,angry,0,0.1099,False
sad_00822.png,sad,4,neutral,6,0.1089,False
sad_00823.png,sad,4,neutral,6,0.0684,False
sad_00824.png,sad,4,neutral,6,0.2277,False
sad_00825.png,sad,4,neutral,6,0.1005,False
sad_00826.png,sad,4,surprise,5,0.089,False
sad_00827.png,sad,4,sad,4,0.5835,True
sad_00828.png,sad,4,angry,0,0.2076,False
sad_00829.png,sad,4,neutral,6,0.0598,False
sad_00830.png,sad,4,sad,4,0.2972,True
sad_00831.png,sad,4,neutral,6,0.1052,False
sad_00832.png,sad,4,neutral,6,0.1693,False
sad_00833.png,sad,4,sad,4,0.382,True
sad_00834.png,sad,4,neutral,6,0.0854,False
sad_00835.png,sad,4,angry,0,0.1216,False
sad_00836.png,sad,4,angry,0,0.1442,False
sad_00837.png,sad,4,neutral,6,0.2017,False
sad_00838.png,sad,4,neutral,6,0.2311,False
sad_00839.png,sad,4,neutral,6,0.0405,False
sad_00840.png,sad,4,neutral,6,0.1869,False
sad_00841.png,sad,4,angry,0,0.0738,False
sad_00842.png,sad,4,neutral,6,0.1479,False
sad_00843.png,sad,4,happy,3,0.1035,False
sad_00844.png,sad,4,neutral,6,0.1236,False
sad_00845.png,sad,4,angry,0,0.1014,False
sad_00846.png,sad,4,neutral,6,0.0649,False
sad_00847.png,sad,4,neutral,6,0.0883,False
sad_00848.png,sad,4,neutral,6,0.0657,False
sad_00849.png,sad,4,sad,4,0.568,True
sad_00850.png,sad,4,sad,4,0.3486,True
sad_00851.png,sad,4,neutral,6,0.0372,False
sad_00852.png,sad,4,sad,4,0.5739,True
sad_00853.png,sad,4,surprise,5,0.0143,False
sad_00854.png,sad,4,neutral,6,0.3193,True
sad_00855.png,sad,4,neutral,6,0.298,True
sad_00856.png,sad,4,neutral,6,0.1692,False
sad_00857.png,sad,4,neutral,6,0.2212,False
sad_00858.png,sad,4,neutral,6,0.0827,False
sad_00859.png,sad,4,fear,2,0.2184,False
sad_00860.png,sad,4,angry,0,0.1978,False
sad_00861.png,sad,4,neutral,6,0.0598,False
sad_00862.png,sad,4,sad,4,0.7318,True
sad_00863.png,sad,4,neutral,6,0.2267,False
sad_00864.png,sad,4,angry,0,0.2081,False
sad_00865.png,sad,4,neutral,6,0.0167,False
sad_00866.png,sad,4,neutral,6,0.2254,False
sad_00867.png,sad,4,neutral,6,0.1841,False
sad_00868.png,sad,4,sad,4,0.3814,True
sad_00869.png,sad,4,neutral,6,0.2216,False
sad_00870.png,sad,4,neutral,6,0.0813,False
sad_00871.png,sad,4,angry,0,0.0896,False
sad_00872.png,sad,4,neutral,6,0.2556,True
sad_00873.png,sad,4,neutral,6,0.0524,False
sad_00874.png,sad,4,sad,4,0.4834,True
sad_00875.png,sad,4,fear,2,0.3925,True
sad_00876.png,sad,4,neutral,6,0.0128,False
sad_00877.png,sad,4,angry,0,0.2216,False
sad_00878.png,sad,4,neutral,6,0.2287,False
sad_00879.png,sad,4,neutral,6,0.3623,True
sad_00880.png,sad,4,neutral,6,0.0224,False
sad_00881.png,sad,4,neutral,6,0.0675,False
sad_00882.png,sad,4,happy,3,0.21,False
sad_00883.png,sad,4,neutral,6,0.0558,False
sad_00884.png,sad,4,neutral,6,0.0916,False
sad_00886.png,sad,4,neutral,6,0.3302,True
sad_00887.png,sad,4,neutral,6,0.0944,False
sad_00888.png,sad,4,sad,4,0.4304,True
sad_00889.png,sad,4,sad,4,0.4624,True
sad_00890.png,sad,4,neutral,6,0.0857,False
sad_00891.png,sad,4,neutral,6,0.0896,False
sad_00892.png,sad,4,neutral,6,0.0952,False
sad_00893.png,sad,4,angry,0,0.0142,False
sad_00894.png,sad,4,neutral,6,0.1801,False
sad_00895.png,sad,4,neutral,6,0.0688,False
sad_00896.png,sad,4,angry,0,0.1044,False
sad_00897.png,sad,4,happy,3,0.1035,False
sad_00898.png,sad,4,neutral,6,0.2849,True
sad_00899.png,sad,4,neutral,6,0.0694,False
sad_00900.png,sad,4,fear,2,0.2632,True
sad_00901.png,sad,4,neutral,6,0.0674,False
sad_00902.png,sad,4,happy,3,0.0259,False
sad_00903.png,sad,4,neutral,6,0.0554,False
sad_00904.png,sad,4,neutral,6,0.2483,False
sad_00905.png,sad,4,sad,4,0.3424,True
sad_00906.png,sad,4,angry,0,0.2169,False
sad_00907.png,sad,4,angry,0,0.1749,False
sad_00908.png,sad,4,sad,4,0.4191,True
sad_00910.png,sad,4,sad,4,0.3541,True
sad_00911.png,sad,4,sad,4,0.3967,True
sad_00912.png,sad,4,angry,0,0.1503,False
sad_00913.png,sad,4,neutral,6,0.2462,False
sad_00914.png,sad,4,neutral,6,0.2339,False
sad_00915.png,sad,4,neutral,6,0.1565,False
sad_00916.png,sad,4,neutral,6,0.124,False
sad_00917.png,sad,4,sad,4,0.5572,True
sad_00918.png,sad,4,neutral,6,0.1171,False
sad_00919.png,sad,4,angry,0,0.1162,False
sad_00920.png,sad,4,neutral,6,0.1438,False
sad_00921.png,sad,4,neutral,6,0.0477,False
sad_00922.png,sad,4,happy,3,0.0267,False
sad_00923.png,sad,4,angry,0,0.2959,True
sad_00924.png,sad,4,angry,0,0.0599,False
sad_00925.png,sad,4,neutral,6,0.0854,False
sad_00926.png,sad,4,neutral,6,0.0748,False
sad_00927.png,sad,4,neutral,6,0.2158,False
sad_00928.png,sad,4,fear,2,0.2527,True
sad_00929.png,sad,4,happy,3,0.0747,False
sad_00930.png,sad,4,angry,0,0.1959,False
sad_00931.png,sad,4,neutral,6,0.2535,True
sad_00932.png,sad,4,neutral,6,0.1431,False
sad_00933.png,sad,4,sad,4,0.553,True
sad_00934.png,sad,4,neutral,6,0.134,False
sad_00935.png,sad,4,neutral,6,0.2717,True
sad_00936.png,sad,4,neutral,6,0.09,False
sad_00937.png,sad,4,neutral,6,0.1952,False
sad_00938.png,sad,4,neutral,6,0.0638,False
sad_00939.png,sad,4,neutral,6,0.1236,False
sad_00940.png,sad,4,surprise,5,0.0308,False
sad_00941.png,sad,4,angry,0,0.1978,False
sad_00942.png,sad,4,neutral,6,0.1017,False
sad_00943.png,sad,4,neutral,6,0.236,False
sad_00944.png,sad,4,neutral,6,0.1879,False
sad_00945.png,sad,4,sad,4,0.3509,True
sad_00946.png,sad,4,neutral,6,0.1359,False
sad_00947.png,sad,4,neutral,6,0.0643,False
sad_00948.png,sad,4,happy,3,0.0093,False
sad_00949.png,sad,4,neutral,6,0.0942,False
sad_00950.png,sad,4,sad,4,0.5193,True
sad_00951.png,sad,4,angry,0,0.2722,False
sad_00952.png,sad,4,neutral,6,0.3464,True
sad_00953.png,sad,4,neutral,6,0.1248,False
sad_00954.png,sad,4,angry,0,0.2817,True
sad_00955.png,sad,4,neutral,6,0.1072,False
sad_00956.png,sad,4,fear,2,0.2222,False
sad_00957.png,sad,4,neutral,6,0.076,False
sad_00958.png,sad,4,neutral,6,0.0932,False
sad_00959.png,sad,4,neutral,6,0.3577,True
sad_00960.png,sad,4,neutral,6,0.0736,False
sad_00962.png,sad,4,disgust,1,0.2689,True
sad_00963.png,sad,4,neutral,6,0.0638,False
sad_00964.png,sad,4,sad,4,0.3269,True
sad_00965.png,sad,4,sad,4,0.3027,True
sad_00966.png,sad,4,happy,3,0.0226,False
sad_00967.png,sad,4,angry,0,0.0709,False
sad_00968.png,sad,4,neutral,6,0.0589,False
sad_00969.png,sad,4,angry,0,0.0719,False
sad_00970.png,sad,4,neutral,6,0.0915,False
sad_00971.png,sad,4,neutral,6,0.0619,False
sad_00972.png,sad,4,neutral,6,0.1469,False
sad_00973.png,sad,4,fear,2,0.2502,False
sad_00974.png,sad,4,neutral,6,0.0756,False
sad_00975.png,sad,4,sad,4,0.3824,True
sad_00976.png,sad,4,sad,4,0.3803,True
sad_00977.png,sad,4,angry,0,0.0426,False
sad_00978.png,sad,4,neutral,6,0.0289,False
sad_00979.png,sad,4,angry,0,0.1389,False
sad_00980.png,sad,4,neutral,6,0.2219,False
sad_00981.png,sad,4,angry,0,0.0883,False
sad_00982.png,sad,4,angry,0,0.0852,False
sad_00983.png,sad,4,neutral,6,0.0978,False
sad_00984.png,sad,4,sad,4,0.3994,True
sad_00985.png,sad,4,fear,2,0.128,False
sad_00986.png,sad,4,neutral,6,0.1919,False
sad_00987.png,sad,4,neutral,6,0.2283,False
sad_00988.png,sad,4,neutral,6,0.1598,False
sad_00989.png,sad,4,neutral,6,0.0929,False
sad_00990.png,sad,4,sad,4,0.4174,True
sad_00991.png,sad,4,neutral,6,0.0956,False
sad_00992.png,sad,4,neutral,6,0.0503,False
sad_00993.png,sad,4,neutral,6,0.2082,False
sad_00994.png,sad,4,neutral,6,0.0592,False
sad_00995.png,sad,4,angry,0,0.0465,False
sad_00996.png,sad,4,sad,4,0.5157,True
sad_00997.png,sad,4,neutral,6,0.1788,False
sad_00998.png,sad,4,angry,0,0.1333,False
sad_00999.png,sad,4,neutral,6,0.1333,False
sad_01001.png,sad,4,neutral,6,0.1862,False
sad_01002.png,sad,4,fear,2,0.1474,False
sad_01003.png,sad,4,neutral,6,0.2143,False
sad_01004.png,sad,4,angry,0,0.1536,False
sad_01005.png,sad,4,sad,4,0.6447,True
sad_01006.png,sad,4,neutral,6,0.1424,False
sad_01007.png,sad,4,neutral,6,0.0356,False
sad_01008.png,sad,4,fear,2,0.1323,False
sad_01009.png,sad,4,angry,0,0.1577,False
sad_01010.png,sad,4,happy,3,0.0479,False
sad_01011.png,sad,4,sad,4,0.4126,True
sad_01012.png,sad,4,neutral,6,0.3506,True
sad_01013.png,sad,4,neutral,6,0.1255,False
sad_01014.png,sad,4,neutral,6,0.1155,False
sad_01015.png,sad,4,neutral,6,0.1383,False
sad_01016.png,sad,4,neutral,6,0.0402,False
sad_01017.png,sad,4,neutral,6,0.3213,True
sad_01018.png,sad,4,neutral,6,0.0798,False
sad_01019.png,sad,4,angry,0,0.2326,False
sad_01020.png,sad,4,neutral,6,0.0828,False
sad_01021.png,sad,4,fear,2,0.1692,False
sad_01022.png,sad,4,happy,3,0.1045,False
sad_01023.png,sad,4,neutral,6,0.2497,False
sad_01024.png,sad,4,neutral,6,0.2362,False
sad_01025.png,sad,4,neutral,6,0.1065,False
sad_01026.png,sad,4,neutral,6,0.0753,False
sad_01027.png,sad,4,sad,4,0.4407,True
sad_01028.png,sad,4,neutral,6,0.3387,True
sad_01029.png,sad,4,fear,2,0.0675,False
sad_01030.png,sad,4,neutral,6,0.0491,False
sad_01031.png,sad,4,neutral,6,0.1965,False
sad_01032.png,sad,4,neutral,6,0.0859,False
sad_01033.png,sad,4,sad,4,0.2471,True
sad_01034.png,sad,4,fear,2,0.1052,False
sad_01035.png,sad,4,neutral,6,0.2062,False
sad_01036.png,sad,4,neutral,6,0.0577,False
sad_01037.png,sad,4,neutral,6,0.0855,False
sad_01038.png,sad,4,angry,0,0.2634,True
sad_01039.png,sad,4,sad,4,0.4984,True
sad_01040.png,sad,4,neutral,6,0.1146,False
sad_01041.png,sad,4,neutral,6,0.1095,False
sad_01042.png,sad,4,neutral,6,0.0969,False
sad_01043.png,sad,4,neutral,6,0.1633,False
sad_01044.png,sad,4,neutral,6,0.2321,False
sad_01045.png,sad,4,neutral,6,0.0773,False
sad_01046.png,sad,4,fear,2,0.2125,False
sad_01047.png,sad,4,sad,4,0.3604,True
sad_01048.png,sad,4,neutral,6,0.2341,False
sad_01049.png,sad,4,angry,0,0.1171,False
sad_01050.png,sad,4,angry,0,0.0675,False
sad_01051.png,sad,4,surprise,5,0.0856,False
sad_01052.png,sad,4,fear,2,0.26,True
sad_01053.png,sad,4,angry,0,0.0704,False
sad_01054.png,sad,4,sad,4,0.4589,True
sad_01055.png,sad,4,sad,4,0.2549,True
sad_01056.png,sad,4,sad,4,0.4133,True
sad_01057.png,sad,4,angry,0,0.2249,False
sad_01058.png,sad,4,happy,3,0.1176,False
sad_01059.png,sad,4,angry,0,0.1717,False
sad_01060.png,sad,4,neutral,6,0.0289,False
sad_01061.png,sad,4,angry,0,0.1727,False
sad_01062.png,sad,4,neutral,6,0.1598,False
sad_01063.png,sad,4,neutral,6,0.0176,False
sad_01064.png,sad,4,fear,2,0.2022,False
sad_01065.png,sad,4,fear,2,0.3515,True
sad_01066.png,sad,4,neutral,6,0.0455,False
sad_01067.png,sad,4,neutral,6,0.0198,False
sad_01068.png,sad,4,fear,2,0.2381,False
sad_01069.png,sad,4,happy,3,0.026,False
sad_01070.png,sad,4,happy,3,0.0302,False
sad_01071.png,sad,4,neutral,6,0.0662,False
sad_01072.png,sad,4,neutral,6,0.0913,False
sad_01073.png,sad,4,neutral,6,0.0925,False
sad_01074.png,sad,4,neutral,6,0.0862,False
sad_01075.png,sad,4,neutral,6,0.3128,True
sad_01076.png,sad,4,neutral,6,0.0483,False
sad_01077.png,sad,4,neutral,6,0.0523,False
sad_01078.png,sad,4,neutral,6,0.1452,False
sad_01079.png,sad,4,neutral,6,0.1253,False
sad_01080.png,sad,4,neutral,6,0.1616,False
sad_01081.png,sad,4,fear,2,0.2628,True
sad_01082.png,sad,4,neutral,6,0.0664,False
sad_01083.png,sad,4,neutral,6,0.0982,False
sad_01084.png,sad,4,disgust,1,0.048,False
sad_01085.png,sad,4,neutral,6,0.1997,False
sad_01086.png,sad,4,neutral,6,0.058,False
sad_01087.png,sad,4,neutral,6,0.0498,False
sad_01088.png,sad,4,neutral,6,0.15,False
sad_01089.png,sad,4,sad,4,0.4433,True
sad_01090.png,sad,4,neutral,6,0.1021,False
sad_01091.png,sad,4,neutral,6,0.2899,True
sad_01092.png,sad,4,neutral,6,0.0326,False
sad_01093.png,sad,4,sad,4,0.3576,True
sad_01094.png,sad,4,fear,2,0.2452,False
sad_01095.png,sad,4,neutral,6,0.1174,False
sad_01096.png,sad,4,surprise,5,0.1103,False
sad_01097.png,sad,4,neutral,6,0.1588,False
sad_01098.png,sad,4,neutral,6,0.1218,False
sad_01099.png,sad,4,fear,2,0.2108,False
sad_01100.png,sad,4,fear,2,0.242,False
sad_01101.png,sad,4,neutral,6,0.0575,False
sad_01102.png,sad,4,neutral,6,0.2574,True
sad_01103.png,sad,4,neutral,6,0.1603,False
sad_01104.png,sad,4,neutral,6,0.1493,False
sad_01105.png,sad,4,neutral,6,0.052,False
sad_01106.png,sad,4,happy,3,0.0457,False
sad_01107.png,sad,4,disgust,1,0.2478,False
sad_01108.png,sad,4,sad,4,0.6134,True
sad_01109.png,sad,4,sad,4,0.2502,True
sad_01110.png,sad,4,neutral,6,0.105,False
sad_01111.png,sad,4,fear,2,0.1151,False
sad_01112.png,sad,4,neutral,6,0.0696,False
sad_01113.png,sad,4,neutral,6,0.0893,False
sad_01114.png,sad,4,sad,4,0.4705,True
sad_01115.png,sad,4,neutral,6,0.079,False
sad_01116.png,sad,4,neutral,6,0.0962,False
sad_01117.png,sad,4,happy,3,0.2636,True
sad_01118.png,sad,4,neutral,6,0.1013,False
sad_01119.png,sad,4,neutral,6,0.0401,False
sad_01120.png,sad,4,sad,4,0.4395,True
sad_01121.png,sad,4,sad,4,0.5058,True
sad_01122.png,sad,4,neutral,6,0.3047,True
sad_01123.png,sad,4,neutral,6,0.0693,False
sad_01124.png,sad,4,neutral,6,0.2647,True
sad_01125.png,sad,4,neutral,6,0.1903,False
sad_01126.png,sad,4,angry,0,0.0847,False
sad_01127.png,sad,4,neutral,6,0.2642,True
sad_01128.png,sad,4,neutral,6,0.0829,False
sad_01129.png,sad,4,neutral,6,0.0785,False
sad_01130.png,sad,4,neutral,6,0.1621,False
sad_01131.png,sad,4,angry,0,0.1394,False
sad_01132.png,sad,4,neutral,6,0.1503,False
sad_01133.png,sad,4,sad,4,0.3849,True
sad_01134.png,sad,4,angry,0,0.0267,False
sad_01135.png,sad,4,fear,2,0.1957,False
sad_01136.png,sad,4,angry,0,0.1385,False
sad_01137.png,sad,4,happy,3,0.0322,False
sad_01138.png,sad,4,sad,4,0.3349,True
sad_01139.png,sad,4,fear,2,0.1667,False
sad_01140.png,sad,4,sad,4,0.391,True
sad_01141.png,sad,4,neutral,6,0.2309,False
sad_01142.png,sad,4,neutral,6,0.055,False
sad_01143.png,sad,4,neutral,6,0.2161,False
sad_01144.png,sad,4,neutral,6,0.0847,False
sad_01145.png,sad,4,disgust,1,0.024,False
sad_01146.png,sad,4,angry,0,0.1836,False
sad_01147.png,sad,4,surprise,5,0.0964,False
sad_01148.png,sad,4,fear,2,0.1864,False
sad_01149.png,sad,4,angry,0,0.1928,False
sad_01150.png,sad,4,neutral,6,0.074,False
sad_01151.png,sad,4,neutral,6,0.0992,False
sad_01152.png,sad,4,angry,0,0.2032,False
sad_01153.png,sad,4,disgust,1,0.0161,False
sad_01154.png,sad,4,sad,4,0.406,True
sad_01155.png,sad,4,neutral,6,0.043,False
sad_01156.png,sad,4,neutral,6,0.2146,False
sad_01157.png,sad,4,fear,2,0.211,False
sad_01158.png,sad,4,neutral,6,0.1692,False
sad_01159.png,sad,4,neutral,6,0.0418,False
sad_01160.png,sad,4,neutral,6,0.2564,True
sad_01161.png,sad,4,neutral,6,0.1148,False
sad_01162.png,sad,4,sad,4,0.2938,True
sad_01163.png,sad,4,neutral,6,0.1893,False
sad_01164.png,sad,4,neutral,6,0.0828,False
sad_01165.png,sad,4,neutral,6,0.0269,False
sad_01166.png,sad,4,neutral,6,0.0427,False
sad_01167.png,sad,4,neutral,6,0.2024,False
sad_01168.png,sad,4,neutral,6,0.0668,False
sad_01169.png,sad,4,neutral,6,0.2326,False
sad_01170.png,sad,4,angry,0,0.1367,False
sad_01171.png,sad,4,neutral,6,0.1737,False
sad_01172.png,sad,4,sad,4,0.3978,True
sad_01173.png,sad,4,neutral,6,0.1801,False
sad_01174.png,sad,4,neutral,6,0.0522,False
sad_01175.png,sad,4,neutral,6,0.1743,False
sad_01176.png,sad,4,surprise,5,0.1153,False
sad_01177.png,sad,4,neutral,6,0.1207,False
sad_01178.png,sad,4,neutral,6,0.088,False
sad_01179.png,sad,4,sad,4,0.4279,True
sad_01180.png,sad,4,neutral,6,0.1811,False
sad_01181.png,sad,4,neutral,6,0.1031,False
sad_01182.png,sad,4,neutral,6,0.1096,False
sad_01183.png,sad,4,neutral,6,0.1466,False
sad_01184.png,sad,4,angry,0,0.1178,False
sad_01185.png,sad,4,neutral,6,0.1537,False
sad_01186.png,sad,4,neutral,6,0.1777,False
sad_01187.png,sad,4,disgust,1,0.0177,False
sad_01188.png,sad,4,disgust,1,0.238,False
sad_01189.png,sad,4,happy,3,0.0367,False
sad_01190.png,sad,4,neutral,6,0.1831,False
sad_01191.png,sad,4,angry,0,0.1512,False
sad_01192.png,sad,4,angry,0,0.15,False
sad_01193.png,sad,4,neutral,6,0.2258,False
sad_01194.png,sad,4,neutral,6,0.254,True
sad_01195.png,sad,4,neutral,6,0.1175,False
sad_01196.png,sad,4,neutral,6,0.1105,False
sad_01197.png,sad,4,neutral,6,0.1731,False
sad_01198.png,sad,4,neutral,6,0.0763,False
sad_01199.png,sad,4,sad,4,0.5772,True
sad_01200.png,sad,4,fear,2,0.1952,False
sad_01201.png,sad,4,neutral,6,0.0675,False
sad_01202.png,sad,4,neutral,6,0.0322,False
sad_01203.png,sad,4,neutral,6,0.1156,False
sad_01204.png,sad,4,neutral,6,0.1473,False
sad_01205.png,sad,4,neutral,6,0.3048,True
sad_01206.png,sad,4,neutral,6,0.1492,False
sad_01207.png,sad,4,neutral,6,0.1919,False
sad_01208.png,sad,4,neutral,6,0.1021,False
sad_01209.png,sad,4,neutral,6,0.1262,False
sad_01210.png,sad,4,neutral,6,0.1137,False
sad_01211.png,sad,4,neutral,6,0.207,False
sad_01212.png,sad,4,sad,4,0.6529,True
sad_01213.png,sad,4,neutral,6,0.2467,False
sad_01214.png,sad,4,neutral,6,0.1852,False
sad_01215.png,sad,4,sad,4,0.4487,True
sad_01216.png,sad,4,neutral,6,0.1184,False
sad_01217.png,sad,4,sad,4,0.3072,True
sad_01218.png,sad,4,angry,0,0.1556,False
sad_01219.png,sad,4,neutral,6,0.2795,True
sad_01220.png,sad,4,sad,4,0.3089,True
sad_01221.png,sad,4,neutral,6,0.1067,False
sad_01222.png,sad,4,sad,4,0.4409,True
sad_01223.png,sad,4,angry,0,0.2258,False
sad_01224.png,sad,4,surprise,5,0.0661,False
sad_01225.png,sad,4,surprise,5,0.153,False
sad_01226.png,sad,4,sad,4,0.3645,True
sad_01227.png,sad,4,sad,4,0.3757,True
sad_01228.png,sad,4,fear,2,0.3291,True
sad_01229.png,sad,4,angry,0,0.0532,False
sad_01230.png,sad,4,neutral,6,0.1793,False
sad_01231.png,sad,4,neutral,6,0.1108,False
sad_01232.png,sad,4,sad,4,0.3558,True
sad_01233.png,sad,4,angry,0,0.1187,False
sad_01234.png,sad,4,angry,0,0.0909,False
sad_01235.png,sad,4,angry,0,0.0538,False
sad_01236.png,sad,4,sad,4,0.3026,True
sad_01237.png,sad,4,happy,3,0.0523,False
sad_01238.png,sad,4,angry,0,0.0702,False
sad_01239.png,sad,4,sad,4,0.4526,True
sad_01240.png,sad,4,neutral,6,0.0937,False
sad_01241.png,sad,4,neutral,6,0.0603,False
sad_01242.png,sad,4,neutral,6,0.2613,True
sad_01243.png,sad,4,neutral,6,0.251,True
sad_01244.png,sad,4,neutral,6,0.0939,False
sad_01245.png,sad,4,angry,0,0.2193,False
sad_01246.png,sad,4,neutral,6,0.1797,False
sad_01247.png,sad,4,disgust,1,0.1214,False
sad_01248.png,sad,4,sad,4,0.4487,True
sad_01249.png,sad,4,happy,3,0.013,False
sad_01250.png,sad,4,angry,0,0.2265,False
sad_01251.png,sad,4,angry,0,0.0907,False
sad_01252.png,sad,4,neutral,6,0.1274,False
sad_01253.png,sad,4,neutral,6,0.1085,False
sad_01254.png,sad,4,neutral,6,0.0364,False
sad_01255.png,sad,4,neutral,6,0.0883,False
sad_01256.png,sad,4,sad,4,0.6147,True
sad_01257.png,sad,4,neutral,6,0.3489,True
sad_01258.png,sad,4,fear,2,0.2471,False
sad_01259.png,sad,4,neutral,6,0.1723,False
sad_01260.png,sad,4,neutral,6,0.0746,False
sad_01261.png,sad,4,sad,4,0.3723,True
sad_01262.png,sad,4,neutral,6,0.1124,False
sad_01263.png,sad,4,happy,3,0.0563,False
sad_01264.png,sad,4,angry,0,0.1274,False
sad_01265.png,sad,4,sad,4,0.5233,True
sad_01266.png,sad,4,happy,3,0.1021,False
sad_01267.png,sad,4,sad,4,0.4104,True
sad_01268.png,sad,4,neutral,6,0.2339,False
sad_01269.png,sad,4,neutral,6,0.1192,False
sad_01270.png,sad,4,neutral,6,0.341,True
sad_01271.png,sad,4,neutral,6,0.1136,False
sad_01272.png,sad,4,angry,0,0.1801,False
sad_01273.png,sad,4,neutral,6,0.127,False
sad_01274.png,sad,4,angry,0,0.0636,False
sad_01275.png,sad,4,neutral,6,0.1826,False
sad_01276.png,sad,4,fear,2,0.2,False
sad_01277.png,sad,4,neutral,6,0.3031,True
sad_01278.png,sad,4,angry,0,0.2437,False
sad_01279.png,sad,4,neutral,6,0.0746,False
sad_01280.png,sad,4,neutral,6,0.0576,False
sad_01281.png,sad,4,neutral,6,0.1234,False
sad_01282.png,sad,4,sad,4,0.3771,True
sad_01283.png,sad,4,neutral,6,0.296,True
sad_01284.png,sad,4,happy,3,0.0591,False
sad_01285.png,sad,4,angry,0,0.0675,False
sad_01286.png,sad,4,neutral,6,0.0366,False
sad_01287.png,sad,4,sad,4,0.5306,True
sad_01288.png,sad,4,neutral,6,0.097,False
sad_01289.png,sad,4,angry,0,0.1701,False
sad_01290.png,sad,4,fear,2,0.2358,False
sad_01291.png,sad,4,fear,2,0.2666,True
sad_01292.png,sad,4,sad,4,0.5302,True
sad_01293.png,sad,4,neutral,6,0.0502,False
sad_01294.png,sad,4,fear,2,0.2159,False
sad_01295.png,sad,4,sad,4,0.6769,True
sad_01296.png,sad,4,neutral,6,0.2011,False
sad_01297.png,sad,4,sad,4,0.4615,True
sad_01298.png,sad,4,neutral,6,0.1786,False
sad_01299.png,sad,4,neutral,6,0.1509,False
sad_01300.png,sad,4,neutral,6,0.193,False
sad_01301.png,sad,4,surprise,5,0.1006,False
sad_01302.png,sad,4,sad,4,0.4356,True
sad_01303.png,sad,4,neutral,6,0.2363,False
sad_01304.png,sad,4,neutral,6,0.0494,False
sad_01305.png,sad,4,neutral,6,0.1303,False
sad_01306.png,sad,4,neutral,6,0.0902,False
sad_01307.png,sad,4,angry,0,0.1887,False
sad_01308.png,sad,4,neutral,6,0.2496,False
sad_01309.png,sad,4,sad,4,0.4405,True
sad_01310.png,sad,4,neutral,6,0.0839,False
sad_01311.png,sad,4,neutral,6,0.0802,False
sad_01312.png,sad,4,sad,4,0.3598,True
sad_01313.png,sad,4,neutral,6,0.1212,False
sad_01314.png,sad,4,angry,0,0.1736,False
sad_01315.png,sad,4,disgust,1,0.1643,False
sad_01316.png,sad,4,neutral,6,0.0303,False
sad_01317.png,sad,4,neutral,6,0.072,False
sad_01318.png,sad,4,neutral,6,0.1965,False
sad_01319.png,sad,4,happy,3,0.1108,False
sad_01320.png,sad,4,neutral,6,0.0579,False
sad_01321.png,sad,4,neutral,6,0.2249,False
sad_01322.png,sad,4,neutral,6,0.0443,False
sad_01323.png,sad,4,neutral,6,0.0967,False
sad_01324.png,sad,4,angry,0,0.193,False
sad_01325.png,sad,4,sad,4,0.5276,True
sad_01326.png,sad,4,sad,4,0.5144,True
sad_01327.png,sad,4,neutral,6,0.1502,False
sad_01328.png,sad,4,neutral,6,0.1114,False
sad_01329.png,sad,4,neutral,6,0.029,False
sad_01330.png,sad,4,angry,0,0.1427,False
sad_01331.png,sad,4,neutral,6,0.2201,False
sad_01332.png,sad,4,neutral,6,0.0215,False
sad_01333.png,sad,4,sad,4,0.3822,True
sad_01334.png,sad,4,neutral,6,0.0972,False
sad_01335.png,sad,4,neutral,6,0.0661,False
sad_01336.png,sad,4,neutral,6,0.1784,False
sad_01337.png,sad,4,sad,4,0.2764,True
sad_01338.png,sad,4,sad,4,0.5608,True
sad_01339.png,sad,4,sad,4,0.3171,True
sad_01340.png,sad,4,sad,4,0.3328,True
sad_01341.png,sad,4,sad,4,0.386,True
sad_01342.png,sad,4,neutral,6,0.1658,False
sad_01343.png,sad,4,neutral,6,0.0063,False
sad_01344.png,sad,4,angry,0,0.0905,False
sad_01345.png,sad,4,disgust,1,0.0024,False
sad_01346.png,sad,4,neutral,6,0.0241,False
sad_01347.png,sad,4,neutral,6,0.0597,False
sad_01348.png,sad,4,neutral,6,0.1435,False
sad_01349.png,sad,4,neutral,6,0.0625,False
sad_01350.png,sad,4,angry,0,0.1644,False
sad_01351.png,sad,4,sad,4,0.3936,True
sad_01352.png,sad,4,sad,4,0.4115,True
sad_01353.png,sad,4,sad,4,0.4909,True
sad_01354.png,sad,4,sad,4,0.648,True
sad_01355.png,sad,4,neutral,6,0.1233,False
sad_01356.png,sad,4,angry,0,0.0525,False
sad_01357.png,sad,4,neutral,6,0.0753,False
sad_01358.png,sad,4,neutral,6,0.1516,False
sad_01359.png,sad,4,neutral,6,0.1405,False
sad_01360.png,sad,4,fear,2,0.252,True
sad_01361.png,sad,4,neutral,6,0.2018,False
sad_01362.png,sad,4,neutral,6,0.0895,False
sad_01363.png,sad,4,neutral,6,0.2193,False
sad_01364.png,sad,4,happy,3,0.1257,False
sad_01365.png,sad,4,sad,4,0.4173,True
sad_01366.png,sad,4,sad,4,0.39,True
sad_01367.png,sad,4,neutral,6,0.1182,False
sad_01368.png,sad,4,happy,3,0.0265,False
sad_01369.png,sad,4,sad,4,0.2162,True
sad_01370.png,sad,4,neutral,6,0.1323,False
sad_01371.png,sad,4,happy,3,0.0305,False
sad_01372.png,sad,4,neutral,6,0.1638,False
sad_01373.png,sad,4,happy,3,0.0272,False
sad_01374.png,sad,4,neutral,6,0.2544,True
sad_01375.png,sad,4,neutral,6,0.226,False
sad_01376.png,sad,4,fear,2,0.2597,True
sad_01377.png,sad,4,neutral,6,0.1855,False
sad_01378.png,sad,4,sad,4,0.3347,True
sad_01379.png,sad,4,neutral,6,0.2918,True
sad_01380.png,sad,4,neutral,6,0.0481,False
sad_01381.png,sad,4,neutral,6,0.0385,False
sad_01382.png,sad,4,neutral,6,0.1672,False
sad_01383.png,sad,4,sad,4,0.4392,True
sad_01384.png,sad,4,neutral,6,0.3521,True
sad_01385.png,sad,4,neutral,6,0.0319,False
sad_01386.png,sad,4,fear,2,0.2076,False
sad_01387.png,sad,4,neutral,6,0.0688,False
sad_01388.png,sad,4,sad,4,0.3069,True
sad_01389.png,sad,4,sad,4,0.5086,True
sad_01390.png,sad,4,sad,4,0.596,True
sad_01391.png,sad,4,neutral,6,0.1101,False
sad_01392.png,sad,4,neutral,6,0.0387,False
sad_01393.png,sad,4,neutral,6,0.1177,False
sad_01394.png,sad,4,neutral,6,0.1748,False
sad_01395.png,sad,4,neutral,6,0.0133,False
sad_01396.png,sad,4,sad,4,0.3196,True
sad_01397.png,sad,4,sad,4,0.4338,True
sad_01398.png,sad,4,sad,4,0.3731,True
sad_01399.png,sad,4,neutral,6,0.0886,False
sad_01400.png,sad,4,disgust,1,0.2291,False
sad_01401.png,sad,4,neutral,6,0.0633,False
sad_01402.png,sad,4,neutral,6,0.1078,False
sad_01403.png,sad,4,neutral,6,0.1098,False
sad_01404.png,sad,4,fear,2,0.3477,True
sad_01405.png,sad,4,neutral,6,0.2134,False
sad_01406.png,sad,4,neutral,6,0.1778,False
sad_01407.png,sad,4,angry,0,0.0384,False
sad_01408.png,sad,4,angry,0,0.2394,False
sad_01409.png,sad,4,neutral,6,0.1072,False
sad_01410.png,sad,4,neutral,6,0.1357,False
sad_01411.png,sad,4,angry,0,0.1352,False
sad_01412.png,sad,4,disgust,1,0.1269,False
sad_01413.png,sad,4,neutral,6,0.1148,False
sad_01414.png,sad,4,neutral,6,0.0344,False
sad_01415.png,sad,4,sad,4,0.7556,True
sad_01416.png,sad,4,neutral,6,0.1164,False
sad_01417.png,sad,4,neutral,6,0.1431,False
sad_01418.png,sad,4,angry,0,0.2391,False
sad_01419.png,sad,4,fear,2,0.1926,False
sad_01420.png,sad,4,neutral,6,0.0907,False
sad_01421.png,sad,4,neutral,6,0.1144,False
sad_01422.png,sad,4,sad,4,0.4695,True
sad_01423.png,sad,4,neutral,6,0.1723,False
sad_01424.png,sad,4,fear,2,0.1768,False
sad_01425.png,sad,4,sad,4,0.5828,True
sad_01426.png,sad,4,sad,4,0.3903,True
sad_01427.png,sad,4,neutral,6,0.0493,False
sad_01428.png,sad,4,neutral,6,0.0548,False
sad_01429.png,sad,4,neutral,6,0.1011,False
sad_01430.png,sad,4,neutral,6,0.1838,False
sad_01431.png,sad,4,neutral,6,0.1523,False
sad_01432.png,sad,4,sad,4,0.3549,True
sad_01433.png,sad,4,angry,0,0.1355,False
sad_01434.png,sad,4,neutral,6,0.2288,False
sad_01435.png,sad,4,neutral,6,0.0789,False
sad_01436.png,sad,4,disgust,1,0.1979,False
sad_01437.png,sad,4,neutral,6,0.0991,False
sad_01438.png,sad,4,neutral,6,0.2431,False
sad_01439.png,sad,4,angry,0,0.0775,False
sad_01440.png,sad,4,neutral,6,0.0187,False
sad_01441.png,sad,4,angry,0,0.1288,False
sad_01442.png,sad,4,fear,2,0.2771,True
sad_01443.png,sad,4,sad,4,0.4902,True
sad_01444.png,sad,4,happy,3,0.0158,False
sad_01445.png,sad,4,neutral,6,0.0271,False
sad_01446.png,sad,4,neutral,6,0.0255,False
sad_01447.png,sad,4,neutral,6,0.0678,False
sad_01448.png,sad,4,neutral,6,0.1254,False
sad_01449.png,sad,4,sad,4,0.5149,True
sad_01450.png,sad,4,neutral,6,0.092,False
sad_01451.png,sad,4,disgust,1,0.079,False
sad_01452.png,sad,4,neutral,6,0.1471,False
sad_01453.png,sad,4,happy,3,0.113,False
sad_01454.png,sad,4,neutral,6,0.0841,False
sad_01455.png,sad,4,happy,3,0.1953,False
sad_01456.png,sad,4,neutral,6,0.11,False
sad_01457.png,sad,4,neutral,6,0.0419,False
sad_01458.png,sad,4,neutral,6,0.0324,False
sad_01459.png,sad,4,neutral,6,0.2552,True
sad_01460.png,sad,4,angry,0,0.1155,False
sad_01461.png,sad,4,neutral,6,0.0931,False
sad_01462.png,sad,4,angry,0,0.1251,False
sad_01463.png,sad,4,sad,4,0.5589,True
sad_01464.png,sad,4,neutral,6,0.1432,False
sad_01465.png,sad,4,neutral,6,0.2911,True
sad_01466.png,sad,4,neutral,6,0.1243,False
sad_01467.png,sad,4,sad,4,0.4874,True
sad_01468.png,sad,4,angry,0,0.0691,False
sad_01469.png,sad,4,angry,0,0.1388,False
sad_01470.png,sad,4,neutral,6,0.1276,False
sad_01471.png,sad,4,neutral,6,0.0913,False
sad_01472.png,sad,4,sad,4,0.3205,True
sad_01473.png,sad,4,happy,3,0.0752,False
sad_01474.png,sad,4,neutral,6,0.1542,False
sad_01475.png,sad,4,neutral,6,0.2676,True
sad_01476.png,sad,4,neutral,6,0.2462,False
sad_01477.png,sad,4,neutral,6,0.2287,False
sad_01478.png,sad,4,neutral,6,0.1176,False
sad_01479.png,sad,4,fear,2,0.1716,False
sad_01480.png,sad,4,neutral,6,0.1115,False
sad_01481.png,sad,4,neutral,6,0.2098,False
sad_01482.png,sad,4,neutral,6,0.0241,False
sad_01483.png,sad,4,neutral,6,0.1316,False
sad_01484.png,sad,4,neutral,6,0.1517,False
sad_01485.png,sad,4,neutral,6,0.2599,True
sad_01486.png,sad,4,surprise,5,0.0315,False
sad_01487.png,sad,4,neutral,6,0.0397,False
sad_01488.png,sad,4,sad,4,0.391,True
sad_01489.png,sad,4,sad,4,0.6305,True
sad_01490.png,sad,4,neutral,6,0.2454,False
sad_01491.png,sad,4,angry,0,0.06,False
sad_01492.png,sad,4,neutral,6,0.2,False
sad_01493.png,sad,4,neutral,6,0.1588,False
sad_01494.png,sad,4,sad,4,0.4794,True
sad_01495.png,sad,4,angry,0,0.1606,False
sad_01496.png,sad,4,neutral,6,0.1445,False
sad_01497.png,sad,4,sad,4,0.4604,True
sad_01498.png,sad,4,neutral,6,0.2184,False
sad_01499.png,sad,4,neutral,6,0.2442,False
