file,original_label,teacher_pred_class,teacher_happy_prob,teacher_confidence,top2_predictions,retained,filter_reason
happy_cand_00000.png,happy,happy,0.6689,0.6689,"happy(0.67), neutral(0.13)",False,Low Happy probability (0.669 < 0.7)
happy_cand_00001.png,happy,happy,0.8346,0.8346,"happy(0.83), disgust(0.06)",True,Accepted
happy_cand_00002.png,happy,happy,0.32,0.32,"happy(0.32), neutral(0.22)",False,Low Happy probability (0.320 < 0.7)
happy_cand_00003.png,happy,happy,0.6443,0.6443,"happy(0.64), neutral(0.16)",False,Low Happy probability (0.644 < 0.7)
happy_cand_00004.png,happy,happy,0.7883,0.7883,"happy(0.79), neutral(0.10)",True,Accepted
happy_cand_00005.png,happy,happy,0.6288,0.6288,"happy(0.63), neutral(0.15)",False,Low Happy probability (0.629 < 0.7)
happy_cand_00006.png,happy,happy,0.7871,0.7871,"happy(0.79), disgust(0.10)",True,Accepted
happy_cand_00007.png,happy,happy,0.4321,0.4321,"happy(0.43), neutral(0.26)",False,Low Happy probability (0.432 < 0.7)
happy_cand_00008.png,happy,happy,0.788,0.788,"happy(0.79), disgust(0.07)",True,Accepted
happy_cand_00009.png,happy,happy,0.2452,0.2452,"happy(0.25), neutral(0.21)",False,Low Happy probability (0.245 < 0.7)
happy_cand_00010.png,happy,happy,0.8409,0.8409,"happy(0.84), disgust(0.08)",True,Accepted
happy_cand_00011.png,happy,happy,0.6979,0.6979,"happy(0.70), neutral(0.15)",False,Low Happy probability (0.698 < 0.7)
happy_cand_00012.png,happy,happy,0.8338,0.8338,"happy(0.83), disgust(0.07)",True,Accepted
happy_cand_00013.png,happy,happy,0.7012,0.7012,"happy(0.70), surprise(0.13)",True,Accepted
happy_cand_00014.png,happy,happy,0.749,0.749,"happy(0.75), surprise(0.11)",True,Accepted
happy_cand_00015.png,happy,neutral,0.097,0.6974,"neutral(0.70), happy(0.10)",False,Teacher predicted 'neutral' (0.697)
happy_cand_00016.png,happy,neutral,0.2935,0.4814,"neutral(0.48), happy(0.29)",False,Teacher predicted 'neutral' (0.481)
happy_cand_00017.png,happy,angry,0.0305,0.4375,"angry(0.44), neutral(0.32)",False,Teacher predicted 'angry' (0.437)
happy_cand_00018.png,happy,happy,0.6269,0.6269,"happy(0.63), angry(0.11)",False,Low Happy probability (0.627 < 0.7)
happy_cand_00019.png,happy,disgust,0.0634,0.3322,"disgust(0.33), sad(0.24)",False,Teacher predicted 'disgust' (0.332)
happy_cand_00020.png,happy,happy,0.3646,0.3646,"happy(0.36), neutral(0.33)",False,Low Happy probability (0.365 < 0.7)
happy_cand_00021.png,happy,happy,0.8402,0.8402,"happy(0.84), disgust(0.08)",True,Accepted
happy_cand_00022.png,happy,neutral,0.0246,0.5693,"neutral(0.57), angry(0.17)",False,Teacher predicted 'neutral' (0.569)
happy_cand_00023.png,happy,happy,0.7579,0.7579,"happy(0.76), neutral(0.10)",True,Accepted
happy_cand_00024.png,happy,happy,0.6743,0.6743,"happy(0.67), neutral(0.12)",False,Low Happy probability (0.674 < 0.7)
happy_cand_00025.png,happy,happy,0.3069,0.3069,"happy(0.31), neutral(0.24)",False,Low Happy probability (0.307 < 0.7)
happy_cand_00026.png,happy,happy,0.7885,0.7885,"happy(0.79), disgust(0.07)",True,Accepted
happy_cand_00027.png,happy,happy,0.7729,0.7729,"happy(0.77), disgust(0.09)",True,Accepted
happy_cand_00028.png,happy,happy,0.791,0.791,"happy(0.79), disgust(0.08)",True,Accepted
happy_cand_00031.png,happy,neutral,0.0375,0.6858,"neutral(0.69), angry(0.07)",False,Teacher predicted 'neutral' (0.686)
happy_cand_00032.png,happy,happy,0.4575,0.4575,"happy(0.46), neutral(0.39)",False,Low Happy probability (0.457 < 0.7)
happy_cand_00033.png,happy,happy,0.8264,0.8264,"happy(0.83), disgust(0.10)",True,Accepted
happy_cand_00034.png,happy,happy,0.8744,0.8744,"happy(0.87), disgust(0.07)",True,Accepted
happy_cand_00035.png,happy,happy,0.7048,0.7048,"happy(0.70), neutral(0.17)",True,Accepted
happy_cand_00036.png,happy,happy,0.75,0.75,"happy(0.75), disgust(0.12)",True,Accepted
happy_cand_00037.png,happy,neutral,0.0801,0.5802,"neutral(0.58), sad(0.15)",False,Teacher predicted 'neutral' (0.580)
happy_cand_00038.png,happy,happy,0.6112,0.6112,"happy(0.61), neutral(0.24)",False,Low Happy probability (0.611 < 0.7)
happy_cand_00039.png,happy,happy,0.7807,0.7807,"happy(0.78), neutral(0.11)",True,Accepted
happy_cand_00040.png,happy,neutral,0.1686,0.5585,"neutral(0.56), happy(0.17)",False,Teacher predicted 'neutral' (0.558)
happy_cand_00041.png,happy,happy,0.7766,0.7766,"happy(0.78), disgust(0.08)",True,Accepted
happy_cand_00042.png,happy,happy,0.8631,0.8631,"happy(0.86), disgust(0.07)",True,Accepted
happy_cand_00043.png,happy,happy,0.4835,0.4835,"happy(0.48), disgust(0.25)",False,Low Happy probability (0.483 < 0.7)
happy_cand_00044.png,happy,happy,0.5777,0.5777,"happy(0.58), angry(0.14)",False,Low Happy probability (0.578 < 0.7)
happy_cand_00045.png,happy,happy,0.5689,0.5689,"happy(0.57), neutral(0.12)",False,Low Happy probability (0.569 < 0.7)
happy_cand_00046.png,happy,neutral,0.0357,0.7342,"neutral(0.73), sad(0.08)",False,Teacher predicted 'neutral' (0.734)
happy_cand_00047.png,happy,neutral,0.061,0.6373,"neutral(0.64), surprise(0.09)",False,Teacher predicted 'neutral' (0.637)
happy_cand_00048.png,happy,angry,0.1794,0.2758,"angry(0.28), sad(0.23)",False,Teacher predicted 'angry' (0.276)
happy_cand_00049.png,happy,happy,0.5684,0.5684,"happy(0.57), neutral(0.24)",False,Low Happy probability (0.568 < 0.7)
happy_cand_00050.png,happy,neutral,0.1655,0.2287,"neutral(0.23), angry(0.22)",False,Teacher predicted 'neutral' (0.229)
happy_cand_00051.png,happy,happy,0.8149,0.8149,"happy(0.81), disgust(0.09)",True,Accepted
happy_cand_00052.png,happy,happy,0.74,0.74,"happy(0.74), neutral(0.14)",True,Accepted
happy_cand_00053.png,happy,happy,0.7716,0.7716,"happy(0.77), neutral(0.09)",True,Accepted
happy_cand_00054.png,happy,neutral,0.3668,0.4678,"neutral(0.47), happy(0.37)",False,Teacher predicted 'neutral' (0.468)
happy_cand_00055.png,happy,neutral,0.0897,0.6148,"neutral(0.61), sad(0.12)",False,Teacher predicted 'neutral' (0.615)
happy_cand_00056.png,happy,happy,0.8041,0.8041,"happy(0.80), disgust(0.08)",True,Accepted
happy_cand_00057.png,happy,happy,0.4957,0.4957,"happy(0.50), neutral(0.15)",False,Low Happy probability (0.496 < 0.7)
happy_cand_00058.png,happy,happy,0.7612,0.7612,"happy(0.76), neutral(0.08)",True,Accepted
happy_cand_00059.png,happy,happy,0.7084,0.7084,"happy(0.71), disgust(0.11)",True,Accepted
happy_cand_00060.png,happy,happy,0.7972,0.7972,"happy(0.80), disgust(0.09)",True,Accepted
happy_cand_00061.png,happy,neutral,0.0993,0.344,"neutral(0.34), sad(0.20)",False,Teacher predicted 'neutral' (0.344)
happy_cand_00062.png,happy,neutral,0.1324,0.734,"neutral(0.73), happy(0.13)",False,Teacher predicted 'neutral' (0.734)
happy_cand_00063.png,happy,happy,0.8025,0.8025,"happy(0.80), disgust(0.07)",True,Accepted
happy_cand_00064.png,happy,happy,0.4028,0.4028,"happy(0.40), neutral(0.37)",False,Low Happy probability (0.403 < 0.7)
happy_cand_00065.png,happy,happy,0.8664,0.8664,"happy(0.87), disgust(0.07)",True,Accepted
happy_cand_00066.png,happy,happy,0.5117,0.5117,"happy(0.51), neutral(0.25)",False,Low Happy probability (0.512 < 0.7)
happy_cand_00067.png,happy,happy,0.2656,0.2656,"happy(0.27), neutral(0.23)",False,Low Happy probability (0.266 < 0.7)
happy_cand_00069.png,happy,neutral,0.188,0.4372,"neutral(0.44), happy(0.19)",False,Teacher predicted 'neutral' (0.437)
happy_cand_00070.png,happy,happy,0.8235,0.8235,"happy(0.82), disgust(0.07)",True,Accepted
happy_cand_00071.png,happy,happy,0.2587,0.2587,"happy(0.26), sad(0.25)",False,Low Happy probability (0.259 < 0.7)
happy_cand_00072.png,happy,happy,0.6695,0.6695,"happy(0.67), neutral(0.10)",False,Low Happy probability (0.670 < 0.7)
happy_cand_00073.png,happy,happy,0.3739,0.3739,"happy(0.37), neutral(0.26)",False,Low Happy probability (0.374 < 0.7)
happy_cand_00074.png,happy,happy,0.5829,0.5829,"happy(0.58), neutral(0.13)",False,Low Happy probability (0.583 < 0.7)
happy_cand_00075.png,happy,neutral,0.1919,0.5419,"neutral(0.54), happy(0.19)",False,Teacher predicted 'neutral' (0.542)
happy_cand_00076.png,happy,happy,0.8308,0.8308,"happy(0.83), disgust(0.07)",True,Accepted
happy_cand_00077.png,happy,happy,0.7848,0.7848,"happy(0.78), disgust(0.08)",True,Accepted
happy_cand_00078.png,happy,neutral,0.1311,0.5529,"neutral(0.55), happy(0.13)",False,Teacher predicted 'neutral' (0.553)
happy_cand_00079.png,happy,neutral,0.0631,0.4039,"neutral(0.40), fear(0.15)",False,Teacher predicted 'neutral' (0.404)
happy_cand_00080.png,happy,happy,0.5885,0.5885,"happy(0.59), angry(0.19)",False,Low Happy probability (0.588 < 0.7)
happy_cand_00081.png,happy,happy,0.7761,0.7761,"happy(0.78), disgust(0.09)",True,Accepted
happy_cand_00082.png,happy,happy,0.7358,0.7358,"happy(0.74), neutral(0.12)",True,Accepted
happy_cand_00083.png,happy,happy,0.3657,0.3657,"happy(0.37), neutral(0.33)",False,Low Happy probability (0.366 < 0.7)
happy_cand_00084.png,happy,happy,0.7962,0.7962,"happy(0.80), disgust(0.07)",True,Accepted
happy_cand_00085.png,happy,neutral,0.1631,0.5461,"neutral(0.55), happy(0.16)",False,Teacher predicted 'neutral' (0.546)
happy_cand_00086.png,happy,happy,0.8352,0.8352,"happy(0.84), disgust(0.08)",True,Accepted
happy_cand_00087.png,happy,neutral,0.0659,0.7744,"neutral(0.77), happy(0.07)",False,Teacher predicted 'neutral' (0.774)
happy_cand_00088.png,happy,happy,0.3876,0.3876,"happy(0.39), neutral(0.24)",False,Low Happy probability (0.388 < 0.7)
happy_cand_00089.png,happy,happy,0.8478,0.8478,"happy(0.85), disgust(0.07)",True,Accepted
happy_cand_00090.png,happy,happy,0.7842,0.7842,"happy(0.78), disgust(0.09)",True,Accepted
happy_cand_00091.png,happy,happy,0.7302,0.7302,"happy(0.73), neutral(0.13)",True,Accepted
happy_cand_00092.png,happy,happy,0.6709,0.6709,"happy(0.67), neutral(0.13)",False,Low Happy probability (0.671 < 0.7)
happy_cand_00093.png,happy,sad,0.1122,0.3906,"sad(0.39), fear(0.19)",False,Teacher predicted 'sad' (0.391)
happy_cand_00094.png,happy,neutral,0.2411,0.4796,"neutral(0.48), happy(0.24)",False,Teacher predicted 'neutral' (0.480)
happy_cand_00095.png,happy,neutral,0.2354,0.2748,"neutral(0.27), happy(0.24)",False,Teacher predicted 'neutral' (0.275)
happy_cand_00096.png,happy,happy,0.6934,0.6934,"happy(0.69), surprise(0.11)",False,Low Happy probability (0.693 < 0.7)
happy_cand_00097.png,happy,neutral,0.1584,0.4913,"neutral(0.49), happy(0.16)",False,Teacher predicted 'neutral' (0.491)
happy_cand_00098.png,happy,happy,0.8289,0.8289,"happy(0.83), disgust(0.07)",True,Accepted
happy_cand_00099.png,happy,happy,0.6641,0.6641,"happy(0.66), neutral(0.12)",False,Low Happy probability (0.664 < 0.7)
happy_cand_00100.png,happy,happy,0.8078,0.8078,"happy(0.81), disgust(0.07)",True,Accepted
happy_cand_00101.png,happy,neutral,0.0428,0.6799,"neutral(0.68), sad(0.10)",False,Teacher predicted 'neutral' (0.680)
happy_cand_00102.png,happy,neutral,0.1347,0.4831,"neutral(0.48), angry(0.17)",False,Teacher predicted 'neutral' (0.483)
happy_cand_00103.png,happy,neutral,0.2426,0.455,"neutral(0.45), happy(0.24)",False,Teacher predicted 'neutral' (0.455)
happy_cand_00104.png,happy,happy,0.7654,0.7654,"happy(0.77), neutral(0.10)",True,Accepted
happy_cand_00105.png,happy,happy,0.8681,0.8681,"happy(0.87), disgust(0.07)",True,Accepted
happy_cand_00106.png,happy,happy,0.5972,0.5972,"happy(0.60), neutral(0.28)",False,Low Happy probability (0.597 < 0.7)
happy_cand_00107.png,happy,happy,0.8161,0.8161,"happy(0.82), disgust(0.07)",True,Accepted
happy_cand_00108.png,happy,happy,0.6531,0.6531,"happy(0.65), surprise(0.12)",False,Low Happy probability (0.653 < 0.7)
happy_cand_00109.png,happy,neutral,0.1125,0.7184,"neutral(0.72), happy(0.11)",False,Teacher predicted 'neutral' (0.718)
happy_cand_00110.png,happy,happy,0.8033,0.8033,"happy(0.80), disgust(0.07)",True,Accepted
happy_cand_00111.png,happy,neutral,0.1268,0.5828,"neutral(0.58), happy(0.13)",False,Teacher predicted 'neutral' (0.583)
happy_cand_00112.png,happy,neutral,0.0591,0.6351,"neutral(0.64), sad(0.09)",False,Teacher predicted 'neutral' (0.635)
happy_cand_00113.png,happy,neutral,0.3353,0.4882,"neutral(0.49), happy(0.34)",False,Teacher predicted 'neutral' (0.488)
happy_cand_00114.png,happy,neutral,0.2188,0.6285,"neutral(0.63), happy(0.22)",False,Teacher predicted 'neutral' (0.628)
happy_cand_00115.png,happy,happy,0.6206,0.6206,"happy(0.62), neutral(0.15)",False,Low Happy probability (0.621 < 0.7)
happy_cand_00116.png,happy,neutral,0.3445,0.4653,"neutral(0.47), happy(0.34)",False,Teacher predicted 'neutral' (0.465)
happy_cand_00117.png,happy,happy,0.608,0.608,"happy(0.61), angry(0.12)",False,Low Happy probability (0.608 < 0.7)
happy_cand_00118.png,happy,happy,0.7258,0.7258,"happy(0.73), neutral(0.11)",True,Accepted
happy_cand_00119.png,happy,neutral,0.2412,0.4529,"neutral(0.45), happy(0.24)",False,Teacher predicted 'neutral' (0.453)
happy_cand_00120.png,happy,happy,0.7782,0.7782,"happy(0.78), angry(0.07)",True,Accepted
happy_cand_00121.png,happy,happy,0.6929,0.6929,"happy(0.69), disgust(0.11)",False,Low Happy probability (0.693 < 0.7)
happy_cand_00122.png,happy,neutral,0.1128,0.6567,"neutral(0.66), happy(0.11)",False,Teacher predicted 'neutral' (0.657)
happy_cand_00123.png,happy,happy,0.6694,0.6694,"happy(0.67), angry(0.12)",False,Low Happy probability (0.669 < 0.7)
happy_cand_00124.png,happy,neutral,0.0492,0.5774,"neutral(0.58), sad(0.15)",False,Teacher predicted 'neutral' (0.577)
happy_cand_00125.png,happy,neutral,0.1775,0.4726,"neutral(0.47), happy(0.18)",False,Teacher predicted 'neutral' (0.473)
happy_cand_00126.png,happy,happy,0.6132,0.6132,"happy(0.61), angry(0.16)",False,Low Happy probability (0.613 < 0.7)
happy_cand_00127.png,happy,happy,0.4895,0.4895,"happy(0.49), neutral(0.25)",False,Low Happy probability (0.489 < 0.7)
happy_cand_00128.png,happy,neutral,0.2234,0.3772,"neutral(0.38), angry(0.24)",False,Teacher predicted 'neutral' (0.377)
happy_cand_00129.png,happy,happy,0.7334,0.7334,"happy(0.73), neutral(0.09)",True,Accepted
happy_cand_00130.png,happy,neutral,0.2392,0.3387,"neutral(0.34), happy(0.24)",False,Teacher predicted 'neutral' (0.339)
happy_cand_00131.png,happy,happy,0.4826,0.4826,"happy(0.48), angry(0.18)",False,Low Happy probability (0.483 < 0.7)
happy_cand_00132.png,happy,happy,0.6154,0.6154,"happy(0.62), neutral(0.23)",False,Low Happy probability (0.615 < 0.7)
happy_cand_00133.png,happy,happy,0.7202,0.7202,"happy(0.72), disgust(0.09)",True,Accepted
happy_cand_00134.png,happy,happy,0.6412,0.6412,"happy(0.64), neutral(0.23)",False,Low Happy probability (0.641 < 0.7)
happy_cand_00135.png,happy,happy,0.8223,0.8223,"happy(0.82), disgust(0.08)",True,Accepted
happy_cand_00136.png,happy,happy,0.3843,0.3843,"happy(0.38), neutral(0.30)",False,Low Happy probability (0.384 < 0.7)
happy_cand_00137.png,happy,happy,0.6446,0.6446,"happy(0.64), surprise(0.18)",False,Low Happy probability (0.645 < 0.7)
happy_cand_00138.png,happy,neutral,0.1518,0.4912,"neutral(0.49), happy(0.15)",False,Teacher predicted 'neutral' (0.491)
happy_cand_00139.png,happy,happy,0.7596,0.7596,"happy(0.76), neutral(0.08)",True,Accepted
happy_cand_00140.png,happy,happy,0.7717,0.7717,"happy(0.77), disgust(0.08)",True,Accepted
happy_cand_00141.png,happy,happy,0.845,0.845,"happy(0.85), disgust(0.08)",True,Accepted
happy_cand_00142.png,happy,neutral,0.3546,0.3865,"neutral(0.39), happy(0.35)",False,Teacher predicted 'neutral' (0.386)
happy_cand_00143.png,happy,happy,0.5625,0.5625,"happy(0.56), disgust(0.12)",False,Low Happy probability (0.562 < 0.7)
happy_cand_00144.png,happy,angry,0.1184,0.3826,"angry(0.38), fear(0.16)",False,Teacher predicted 'angry' (0.383)
happy_cand_00145.png,happy,happy,0.403,0.403,"happy(0.40), neutral(0.38)",False,Low Happy probability (0.403 < 0.7)
happy_cand_00146.png,happy,happy,0.6368,0.6368,"happy(0.64), neutral(0.25)",False,Low Happy probability (0.637 < 0.7)
happy_cand_00147.png,happy,happy,0.8527,0.8527,"happy(0.85), disgust(0.07)",True,Accepted
happy_cand_00148.png,happy,happy,0.4337,0.4337,"happy(0.43), neutral(0.26)",False,Low Happy probability (0.434 < 0.7)
happy_cand_00149.png,happy,happy,0.7987,0.7987,"happy(0.80), neutral(0.09)",True,Accepted
happy_cand_00150.png,happy,neutral,0.0863,0.6658,"neutral(0.67), angry(0.10)",False,Teacher predicted 'neutral' (0.666)
happy_cand_00151.png,happy,happy,0.5766,0.5766,"happy(0.58), neutral(0.22)",False,Low Happy probability (0.577 < 0.7)
happy_cand_00152.png,happy,happy,0.5255,0.5255,"happy(0.53), disgust(0.13)",False,Low Happy probability (0.525 < 0.7)
happy_cand_00153.png,happy,happy,0.7849,0.7849,"happy(0.78), disgust(0.08)",True,Accepted
happy_cand_00154.png,happy,happy,0.7507,0.7507,"happy(0.75), disgust(0.09)",True,Accepted
happy_cand_00155.png,happy,happy,0.8093,0.8093,"happy(0.81), disgust(0.07)",True,Accepted
happy_cand_00156.png,happy,neutral,0.2516,0.4829,"neutral(0.48), happy(0.25)",False,Teacher predicted 'neutral' (0.483)
happy_cand_00157.png,happy,happy,0.7906,0.7906,"happy(0.79), disgust(0.08)",True,Accepted
happy_cand_00158.png,happy,happy,0.7326,0.7326,"happy(0.73), disgust(0.10)",True,Accepted
happy_cand_00159.png,happy,happy,0.621,0.621,"happy(0.62), neutral(0.15)",False,Low Happy probability (0.621 < 0.7)
happy_cand_00160.png,happy,happy,0.841,0.841,"happy(0.84), disgust(0.09)",True,Accepted
happy_cand_00161.png,happy,happy,0.8306,0.8306,"happy(0.83), disgust(0.09)",True,Accepted
happy_cand_00162.png,happy,happy,0.6634,0.6634,"happy(0.66), neutral(0.14)",False,Low Happy probability (0.663 < 0.7)
happy_cand_00163.png,happy,neutral,0.2483,0.386,"neutral(0.39), happy(0.25)",False,Teacher predicted 'neutral' (0.386)
happy_cand_00164.png,happy,happy,0.593,0.593,"happy(0.59), neutral(0.25)",False,Low Happy probability (0.593 < 0.7)
happy_cand_00165.png,happy,happy,0.7724,0.7724,"happy(0.77), disgust(0.08)",True,Accepted
happy_cand_00166.png,happy,happy,0.4287,0.4287,"happy(0.43), neutral(0.22)",False,Low Happy probability (0.429 < 0.7)
happy_cand_00167.png,happy,happy,0.5311,0.5311,"happy(0.53), neutral(0.30)",False,Low Happy probability (0.531 < 0.7)
happy_cand_00168.png,happy,neutral,0.0964,0.4539,"neutral(0.45), sad(0.24)",False,Teacher predicted 'neutral' (0.454)
happy_cand_00169.png,happy,sad,0.0651,0.3174,"sad(0.32), neutral(0.23)",False,Teacher predicted 'sad' (0.317)
happy_cand_00170.png,happy,happy,0.7185,0.7185,"happy(0.72), neutral(0.12)",True,Accepted
happy_cand_00171.png,happy,happy,0.6659,0.6659,"happy(0.67), neutral(0.17)",False,Low Happy probability (0.666 < 0.7)
happy_cand_00172.png,happy,happy,0.5359,0.5359,"happy(0.54), neutral(0.14)",False,Low Happy probability (0.536 < 0.7)
happy_cand_00173.png,happy,neutral,0.1547,0.6501,"neutral(0.65), happy(0.15)",False,Teacher predicted 'neutral' (0.650)
happy_cand_00174.png,happy,neutral,0.0277,0.3072,"neutral(0.31), sad(0.26)",False,Teacher predicted 'neutral' (0.307)
happy_cand_00175.png,happy,happy,0.601,0.601,"happy(0.60), neutral(0.18)",False,Low Happy probability (0.601 < 0.7)
happy_cand_00176.png,happy,angry,0.0963,0.6383,"angry(0.64), fear(0.14)",False,Teacher predicted 'angry' (0.638)
happy_cand_00177.png,happy,happy,0.4656,0.4656,"happy(0.47), neutral(0.32)",False,Low Happy probability (0.466 < 0.7)
happy_cand_00178.png,happy,happy,0.3472,0.3472,"happy(0.35), neutral(0.19)",False,Low Happy probability (0.347 < 0.7)
happy_cand_00179.png,happy,happy,0.6703,0.6703,"happy(0.67), neutral(0.09)",False,Low Happy probability (0.670 < 0.7)
happy_cand_00180.png,happy,happy,0.8792,0.8792,"happy(0.88), disgust(0.06)",True,Accepted
happy_cand_00181.png,happy,neutral,0.1958,0.5737,"neutral(0.57), happy(0.20)",False,Teacher predicted 'neutral' (0.574)
happy_cand_00182.png,happy,happy,0.4512,0.4512,"happy(0.45), neutral(0.22)",False,Low Happy probability (0.451 < 0.7)
happy_cand_00183.png,happy,happy,0.7894,0.7894,"happy(0.79), disgust(0.08)",True,Accepted
happy_cand_00184.png,happy,happy,0.8244,0.8244,"happy(0.82), disgust(0.07)",True,Accepted
happy_cand_00185.png,happy,happy,0.658,0.658,"happy(0.66), angry(0.11)",False,Low Happy probability (0.658 < 0.7)
happy_cand_00186.png,happy,happy,0.664,0.664,"happy(0.66), angry(0.10)",False,Low Happy probability (0.664 < 0.7)
happy_cand_00187.png,happy,neutral,0.0246,0.6948,"neutral(0.69), sad(0.11)",False,Teacher predicted 'neutral' (0.695)
happy_cand_00188.png,happy,happy,0.3454,0.3454,"happy(0.35), sad(0.24)",False,Low Happy probability (0.345 < 0.7)
happy_cand_00189.png,happy,neutral,0.089,0.631,"neutral(0.63), angry(0.11)",False,Teacher predicted 'neutral' (0.631)
happy_cand_00190.png,happy,happy,0.8307,0.8307,"happy(0.83), disgust(0.08)",True,Accepted
happy_cand_00191.png,happy,happy,0.6864,0.6864,"happy(0.69), disgust(0.11)",False,Low Happy probability (0.686 < 0.7)
happy_cand_00192.png,happy,happy,0.7765,0.7765,"happy(0.78), disgust(0.08)",True,Accepted
happy_cand_00193.png,happy,surprise,0.1254,0.6053,"surprise(0.61), happy(0.13)",False,Teacher predicted 'surprise' (0.605)
happy_cand_00194.png,happy,happy,0.7201,0.7201,"happy(0.72), angry(0.13)",True,Accepted
happy_cand_00195.png,happy,happy,0.6794,0.6794,"happy(0.68), neutral(0.19)",False,Low Happy probability (0.679 < 0.7)
happy_cand_00196.png,happy,neutral,0.1463,0.682,"neutral(0.68), happy(0.15)",False,Teacher predicted 'neutral' (0.682)
happy_cand_00197.png,happy,happy,0.6782,0.6782,"happy(0.68), surprise(0.14)",False,Low Happy probability (0.678 < 0.7)
happy_cand_00198.png,happy,happy,0.8265,0.8265,"happy(0.83), disgust(0.08)",True,Accepted
happy_cand_00199.png,happy,happy,0.512,0.512,"happy(0.51), neutral(0.20)",False,Low Happy probability (0.512 < 0.7)
happy_cand_00200.png,happy,neutral,0.0821,0.6329,"neutral(0.63), angry(0.14)",False,Teacher predicted 'neutral' (0.633)
happy_cand_00201.png,happy,happy,0.4702,0.4702,"happy(0.47), neutral(0.32)",False,Low Happy probability (0.470 < 0.7)
happy_cand_00202.png,happy,happy,0.8693,0.8693,"happy(0.87), disgust(0.06)",True,Accepted
happy_cand_00203.png,happy,happy,0.5919,0.5919,"happy(0.59), neutral(0.22)",False,Low Happy probability (0.592 < 0.7)
happy_cand_00204.png,happy,happy,0.8386,0.8386,"happy(0.84), disgust(0.07)",True,Accepted
happy_cand_00205.png,happy,neutral,0.1402,0.7096,"neutral(0.71), happy(0.14)",False,Teacher predicted 'neutral' (0.710)
happy_cand_00206.png,happy,happy,0.5124,0.5124,"happy(0.51), neutral(0.15)",False,Low Happy probability (0.512 < 0.7)
happy_cand_00207.png,happy,happy,0.6271,0.6271,"happy(0.63), neutral(0.17)",False,Low Happy probability (0.627 < 0.7)
happy_cand_00208.png,happy,happy,0.8587,0.8587,"happy(0.86), disgust(0.06)",True,Accepted
happy_cand_00209.png,happy,happy,0.5803,0.5803,"happy(0.58), neutral(0.29)",False,Low Happy probability (0.580 < 0.7)
happy_cand_00211.png,happy,happy,0.7824,0.7824,"happy(0.78), disgust(0.07)",True,Accepted
happy_cand_00212.png,happy,happy,0.7792,0.7792,"happy(0.78), disgust(0.07)",True,Accepted
happy_cand_00213.png,happy,happy,0.8126,0.8126,"happy(0.81), disgust(0.08)",True,Accepted
happy_cand_00214.png,happy,happy,0.5338,0.5338,"happy(0.53), neutral(0.35)",False,Low Happy probability (0.534 < 0.7)
happy_cand_00215.png,happy,neutral,0.3177,0.5173,"neutral(0.52), happy(0.32)",False,Teacher predicted 'neutral' (0.517)
happy_cand_00216.png,happy,neutral,0.2492,0.4794,"neutral(0.48), happy(0.25)",False,Teacher predicted 'neutral' (0.479)
happy_cand_00217.png,happy,neutral,0.1288,0.6209,"neutral(0.62), happy(0.13)",False,Teacher predicted 'neutral' (0.621)
happy_cand_00218.png,happy,happy,0.7172,0.7172,"happy(0.72), neutral(0.09)",True,Accepted
happy_cand_00219.png,happy,neutral,0.3678,0.5224,"neutral(0.52), happy(0.37)",False,Teacher predicted 'neutral' (0.522)
happy_cand_00220.png,happy,happy,0.7683,0.7683,"happy(0.77), neutral(0.10)",True,Accepted
happy_cand_00221.png,happy,happy,0.8207,0.8207,"happy(0.82), disgust(0.07)",True,Accepted
happy_cand_00222.png,happy,happy,0.6767,0.6767,"happy(0.68), neutral(0.14)",False,Low Happy probability (0.677 < 0.7)
happy_cand_00223.png,happy,neutral,0.4197,0.4364,"neutral(0.44), happy(0.42)",False,Teacher predicted 'neutral' (0.436)
happy_cand_00224.png,happy,neutral,0.0604,0.6219,"neutral(0.62), sad(0.15)",False,Teacher predicted 'neutral' (0.622)
happy_cand_00225.png,happy,neutral,0.0108,0.3844,"neutral(0.38), sad(0.36)",False,Teacher predicted 'neutral' (0.384)
happy_cand_00226.png,happy,happy,0.8117,0.8117,"happy(0.81), disgust(0.08)",True,Accepted
happy_cand_00227.png,happy,happy,0.7245,0.7245,"happy(0.72), neutral(0.10)",True,Accepted
happy_cand_00228.png,happy,neutral,0.2501,0.5848,"neutral(0.58), happy(0.25)",False,Teacher predicted 'neutral' (0.585)
happy_cand_00229.png,happy,neutral,0.1508,0.6439,"neutral(0.64), happy(0.15)",False,Teacher predicted 'neutral' (0.644)
happy_cand_00230.png,happy,happy,0.6503,0.6503,"happy(0.65), disgust(0.09)",False,Low Happy probability (0.650 < 0.7)
happy_cand_00231.png,happy,happy,0.7505,0.7505,"happy(0.75), disgust(0.09)",True,Accepted
happy_cand_00232.png,happy,angry,0.0295,0.4956,"angry(0.50), fear(0.19)",False,Teacher predicted 'angry' (0.496)
happy_cand_00233.png,happy,happy,0.765,0.765,"happy(0.77), disgust(0.10)",True,Accepted
happy_cand_00234.png,happy,happy,0.3911,0.3911,"happy(0.39), sad(0.26)",False,Low Happy probability (0.391 < 0.7)
happy_cand_00235.png,happy,neutral,0.1556,0.6312,"neutral(0.63), happy(0.16)",False,Teacher predicted 'neutral' (0.631)
happy_cand_00236.png,happy,happy,0.8173,0.8173,"happy(0.82), disgust(0.06)",True,Accepted
happy_cand_00237.png,happy,neutral,0.1719,0.6324,"neutral(0.63), happy(0.17)",False,Teacher predicted 'neutral' (0.632)
happy_cand_00238.png,happy,neutral,0.2793,0.4258,"neutral(0.43), happy(0.28)",False,Teacher predicted 'neutral' (0.426)
happy_cand_00239.png,happy,happy,0.5906,0.5906,"happy(0.59), neutral(0.26)",False,Low Happy probability (0.591 < 0.7)
happy_cand_00240.png,happy,neutral,0.2502,0.5304,"neutral(0.53), happy(0.25)",False,Teacher predicted 'neutral' (0.530)
happy_cand_00241.png,happy,neutral,0.1551,0.3164,"neutral(0.32), sad(0.25)",False,Teacher predicted 'neutral' (0.316)
happy_cand_00242.png,happy,happy,0.4342,0.4342,"happy(0.43), neutral(0.28)",False,Low Happy probability (0.434 < 0.7)
happy_cand_00243.png,happy,neutral,0.3188,0.4989,"neutral(0.50), happy(0.32)",False,Teacher predicted 'neutral' (0.499)
happy_cand_00244.png,happy,angry,0.0131,0.3821,"angry(0.38), sad(0.32)",False,Teacher predicted 'angry' (0.382)
happy_cand_00245.png,happy,happy,0.7976,0.7976,"happy(0.80), disgust(0.08)",True,Accepted
happy_cand_00246.png,happy,happy,0.4177,0.4177,"happy(0.42), neutral(0.32)",False,Low Happy probability (0.418 < 0.7)
happy_cand_00247.png,happy,happy,0.801,0.801,"happy(0.80), disgust(0.09)",True,Accepted
happy_cand_00248.png,happy,happy,0.3159,0.3159,"happy(0.32), angry(0.25)",False,Low Happy probability (0.316 < 0.7)
happy_cand_00249.png,happy,neutral,0.198,0.5417,"neutral(0.54), happy(0.20)",False,Teacher predicted 'neutral' (0.542)
happy_cand_00250.png,happy,happy,0.5574,0.5574,"happy(0.56), angry(0.19)",False,Low Happy probability (0.557 < 0.7)
happy_cand_00251.png,happy,happy,0.5624,0.5624,"happy(0.56), neutral(0.26)",False,Low Happy probability (0.562 < 0.7)
happy_cand_00252.png,happy,happy,0.4999,0.4999,"happy(0.50), neutral(0.30)",False,Low Happy probability (0.500 < 0.7)
happy_cand_00253.png,happy,neutral,0.158,0.5675,"neutral(0.57), happy(0.16)",False,Teacher predicted 'neutral' (0.567)
happy_cand_00254.png,happy,happy,0.8348,0.8348,"happy(0.83), disgust(0.08)",True,Accepted
happy_cand_00255.png,happy,happy,0.6629,0.6629,"happy(0.66), surprise(0.08)",False,Low Happy probability (0.663 < 0.7)
happy_cand_00256.png,happy,neutral,0.2155,0.3848,"neutral(0.38), happy(0.22)",False,Teacher predicted 'neutral' (0.385)
happy_cand_00257.png,happy,happy,0.5873,0.5873,"happy(0.59), neutral(0.15)",False,Low Happy probability (0.587 < 0.7)
happy_cand_00258.png,happy,happy,0.4095,0.4095,"happy(0.41), neutral(0.32)",False,Low Happy probability (0.409 < 0.7)
happy_cand_00259.png,happy,happy,0.5669,0.5669,"happy(0.57), disgust(0.11)",False,Low Happy probability (0.567 < 0.7)
happy_cand_00260.png,happy,neutral,0.2446,0.6558,"neutral(0.66), happy(0.24)",False,Teacher predicted 'neutral' (0.656)
happy_cand_00261.png,happy,sad,0.162,0.26,"sad(0.26), fear(0.23)",False,Teacher predicted 'sad' (0.260)
happy_cand_00262.png,happy,sad,0.2296,0.2657,"sad(0.27), happy(0.23)",False,Teacher predicted 'sad' (0.266)
happy_cand_00263.png,happy,angry,0.1894,0.3632,"angry(0.36), neutral(0.24)",False,Teacher predicted 'angry' (0.363)
happy_cand_00264.png,happy,happy,0.5535,0.5535,"happy(0.55), angry(0.24)",False,Low Happy probability (0.554 < 0.7)
happy_cand_00265.png,happy,surprise,0.1587,0.1964,"surprise(0.20), sad(0.17)",False,Teacher predicted 'surprise' (0.196)
happy_cand_00266.png,happy,happy,0.7895,0.7895,"happy(0.79), disgust(0.06)",True,Accepted
happy_cand_00267.png,happy,neutral,0.0281,0.7324,"neutral(0.73), sad(0.12)",False,Teacher predicted 'neutral' (0.732)
happy_cand_00268.png,happy,neutral,0.1925,0.5809,"neutral(0.58), happy(0.19)",False,Teacher predicted 'neutral' (0.581)
happy_cand_00269.png,happy,happy,0.7953,0.7953,"happy(0.80), disgust(0.08)",True,Accepted
happy_cand_00270.png,happy,fear,0.0291,0.3352,"fear(0.34), sad(0.27)",False,Teacher predicted 'fear' (0.335)
happy_cand_00271.png,happy,angry,0.0856,0.4083,"angry(0.41), disgust(0.20)",False,Teacher predicted 'angry' (0.408)
happy_cand_00272.png,happy,happy,0.2979,0.2979,"happy(0.30), neutral(0.27)",False,Low Happy probability (0.298 < 0.7)
happy_cand_00273.png,happy,happy,0.5844,0.5844,"happy(0.58), neutral(0.24)",False,Low Happy probability (0.584 < 0.7)
happy_cand_00274.png,happy,neutral,0.1047,0.3513,"neutral(0.35), sad(0.20)",False,Teacher predicted 'neutral' (0.351)
happy_cand_00275.png,happy,happy,0.8493,0.8493,"happy(0.85), disgust(0.07)",True,Accepted
happy_cand_00276.png,happy,happy,0.758,0.758,"happy(0.76), disgust(0.07)",True,Accepted
happy_cand_00277.png,happy,happy,0.5527,0.5527,"happy(0.55), neutral(0.24)",False,Low Happy probability (0.553 < 0.7)
happy_cand_00278.png,happy,neutral,0.0783,0.6586,"neutral(0.66), sad(0.09)",False,Teacher predicted 'neutral' (0.659)
happy_cand_00279.png,happy,happy,0.8204,0.8204,"happy(0.82), disgust(0.08)",True,Accepted
happy_cand_00280.png,happy,neutral,0.1631,0.4514,"neutral(0.45), happy(0.16)",False,Teacher predicted 'neutral' (0.451)
happy_cand_00281.png,happy,happy,0.5137,0.5137,"happy(0.51), neutral(0.26)",False,Low Happy probability (0.514 < 0.7)
happy_cand_00282.png,happy,happy,0.5829,0.5829,"happy(0.58), neutral(0.24)",False,Low Happy probability (0.583 < 0.7)
happy_cand_00283.png,happy,happy,0.6445,0.6445,"happy(0.64), disgust(0.08)",False,Low Happy probability (0.645 < 0.7)
happy_cand_00284.png,happy,happy,0.7191,0.7191,"happy(0.72), disgust(0.08)",True,Accepted
happy_cand_00285.png,happy,happy,0.7778,0.7778,"happy(0.78), disgust(0.07)",True,Accepted
happy_cand_00286.png,happy,neutral,0.2292,0.5174,"neutral(0.52), happy(0.23)",False,Teacher predicted 'neutral' (0.517)
happy_cand_00287.png,happy,neutral,0.3366,0.4843,"neutral(0.48), happy(0.34)",False,Teacher predicted 'neutral' (0.484)
happy_cand_00288.png,happy,happy,0.6096,0.6096,"happy(0.61), angry(0.10)",False,Low Happy probability (0.610 < 0.7)
happy_cand_00289.png,happy,happy,0.6503,0.6503,"happy(0.65), neutral(0.20)",False,Low Happy probability (0.650 < 0.7)
happy_cand_00290.png,happy,neutral,0.029,0.5918,"neutral(0.59), angry(0.17)",False,Teacher predicted 'neutral' (0.592)
happy_cand_00291.png,happy,happy,0.6703,0.6703,"happy(0.67), neutral(0.17)",False,Low Happy probability (0.670 < 0.7)
happy_cand_00292.png,happy,happy,0.7448,0.7448,"happy(0.74), neutral(0.11)",True,Accepted
happy_cand_00293.png,happy,happy,0.7351,0.7351,"happy(0.74), disgust(0.10)",True,Accepted
happy_cand_00294.png,happy,happy,0.713,0.713,"happy(0.71), neutral(0.15)",True,Accepted
happy_cand_00295.png,happy,happy,0.8145,0.8145,"happy(0.81), disgust(0.07)",True,Accepted
happy_cand_00296.png,happy,happy,0.673,0.673,"happy(0.67), neutral(0.14)",False,Low Happy probability (0.673 < 0.7)
happy_cand_00297.png,happy,angry,0.1923,0.5505,"angry(0.55), happy(0.19)",False,Teacher predicted 'angry' (0.550)
happy_cand_00298.png,happy,neutral,0.2532,0.6095,"neutral(0.61), happy(0.25)",False,Teacher predicted 'neutral' (0.609)
happy_cand_00299.png,happy,neutral,0.1133,0.5459,"neutral(0.55), sad(0.12)",False,Teacher predicted 'neutral' (0.546)
happy_cand_00300.png,happy,neutral,0.0912,0.6872,"neutral(0.69), happy(0.09)",False,Teacher predicted 'neutral' (0.687)
happy_cand_00301.png,happy,neutral,0.3627,0.3952,"neutral(0.40), happy(0.36)",False,Teacher predicted 'neutral' (0.395)
happy_cand_00302.png,happy,happy,0.4011,0.4011,"happy(0.40), neutral(0.38)",False,Low Happy probability (0.401 < 0.7)
happy_cand_00303.png,happy,neutral,0.0889,0.2116,"neutral(0.21), angry(0.21)",False,Teacher predicted 'neutral' (0.212)
happy_cand_00304.png,happy,happy,0.3027,0.3027,"happy(0.30), neutral(0.29)",False,Low Happy probability (0.303 < 0.7)
happy_cand_00306.png,happy,happy,0.3776,0.3776,"happy(0.38), neutral(0.37)",False,Low Happy probability (0.378 < 0.7)
happy_cand_00307.png,happy,happy,0.6308,0.6308,"happy(0.63), neutral(0.08)",False,Low Happy probability (0.631 < 0.7)
happy_cand_00308.png,happy,happy,0.4707,0.4707,"happy(0.47), neutral(0.17)",False,Low Happy probability (0.471 < 0.7)
happy_cand_00309.png,happy,neutral,0.2715,0.5431,"neutral(0.54), happy(0.27)",False,Teacher predicted 'neutral' (0.543)
happy_cand_00310.png,happy,happy,0.6745,0.6745,"happy(0.67), neutral(0.16)",False,Low Happy probability (0.675 < 0.7)
happy_cand_00311.png,happy,happy,0.7485,0.7485,"happy(0.75), surprise(0.15)",True,Accepted
happy_cand_00312.png,happy,happy,0.4597,0.4597,"happy(0.46), neutral(0.22)",False,Low Happy probability (0.460 < 0.7)
happy_cand_00313.png,happy,happy,0.3077,0.3077,"happy(0.31), neutral(0.27)",False,Low Happy probability (0.308 < 0.7)
happy_cand_00314.png,happy,neutral,0.0256,0.4521,"neutral(0.45), angry(0.29)",False,Teacher predicted 'neutral' (0.452)
happy_cand_00315.png,happy,happy,0.4051,0.4051,"happy(0.41), angry(0.20)",False,Low Happy probability (0.405 < 0.7)
happy_cand_00316.png,happy,happy,0.7102,0.7102,"happy(0.71), disgust(0.12)",True,Accepted
happy_cand_00317.png,happy,happy,0.7803,0.7803,"happy(0.78), disgust(0.09)",True,Accepted
happy_cand_00318.png,happy,neutral,0.0156,0.8003,"neutral(0.80), angry(0.07)",False,Teacher predicted 'neutral' (0.800)
happy_cand_00319.png,happy,angry,0.2495,0.3503,"angry(0.35), happy(0.25)",False,Teacher predicted 'angry' (0.350)
happy_cand_00320.png,happy,happy,0.8262,0.8262,"happy(0.83), disgust(0.08)",True,Accepted
happy_cand_00321.png,happy,happy,0.6433,0.6433,"happy(0.64), angry(0.13)",False,Low Happy probability (0.643 < 0.7)
happy_cand_00322.png,happy,angry,0.1413,0.4819,"angry(0.48), neutral(0.16)",False,Teacher predicted 'angry' (0.482)
happy_cand_00323.png,happy,happy,0.7064,0.7064,"happy(0.71), neutral(0.20)",True,Accepted
happy_cand_00324.png,happy,happy,0.687,0.687,"happy(0.69), neutral(0.16)",False,Low Happy probability (0.687 < 0.7)
happy_cand_00325.png,happy,neutral,0.0932,0.693,"neutral(0.69), happy(0.09)",False,Teacher predicted 'neutral' (0.693)
happy_cand_00326.png,happy,happy,0.5334,0.5334,"happy(0.53), neutral(0.26)",False,Low Happy probability (0.533 < 0.7)
happy_cand_00327.png,happy,happy,0.6952,0.6952,"happy(0.70), disgust(0.10)",False,Low Happy probability (0.695 < 0.7)
happy_cand_00328.png,happy,happy,0.8225,0.8225,"happy(0.82), disgust(0.08)",True,Accepted
happy_cand_00329.png,happy,neutral,0.0542,0.5067,"neutral(0.51), sad(0.26)",False,Teacher predicted 'neutral' (0.507)
happy_cand_00330.png,happy,happy,0.6458,0.6458,"happy(0.65), disgust(0.12)",False,Low Happy probability (0.646 < 0.7)
happy_cand_00331.png,happy,happy,0.4328,0.4328,"happy(0.43), neutral(0.25)",False,Low Happy probability (0.433 < 0.7)
happy_cand_00332.png,happy,happy,0.8267,0.8267,"happy(0.83), disgust(0.09)",True,Accepted
happy_cand_00333.png,happy,happy,0.4895,0.4895,"happy(0.49), neutral(0.35)",False,Low Happy probability (0.489 < 0.7)
happy_cand_00334.png,happy,happy,0.7337,0.7337,"happy(0.73), neutral(0.13)",True,Accepted
happy_cand_00335.png,happy,happy,0.7453,0.7453,"happy(0.75), neutral(0.08)",True,Accepted
happy_cand_00336.png,happy,happy,0.7252,0.7252,"happy(0.73), surprise(0.08)",True,Accepted
happy_cand_00337.png,happy,happy,0.6133,0.6133,"happy(0.61), disgust(0.13)",False,Low Happy probability (0.613 < 0.7)
happy_cand_00338.png,happy,happy,0.625,0.625,"happy(0.63), disgust(0.11)",False,Low Happy probability (0.625 < 0.7)
happy_cand_00339.png,happy,happy,0.6153,0.6153,"happy(0.62), sad(0.11)",False,Low Happy probability (0.615 < 0.7)
happy_cand_00340.png,happy,happy,0.781,0.781,"happy(0.78), disgust(0.07)",True,Accepted
happy_cand_00341.png,happy,happy,0.4756,0.4756,"happy(0.48), neutral(0.20)",False,Low Happy probability (0.476 < 0.7)
happy_cand_00342.png,happy,happy,0.3877,0.3877,"happy(0.39), neutral(0.34)",False,Low Happy probability (0.388 < 0.7)
happy_cand_00343.png,happy,happy,0.3344,0.3344,"happy(0.33), neutral(0.27)",False,Low Happy probability (0.334 < 0.7)
happy_cand_00344.png,happy,happy,0.8246,0.8246,"happy(0.82), disgust(0.07)",True,Accepted
happy_cand_00345.png,happy,happy,0.5809,0.5809,"happy(0.58), neutral(0.26)",False,Low Happy probability (0.581 < 0.7)
happy_cand_00346.png,happy,happy,0.6859,0.6859,"happy(0.69), neutral(0.12)",False,Low Happy probability (0.686 < 0.7)
happy_cand_00347.png,happy,happy,0.644,0.644,"happy(0.64), neutral(0.18)",False,Low Happy probability (0.644 < 0.7)
happy_cand_00348.png,happy,happy,0.7331,0.7331,"happy(0.73), neutral(0.12)",True,Accepted
happy_cand_00349.png,happy,happy,0.8269,0.8269,"happy(0.83), disgust(0.07)",True,Accepted
happy_cand_00350.png,happy,happy,0.8629,0.8629,"happy(0.86), disgust(0.07)",True,Accepted
happy_cand_00351.png,happy,happy,0.7271,0.7271,"happy(0.73), disgust(0.07)",True,Accepted
happy_cand_00352.png,happy,happy,0.803,0.803,"happy(0.80), disgust(0.09)",True,Accepted
happy_cand_00353.png,happy,happy,0.786,0.786,"happy(0.79), neutral(0.07)",True,Accepted
happy_cand_00354.png,happy,happy,0.7856,0.7856,"happy(0.79), disgust(0.11)",True,Accepted
happy_cand_00355.png,happy,happy,0.6039,0.6039,"happy(0.60), neutral(0.12)",False,Low Happy probability (0.604 < 0.7)
happy_cand_00356.png,happy,happy,0.8332,0.8332,"happy(0.83), disgust(0.08)",True,Accepted
happy_cand_00357.png,happy,happy,0.8752,0.8752,"happy(0.88), disgust(0.06)",True,Accepted
happy_cand_00358.png,happy,happy,0.4497,0.4497,"happy(0.45), neutral(0.27)",False,Low Happy probability (0.450 < 0.7)
happy_cand_00359.png,happy,neutral,0.0987,0.6407,"neutral(0.64), happy(0.10)",False,Teacher predicted 'neutral' (0.641)
happy_cand_00360.png,happy,happy,0.8548,0.8548,"happy(0.85), disgust(0.07)",True,Accepted
happy_cand_00361.png,happy,happy,0.8083,0.8083,"happy(0.81), disgust(0.08)",True,Accepted
happy_cand_00362.png,happy,neutral,0.1249,0.6373,"neutral(0.64), happy(0.12)",False,Teacher predicted 'neutral' (0.637)
happy_cand_00363.png,happy,happy,0.8267,0.8267,"happy(0.83), disgust(0.06)",True,Accepted
happy_cand_00364.png,happy,angry,0.1834,0.3741,"angry(0.37), happy(0.18)",False,Teacher predicted 'angry' (0.374)
happy_cand_00365.png,happy,neutral,0.2853,0.474,"neutral(0.47), happy(0.29)",False,Teacher predicted 'neutral' (0.474)
happy_cand_00366.png,happy,neutral,0.0536,0.2969,"neutral(0.30), angry(0.22)",False,Teacher predicted 'neutral' (0.297)
happy_cand_00367.png,happy,happy,0.7896,0.7896,"happy(0.79), neutral(0.09)",True,Accepted
happy_cand_00368.png,happy,happy,0.6578,0.6578,"happy(0.66), neutral(0.22)",False,Low Happy probability (0.658 < 0.7)
happy_cand_00369.png,happy,neutral,0.0428,0.3853,"neutral(0.39), angry(0.27)",False,Teacher predicted 'neutral' (0.385)
happy_cand_00370.png,happy,happy,0.5243,0.5243,"happy(0.52), angry(0.12)",False,Low Happy probability (0.524 < 0.7)
happy_cand_00371.png,happy,sad,0.0996,0.3964,"sad(0.40), neutral(0.29)",False,Teacher predicted 'sad' (0.396)
happy_cand_00372.png,happy,neutral,0.1135,0.7356,"neutral(0.74), happy(0.11)",False,Teacher predicted 'neutral' (0.736)
happy_cand_00373.png,happy,happy,0.8272,0.8272,"happy(0.83), disgust(0.06)",True,Accepted
happy_cand_00374.png,happy,happy,0.595,0.595,"happy(0.59), neutral(0.21)",False,Low Happy probability (0.595 < 0.7)
happy_cand_00375.png,happy,happy,0.7819,0.7819,"happy(0.78), disgust(0.08)",True,Accepted
happy_cand_00376.png,happy,happy,0.4792,0.4792,"happy(0.48), neutral(0.33)",False,Low Happy probability (0.479 < 0.7)
happy_cand_00377.png,happy,happy,0.659,0.659,"happy(0.66), disgust(0.09)",False,Low Happy probability (0.659 < 0.7)
happy_cand_00378.png,happy,happy,0.8007,0.8007,"happy(0.80), disgust(0.07)",True,Accepted
happy_cand_00379.png,happy,sad,0.1764,0.3576,"sad(0.36), happy(0.18)",False,Teacher predicted 'sad' (0.358)
happy_cand_00380.png,happy,angry,0.0655,0.4519,"angry(0.45), neutral(0.25)",False,Teacher predicted 'angry' (0.452)
happy_cand_00381.png,happy,neutral,0.0634,0.6672,"neutral(0.67), angry(0.10)",False,Teacher predicted 'neutral' (0.667)
happy_cand_00382.png,happy,happy,0.8345,0.8345,"happy(0.83), disgust(0.08)",True,Accepted
happy_cand_00383.png,happy,happy,0.7364,0.7364,"happy(0.74), neutral(0.14)",True,Accepted
happy_cand_00384.png,happy,neutral,0.1515,0.5574,"neutral(0.56), happy(0.15)",False,Teacher predicted 'neutral' (0.557)
happy_cand_00385.png,happy,happy,0.8146,0.8146,"happy(0.81), disgust(0.08)",True,Accepted
happy_cand_00386.png,happy,happy,0.322,0.322,"happy(0.32), angry(0.22)",False,Low Happy probability (0.322 < 0.7)
happy_cand_00387.png,happy,neutral,0.1402,0.4481,"neutral(0.45), sad(0.19)",False,Teacher predicted 'neutral' (0.448)
happy_cand_00388.png,happy,happy,0.3532,0.3532,"happy(0.35), neutral(0.32)",False,Low Happy probability (0.353 < 0.7)
happy_cand_00389.png,happy,happy,0.3449,0.3449,"happy(0.34), neutral(0.30)",False,Low Happy probability (0.345 < 0.7)
happy_cand_00390.png,happy,neutral,0.0793,0.6435,"neutral(0.64), angry(0.12)",False,Teacher predicted 'neutral' (0.643)
happy_cand_00391.png,happy,happy,0.8215,0.8215,"happy(0.82), disgust(0.08)",True,Accepted
happy_cand_00392.png,happy,happy,0.3295,0.3295,"happy(0.33), neutral(0.28)",False,Low Happy probability (0.329 < 0.7)
happy_cand_00393.png,happy,happy,0.8386,0.8386,"happy(0.84), disgust(0.07)",True,Accepted
happy_cand_00394.png,happy,sad,0.0206,0.3271,"sad(0.33), angry(0.25)",False,Teacher predicted 'sad' (0.327)
happy_cand_00395.png,happy,happy,0.8152,0.8152,"happy(0.82), disgust(0.05)",True,Accepted
happy_cand_00396.png,happy,happy,0.4687,0.4687,"happy(0.47), neutral(0.26)",False,Low Happy probability (0.469 < 0.7)
happy_cand_00397.png,happy,happy,0.8131,0.8131,"happy(0.81), disgust(0.08)",True,Accepted
happy_cand_00398.png,happy,angry,0.2079,0.287,"angry(0.29), disgust(0.27)",False,Teacher predicted 'angry' (0.287)
happy_cand_00399.png,happy,happy,0.6574,0.6574,"happy(0.66), neutral(0.11)",False,Low Happy probability (0.657 < 0.7)
happy_cand_00400.png,happy,happy,0.4372,0.4372,"happy(0.44), neutral(0.30)",False,Low Happy probability (0.437 < 0.7)
happy_cand_00401.png,happy,neutral,0.0675,0.6536,"neutral(0.65), sad(0.10)",False,Teacher predicted 'neutral' (0.654)
happy_cand_00402.png,happy,happy,0.6553,0.6553,"happy(0.66), neutral(0.16)",False,Low Happy probability (0.655 < 0.7)
happy_cand_00403.png,happy,happy,0.5006,0.5006,"happy(0.50), disgust(0.17)",False,Low Happy probability (0.501 < 0.7)
happy_cand_00404.png,happy,happy,0.6901,0.6901,"happy(0.69), neutral(0.10)",False,Low Happy probability (0.690 < 0.7)
happy_cand_00405.png,happy,happy,0.7863,0.7863,"happy(0.79), disgust(0.08)",True,Accepted
happy_cand_00406.png,happy,happy,0.8209,0.8209,"happy(0.82), disgust(0.07)",True,Accepted
happy_cand_00407.png,happy,neutral,0.0089,0.8014,"neutral(0.80), angry(0.08)",False,Teacher predicted 'neutral' (0.801)
happy_cand_00408.png,happy,happy,0.8184,0.8184,"happy(0.82), disgust(0.07)",True,Accepted
happy_cand_00409.png,happy,happy,0.7719,0.7719,"happy(0.77), neutral(0.09)",True,Accepted
happy_cand_00410.png,happy,happy,0.7205,0.7205,"happy(0.72), surprise(0.08)",True,Accepted
happy_cand_00411.png,happy,happy,0.7935,0.7935,"happy(0.79), disgust(0.08)",True,Accepted
happy_cand_00412.png,happy,disgust,0.1179,0.5376,"disgust(0.54), angry(0.15)",False,Teacher predicted 'disgust' (0.538)
happy_cand_00413.png,happy,neutral,0.1967,0.4173,"neutral(0.42), happy(0.20)",False,Teacher predicted 'neutral' (0.417)
happy_cand_00414.png,happy,happy,0.7452,0.7452,"happy(0.75), neutral(0.11)",True,Accepted
happy_cand_00415.png,happy,happy,0.8098,0.8098,"happy(0.81), disgust(0.07)",True,Accepted
happy_cand_00416.png,happy,happy,0.8159,0.8159,"happy(0.82), disgust(0.08)",True,Accepted
happy_cand_00417.png,happy,happy,0.4809,0.4809,"happy(0.48), angry(0.15)",False,Low Happy probability (0.481 < 0.7)
happy_cand_00418.png,happy,neutral,0.1134,0.4325,"neutral(0.43), angry(0.14)",False,Teacher predicted 'neutral' (0.432)
happy_cand_00419.png,happy,happy,0.8402,0.8402,"happy(0.84), disgust(0.08)",True,Accepted
happy_cand_00420.png,happy,happy,0.84,0.84,"happy(0.84), disgust(0.08)",True,Accepted
happy_cand_00421.png,happy,neutral,0.3675,0.479,"neutral(0.48), happy(0.37)",False,Teacher predicted 'neutral' (0.479)
happy_cand_00422.png,happy,happy,0.6419,0.6419,"happy(0.64), neutral(0.14)",False,Low Happy probability (0.642 < 0.7)
happy_cand_00423.png,happy,happy,0.6517,0.6517,"happy(0.65), angry(0.13)",False,Low Happy probability (0.652 < 0.7)
happy_cand_00424.png,happy,happy,0.373,0.373,"happy(0.37), neutral(0.35)",False,Low Happy probability (0.373 < 0.7)
happy_cand_00425.png,happy,neutral,0.0895,0.4289,"neutral(0.43), sad(0.22)",False,Teacher predicted 'neutral' (0.429)
happy_cand_00426.png,happy,neutral,0.1327,0.7018,"neutral(0.70), happy(0.13)",False,Teacher predicted 'neutral' (0.702)
happy_cand_00427.png,happy,happy,0.7043,0.7043,"happy(0.70), angry(0.15)",True,Accepted
happy_cand_00428.png,happy,happy,0.4057,0.4057,"happy(0.41), neutral(0.18)",False,Low Happy probability (0.406 < 0.7)
happy_cand_00429.png,happy,neutral,0.14,0.5855,"neutral(0.59), happy(0.14)",False,Teacher predicted 'neutral' (0.586)
happy_cand_00430.png,happy,happy,0.4096,0.4096,"happy(0.41), neutral(0.21)",False,Low Happy probability (0.410 < 0.7)
happy_cand_00431.png,happy,happy,0.67,0.67,"happy(0.67), neutral(0.12)",False,Low Happy probability (0.670 < 0.7)
happy_cand_00432.png,happy,happy,0.4697,0.4697,"happy(0.47), neutral(0.31)",False,Low Happy probability (0.470 < 0.7)
happy_cand_00433.png,happy,happy,0.6715,0.6715,"happy(0.67), neutral(0.13)",False,Low Happy probability (0.672 < 0.7)
happy_cand_00434.png,happy,neutral,0.0715,0.6106,"neutral(0.61), sad(0.12)",False,Teacher predicted 'neutral' (0.611)
happy_cand_00435.png,happy,neutral,0.203,0.3836,"neutral(0.38), happy(0.20)",False,Teacher predicted 'neutral' (0.384)
happy_cand_00436.png,happy,happy,0.6231,0.6231,"happy(0.62), neutral(0.20)",False,Low Happy probability (0.623 < 0.7)
happy_cand_00437.png,happy,happy,0.379,0.379,"happy(0.38), angry(0.27)",False,Low Happy probability (0.379 < 0.7)
happy_cand_00438.png,happy,happy,0.5581,0.5581,"happy(0.56), neutral(0.18)",False,Low Happy probability (0.558 < 0.7)
happy_cand_00439.png,happy,surprise,0.1534,0.408,"surprise(0.41), happy(0.15)",False,Teacher predicted 'surprise' (0.408)
happy_cand_00440.png,happy,neutral,0.0175,0.4375,"neutral(0.44), sad(0.25)",False,Teacher predicted 'neutral' (0.438)
happy_cand_00441.png,happy,neutral,0.1858,0.6136,"neutral(0.61), happy(0.19)",False,Teacher predicted 'neutral' (0.614)
happy_cand_00442.png,happy,neutral,0.1519,0.3538,"neutral(0.35), happy(0.15)",False,Teacher predicted 'neutral' (0.354)
happy_cand_00443.png,happy,neutral,0.1036,0.4591,"neutral(0.46), angry(0.13)",False,Teacher predicted 'neutral' (0.459)
happy_cand_00444.png,happy,happy,0.6881,0.6881,"happy(0.69), neutral(0.18)",False,Low Happy probability (0.688 < 0.7)
happy_cand_00445.png,happy,happy,0.7082,0.7082,"happy(0.71), neutral(0.16)",True,Accepted
happy_cand_00446.png,happy,happy,0.7153,0.7153,"happy(0.72), neutral(0.14)",True,Accepted
happy_cand_00447.png,happy,sad,0.2153,0.2793,"sad(0.28), happy(0.22)",False,Teacher predicted 'sad' (0.279)
happy_cand_00448.png,happy,happy,0.678,0.678,"happy(0.68), neutral(0.12)",False,Low Happy probability (0.678 < 0.7)
happy_cand_00449.png,happy,happy,0.7274,0.7274,"happy(0.73), disgust(0.08)",True,Accepted
happy_cand_00450.png,happy,happy,0.6127,0.6127,"happy(0.61), neutral(0.15)",False,Low Happy probability (0.613 < 0.7)
happy_cand_00451.png,happy,happy,0.6902,0.6902,"happy(0.69), neutral(0.16)",False,Low Happy probability (0.690 < 0.7)
happy_cand_00452.png,happy,happy,0.8638,0.8638,"happy(0.86), disgust(0.05)",True,Accepted
happy_cand_00453.png,happy,angry,0.2188,0.2458,"angry(0.25), happy(0.22)",False,Teacher predicted 'angry' (0.246)
happy_cand_00454.png,happy,happy,0.4122,0.4122,"happy(0.41), neutral(0.28)",False,Low Happy probability (0.412 < 0.7)
happy_cand_00455.png,happy,happy,0.7543,0.7543,"happy(0.75), neutral(0.13)",True,Accepted
happy_cand_00456.png,happy,happy,0.7992,0.7992,"happy(0.80), disgust(0.06)",True,Accepted
happy_cand_00457.png,happy,happy,0.4343,0.4343,"happy(0.43), neutral(0.26)",False,Low Happy probability (0.434 < 0.7)
happy_cand_00458.png,happy,happy,0.8607,0.8607,"happy(0.86), disgust(0.06)",True,Accepted
happy_cand_00459.png,happy,neutral,0.1024,0.4272,"neutral(0.43), angry(0.15)",False,Teacher predicted 'neutral' (0.427)
happy_cand_00460.png,happy,happy,0.5644,0.5644,"happy(0.56), neutral(0.29)",False,Low Happy probability (0.564 < 0.7)
happy_cand_00461.png,happy,angry,0.293,0.3948,"angry(0.39), happy(0.29)",False,Teacher predicted 'angry' (0.395)
happy_cand_00462.png,happy,neutral,0.4024,0.4553,"neutral(0.46), happy(0.40)",False,Teacher predicted 'neutral' (0.455)
happy_cand_00463.png,happy,neutral,0.2135,0.3668,"neutral(0.37), happy(0.21)",False,Teacher predicted 'neutral' (0.367)
happy_cand_00464.png,happy,happy,0.8271,0.8271,"happy(0.83), disgust(0.06)",True,Accepted
happy_cand_00465.png,happy,happy,0.7439,0.7439,"happy(0.74), disgust(0.09)",True,Accepted
happy_cand_00466.png,happy,neutral,0.2802,0.5677,"neutral(0.57), happy(0.28)",False,Teacher predicted 'neutral' (0.568)
happy_cand_00467.png,happy,happy,0.6951,0.6951,"happy(0.70), neutral(0.14)",False,Low Happy probability (0.695 < 0.7)
happy_cand_00468.png,happy,happy,0.5084,0.5084,"happy(0.51), neutral(0.15)",False,Low Happy probability (0.508 < 0.7)
happy_cand_00469.png,happy,happy,0.779,0.779,"happy(0.78), neutral(0.08)",True,Accepted
happy_cand_00470.png,happy,neutral,0.1117,0.6928,"neutral(0.69), happy(0.11)",False,Teacher predicted 'neutral' (0.693)
happy_cand_00471.png,happy,happy,0.7501,0.7501,"happy(0.75), angry(0.13)",True,Accepted
happy_cand_00472.png,happy,happy,0.4542,0.4542,"happy(0.45), neutral(0.35)",False,Low Happy probability (0.454 < 0.7)
happy_cand_00473.png,happy,happy,0.8054,0.8054,"happy(0.81), disgust(0.08)",True,Accepted
happy_cand_00474.png,happy,happy,0.404,0.404,"happy(0.40), neutral(0.34)",False,Low Happy probability (0.404 < 0.7)
happy_cand_00475.png,happy,happy,0.6509,0.6509,"happy(0.65), angry(0.19)",False,Low Happy probability (0.651 < 0.7)
happy_cand_00476.png,happy,neutral,0.0935,0.6968,"neutral(0.70), happy(0.09)",False,Teacher predicted 'neutral' (0.697)
happy_cand_00477.png,happy,happy,0.4159,0.4159,"happy(0.42), neutral(0.29)",False,Low Happy probability (0.416 < 0.7)
happy_cand_00478.png,happy,neutral,0.0257,0.3712,"neutral(0.37), angry(0.22)",False,Teacher predicted 'neutral' (0.371)
happy_cand_00479.png,happy,happy,0.6222,0.6222,"happy(0.62), neutral(0.19)",False,Low Happy probability (0.622 < 0.7)
happy_cand_00480.png,happy,neutral,0.0753,0.774,"neutral(0.77), happy(0.08)",False,Teacher predicted 'neutral' (0.774)
happy_cand_00481.png,happy,happy,0.63,0.63,"happy(0.63), angry(0.14)",False,Low Happy probability (0.630 < 0.7)
happy_cand_00482.png,happy,happy,0.3996,0.3996,"happy(0.40), fear(0.14)",False,Low Happy probability (0.400 < 0.7)
happy_cand_00483.png,happy,angry,0.3272,0.4819,"angry(0.48), happy(0.33)",False,Teacher predicted 'angry' (0.482)
happy_cand_00484.png,happy,neutral,0.1926,0.4351,"neutral(0.44), happy(0.19)",False,Teacher predicted 'neutral' (0.435)
happy_cand_00485.png,happy,happy,0.5581,0.5581,"happy(0.56), neutral(0.22)",False,Low Happy probability (0.558 < 0.7)
happy_cand_00486.png,happy,happy,0.6534,0.6534,"happy(0.65), angry(0.12)",False,Low Happy probability (0.653 < 0.7)
happy_cand_00487.png,happy,neutral,0.0787,0.2928,"neutral(0.29), angry(0.21)",False,Teacher predicted 'neutral' (0.293)
happy_cand_00488.png,happy,happy,0.8127,0.8127,"happy(0.81), disgust(0.07)",True,Accepted
happy_cand_00489.png,happy,happy,0.4921,0.4921,"happy(0.49), neutral(0.20)",False,Low Happy probability (0.492 < 0.7)
happy_cand_00490.png,happy,disgust,0.0859,0.5,"disgust(0.50), angry(0.29)",False,Teacher predicted 'disgust' (0.500)
happy_cand_00491.png,happy,happy,0.57,0.57,"happy(0.57), neutral(0.25)",False,Low Happy probability (0.570 < 0.7)
happy_cand_00492.png,happy,neutral,0.0291,0.5411,"neutral(0.54), angry(0.22)",False,Teacher predicted 'neutral' (0.541)
happy_cand_00493.png,happy,neutral,0.0149,0.3537,"neutral(0.35), sad(0.34)",False,Teacher predicted 'neutral' (0.354)
happy_cand_00494.png,happy,happy,0.2592,0.2592,"happy(0.26), disgust(0.17)",False,Low Happy probability (0.259 < 0.7)
happy_cand_00495.png,happy,angry,0.0472,0.5536,"angry(0.55), neutral(0.15)",False,Teacher predicted 'angry' (0.554)
happy_cand_00496.png,happy,happy,0.7097,0.7097,"happy(0.71), disgust(0.10)",True,Accepted
happy_cand_00497.png,happy,happy,0.2515,0.2515,"happy(0.25), angry(0.24)",False,Low Happy probability (0.252 < 0.7)
happy_cand_00498.png,happy,happy,0.6621,0.6621,"happy(0.66), surprise(0.10)",False,Low Happy probability (0.662 < 0.7)
happy_cand_00499.png,happy,happy,0.5624,0.5624,"happy(0.56), neutral(0.24)",False,Low Happy probability (0.562 < 0.7)
happy_cand_00500.png,happy,neutral,0.065,0.7391,"neutral(0.74), angry(0.09)",False,Teacher predicted 'neutral' (0.739)
happy_cand_00501.png,happy,happy,0.4352,0.4352,"happy(0.44), surprise(0.25)",False,Low Happy probability (0.435 < 0.7)
happy_cand_00502.png,happy,neutral,0.0915,0.4233,"neutral(0.42), surprise(0.15)",False,Teacher predicted 'neutral' (0.423)
happy_cand_00503.png,happy,happy,0.6965,0.6965,"happy(0.70), neutral(0.11)",False,Low Happy probability (0.697 < 0.7)
happy_cand_00504.png,happy,angry,0.1792,0.5704,"angry(0.57), happy(0.18)",False,Teacher predicted 'angry' (0.570)
happy_cand_00505.png,happy,sad,0.0534,0.332,"sad(0.33), neutral(0.31)",False,Teacher predicted 'sad' (0.332)
happy_cand_00506.png,happy,neutral,0.1636,0.4477,"neutral(0.45), happy(0.16)",False,Teacher predicted 'neutral' (0.448)
happy_cand_00507.png,happy,happy,0.7794,0.7794,"happy(0.78), neutral(0.09)",True,Accepted
happy_cand_00508.png,happy,angry,0.1882,0.4577,"angry(0.46), happy(0.19)",False,Teacher predicted 'angry' (0.458)
happy_cand_00509.png,happy,happy,0.6359,0.6359,"happy(0.64), angry(0.10)",False,Low Happy probability (0.636 < 0.7)
happy_cand_00510.png,happy,happy,0.4056,0.4056,"happy(0.41), neutral(0.33)",False,Low Happy probability (0.406 < 0.7)
happy_cand_00511.png,happy,happy,0.6637,0.6637,"happy(0.66), neutral(0.19)",False,Low Happy probability (0.664 < 0.7)
happy_cand_00512.png,happy,happy,0.3287,0.3287,"happy(0.33), neutral(0.32)",False,Low Happy probability (0.329 < 0.7)
happy_cand_00513.png,happy,happy,0.8316,0.8316,"happy(0.83), disgust(0.07)",True,Accepted
happy_cand_00514.png,happy,happy,0.8181,0.8181,"happy(0.82), disgust(0.07)",True,Accepted
happy_cand_00515.png,happy,happy,0.8315,0.8315,"happy(0.83), disgust(0.06)",True,Accepted
happy_cand_00516.png,happy,neutral,0.0791,0.4921,"neutral(0.49), sad(0.20)",False,Teacher predicted 'neutral' (0.492)
happy_cand_00517.png,happy,neutral,0.357,0.3831,"neutral(0.38), happy(0.36)",False,Teacher predicted 'neutral' (0.383)
happy_cand_00518.png,happy,neutral,0.2175,0.6627,"neutral(0.66), happy(0.22)",False,Teacher predicted 'neutral' (0.663)
happy_cand_00519.png,happy,neutral,0.0429,0.6746,"neutral(0.67), sad(0.13)",False,Teacher predicted 'neutral' (0.675)
happy_cand_00520.png,happy,happy,0.8206,0.8206,"happy(0.82), disgust(0.07)",True,Accepted
happy_cand_00521.png,happy,neutral,0.0595,0.7643,"neutral(0.76), happy(0.06)",False,Teacher predicted 'neutral' (0.764)
happy_cand_00522.png,happy,neutral,0.0722,0.612,"neutral(0.61), sad(0.16)",False,Teacher predicted 'neutral' (0.612)
happy_cand_00523.png,happy,neutral,0.2374,0.5871,"neutral(0.59), happy(0.24)",False,Teacher predicted 'neutral' (0.587)
happy_cand_00524.png,happy,happy,0.7362,0.7362,"happy(0.74), neutral(0.14)",True,Accepted
happy_cand_00525.png,happy,neutral,0.2978,0.4152,"neutral(0.42), happy(0.30)",False,Teacher predicted 'neutral' (0.415)
happy_cand_00526.png,happy,neutral,0.023,0.4371,"neutral(0.44), angry(0.17)",False,Teacher predicted 'neutral' (0.437)
happy_cand_00527.png,happy,happy,0.7822,0.7822,"happy(0.78), disgust(0.08)",True,Accepted
happy_cand_00528.png,happy,happy,0.8001,0.8001,"happy(0.80), neutral(0.08)",True,Accepted
happy_cand_00529.png,happy,angry,0.1787,0.2696,"angry(0.27), happy(0.18)",False,Teacher predicted 'angry' (0.270)
happy_cand_00530.png,happy,neutral,0.2026,0.6454,"neutral(0.65), happy(0.20)",False,Teacher predicted 'neutral' (0.645)
happy_cand_00531.png,happy,angry,0.0315,0.4084,"angry(0.41), disgust(0.32)",False,Teacher predicted 'angry' (0.408)
happy_cand_00532.png,happy,happy,0.4209,0.4209,"happy(0.42), sad(0.19)",False,Low Happy probability (0.421 < 0.7)
happy_cand_00533.png,happy,happy,0.4088,0.4088,"happy(0.41), neutral(0.20)",False,Low Happy probability (0.409 < 0.7)
happy_cand_00534.png,happy,happy,0.6261,0.6261,"happy(0.63), neutral(0.20)",False,Low Happy probability (0.626 < 0.7)
happy_cand_00535.png,happy,sad,0.0789,0.3779,"sad(0.38), neutral(0.20)",False,Teacher predicted 'sad' (0.378)
happy_cand_00536.png,happy,happy,0.5026,0.5026,"happy(0.50), neutral(0.35)",False,Low Happy probability (0.503 < 0.7)
happy_cand_00537.png,happy,happy,0.7437,0.7437,"happy(0.74), disgust(0.08)",True,Accepted
happy_cand_00538.png,happy,happy,0.2946,0.2946,"happy(0.29), angry(0.21)",False,Low Happy probability (0.295 < 0.7)
happy_cand_00539.png,happy,neutral,0.1115,0.4238,"neutral(0.42), disgust(0.18)",False,Teacher predicted 'neutral' (0.424)
happy_cand_00540.png,happy,neutral,0.0415,0.5789,"neutral(0.58), sad(0.15)",False,Teacher predicted 'neutral' (0.579)
happy_cand_00541.png,happy,neutral,0.219,0.4454,"neutral(0.45), happy(0.22)",False,Teacher predicted 'neutral' (0.445)
happy_cand_00543.png,happy,angry,0.1514,0.6264,"angry(0.63), happy(0.15)",False,Teacher predicted 'angry' (0.626)
happy_cand_00544.png,happy,happy,0.5805,0.5805,"happy(0.58), neutral(0.26)",False,Low Happy probability (0.580 < 0.7)
happy_cand_00545.png,happy,happy,0.7494,0.7494,"happy(0.75), disgust(0.08)",True,Accepted
happy_cand_00546.png,happy,happy,0.4562,0.4562,"happy(0.46), neutral(0.23)",False,Low Happy probability (0.456 < 0.7)
happy_cand_00547.png,happy,happy,0.7878,0.7878,"happy(0.79), disgust(0.08)",True,Accepted
happy_cand_00548.png,happy,happy,0.465,0.465,"happy(0.47), neutral(0.16)",False,Low Happy probability (0.465 < 0.7)
happy_cand_00549.png,happy,happy,0.6247,0.6247,"happy(0.62), neutral(0.24)",False,Low Happy probability (0.625 < 0.7)
happy_cand_00550.png,happy,neutral,0.1787,0.4394,"neutral(0.44), happy(0.18)",False,Teacher predicted 'neutral' (0.439)
happy_cand_00551.png,happy,happy,0.7509,0.7509,"happy(0.75), disgust(0.09)",True,Accepted
happy_cand_00552.png,happy,happy,0.7594,0.7594,"happy(0.76), disgust(0.08)",True,Accepted
happy_cand_00553.png,happy,happy,0.5108,0.5108,"happy(0.51), neutral(0.20)",False,Low Happy probability (0.511 < 0.7)
happy_cand_00554.png,happy,neutral,0.2173,0.4902,"neutral(0.49), happy(0.22)",False,Teacher predicted 'neutral' (0.490)
happy_cand_00555.png,happy,happy,0.563,0.563,"happy(0.56), surprise(0.18)",False,Low Happy probability (0.563 < 0.7)
happy_cand_00556.png,happy,happy,0.7481,0.7481,"happy(0.75), disgust(0.08)",True,Accepted
happy_cand_00557.png,happy,neutral,0.2145,0.5748,"neutral(0.57), happy(0.21)",False,Teacher predicted 'neutral' (0.575)
happy_cand_00558.png,happy,happy,0.4637,0.4637,"happy(0.46), neutral(0.26)",False,Low Happy probability (0.464 < 0.7)
happy_cand_00559.png,happy,happy,0.8257,0.8257,"happy(0.83), disgust(0.08)",True,Accepted
happy_cand_00560.png,happy,happy,0.5066,0.5066,"happy(0.51), neutral(0.31)",False,Low Happy probability (0.507 < 0.7)
happy_cand_00561.png,happy,happy,0.833,0.833,"happy(0.83), disgust(0.08)",True,Accepted
happy_cand_00562.png,happy,happy,0.7367,0.7367,"happy(0.74), disgust(0.12)",True,Accepted
happy_cand_00563.png,happy,happy,0.8139,0.8139,"happy(0.81), disgust(0.06)",True,Accepted
happy_cand_00564.png,happy,happy,0.7736,0.7736,"happy(0.77), disgust(0.09)",True,Accepted
happy_cand_00565.png,happy,happy,0.7695,0.7695,"happy(0.77), disgust(0.09)",True,Accepted
happy_cand_00566.png,happy,neutral,0.1367,0.4648,"neutral(0.46), sad(0.15)",False,Teacher predicted 'neutral' (0.465)
happy_cand_00567.png,happy,happy,0.7636,0.7636,"happy(0.76), neutral(0.12)",True,Accepted
happy_cand_00568.png,happy,happy,0.8125,0.8125,"happy(0.81), disgust(0.09)",True,Accepted
happy_cand_00569.png,happy,happy,0.546,0.546,"happy(0.55), neutral(0.17)",False,Low Happy probability (0.546 < 0.7)
happy_cand_00570.png,happy,neutral,0.3449,0.4172,"neutral(0.42), happy(0.34)",False,Teacher predicted 'neutral' (0.417)
happy_cand_00571.png,happy,happy,0.5135,0.5135,"happy(0.51), neutral(0.27)",False,Low Happy probability (0.514 < 0.7)
happy_cand_00572.png,happy,neutral,0.1205,0.4321,"neutral(0.43), sad(0.27)",False,Teacher predicted 'neutral' (0.432)
happy_cand_00573.png,happy,happy,0.7051,0.7051,"happy(0.71), neutral(0.12)",True,Accepted
happy_cand_00574.png,happy,happy,0.7462,0.7462,"happy(0.75), disgust(0.10)",True,Accepted
happy_cand_00575.png,happy,neutral,0.0204,0.6802,"neutral(0.68), sad(0.17)",False,Teacher predicted 'neutral' (0.680)
happy_cand_00576.png,happy,happy,0.722,0.722,"happy(0.72), disgust(0.11)",True,Accepted
happy_cand_00577.png,happy,happy,0.6944,0.6944,"happy(0.69), neutral(0.19)",False,Low Happy probability (0.694 < 0.7)
happy_cand_00578.png,happy,neutral,0.1456,0.4197,"neutral(0.42), happy(0.15)",False,Teacher predicted 'neutral' (0.420)
happy_cand_00579.png,happy,happy,0.7186,0.7186,"happy(0.72), disgust(0.08)",True,Accepted
happy_cand_00580.png,happy,happy,0.622,0.622,"happy(0.62), neutral(0.12)",False,Low Happy probability (0.622 < 0.7)
happy_cand_00581.png,happy,neutral,0.2929,0.3711,"neutral(0.37), happy(0.29)",False,Teacher predicted 'neutral' (0.371)
happy_cand_00582.png,happy,neutral,0.0708,0.4312,"neutral(0.43), sad(0.15)",False,Teacher predicted 'neutral' (0.431)
happy_cand_00583.png,happy,happy,0.7899,0.7899,"happy(0.79), angry(0.08)",True,Accepted
happy_cand_00584.png,happy,happy,0.6946,0.6946,"happy(0.69), sad(0.08)",False,Low Happy probability (0.695 < 0.7)
happy_cand_00585.png,happy,neutral,0.222,0.412,"neutral(0.41), happy(0.22)",False,Teacher predicted 'neutral' (0.412)
happy_cand_00586.png,happy,happy,0.7842,0.7842,"happy(0.78), disgust(0.07)",True,Accepted
happy_cand_00587.png,happy,happy,0.7711,0.7711,"happy(0.77), disgust(0.09)",True,Accepted
happy_cand_00588.png,happy,happy,0.7739,0.7739,"happy(0.77), disgust(0.09)",True,Accepted
happy_cand_00589.png,happy,happy,0.8509,0.8509,"happy(0.85), disgust(0.08)",True,Accepted
happy_cand_00590.png,happy,happy,0.4838,0.4838,"happy(0.48), neutral(0.16)",False,Low Happy probability (0.484 < 0.7)
happy_cand_00591.png,happy,happy,0.8526,0.8526,"happy(0.85), disgust(0.08)",True,Accepted
happy_cand_00592.png,happy,happy,0.6575,0.6575,"happy(0.66), disgust(0.09)",False,Low Happy probability (0.657 < 0.7)
happy_cand_00593.png,happy,happy,0.7499,0.7499,"happy(0.75), disgust(0.10)",True,Accepted
happy_cand_00594.png,happy,happy,0.491,0.491,"happy(0.49), neutral(0.35)",False,Low Happy probability (0.491 < 0.7)
happy_cand_00595.png,happy,happy,0.6872,0.6872,"happy(0.69), disgust(0.09)",False,Low Happy probability (0.687 < 0.7)
happy_cand_00596.png,happy,happy,0.8091,0.8091,"happy(0.81), disgust(0.08)",True,Accepted
happy_cand_00597.png,happy,sad,0.0323,0.3534,"sad(0.35), neutral(0.30)",False,Teacher predicted 'sad' (0.353)
happy_cand_00598.png,happy,neutral,0.0237,0.4587,"neutral(0.46), sad(0.31)",False,Teacher predicted 'neutral' (0.459)
happy_cand_00599.png,happy,happy,0.8054,0.8054,"happy(0.81), disgust(0.07)",True,Accepted
happy_cand_00600.png,happy,happy,0.7297,0.7297,"happy(0.73), disgust(0.07)",True,Accepted
happy_cand_00601.png,happy,angry,0.0245,0.4954,"angry(0.50), neutral(0.33)",False,Teacher predicted 'angry' (0.495)
happy_cand_00602.png,happy,happy,0.4376,0.4376,"happy(0.44), neutral(0.41)",False,Low Happy probability (0.438 < 0.7)
happy_cand_00603.png,happy,happy,0.7425,0.7425,"happy(0.74), disgust(0.08)",True,Accepted
happy_cand_00604.png,happy,happy,0.47,0.47,"happy(0.47), neutral(0.22)",False,Low Happy probability (0.470 < 0.7)
happy_cand_00605.png,happy,sad,0.0392,0.4449,"sad(0.44), neutral(0.21)",False,Teacher predicted 'sad' (0.445)
happy_cand_00606.png,happy,happy,0.8102,0.8102,"happy(0.81), disgust(0.08)",True,Accepted
happy_cand_00607.png,happy,happy,0.6906,0.6906,"happy(0.69), disgust(0.09)",False,Low Happy probability (0.691 < 0.7)
happy_cand_00608.png,happy,happy,0.7784,0.7784,"happy(0.78), disgust(0.07)",True,Accepted
happy_cand_00609.png,happy,happy,0.4163,0.4163,"happy(0.42), neutral(0.32)",False,Low Happy probability (0.416 < 0.7)
happy_cand_00611.png,happy,happy,0.6925,0.6925,"happy(0.69), neutral(0.13)",False,Low Happy probability (0.693 < 0.7)
happy_cand_00612.png,happy,happy,0.7287,0.7287,"happy(0.73), neutral(0.12)",True,Accepted
happy_cand_00613.png,happy,happy,0.6907,0.6907,"happy(0.69), neutral(0.18)",False,Low Happy probability (0.691 < 0.7)
happy_cand_00614.png,happy,happy,0.7931,0.7931,"happy(0.79), disgust(0.11)",True,Accepted
happy_cand_00615.png,happy,happy,0.7579,0.7579,"happy(0.76), neutral(0.10)",True,Accepted
happy_cand_00616.png,happy,happy,0.8427,0.8427,"happy(0.84), disgust(0.07)",True,Accepted
happy_cand_00617.png,happy,happy,0.6861,0.6861,"happy(0.69), neutral(0.12)",False,Low Happy probability (0.686 < 0.7)
happy_cand_00618.png,happy,happy,0.7316,0.7316,"happy(0.73), disgust(0.08)",True,Accepted
happy_cand_00619.png,happy,happy,0.8285,0.8285,"happy(0.83), disgust(0.08)",True,Accepted
happy_cand_00620.png,happy,happy,0.7829,0.7829,"happy(0.78), disgust(0.08)",True,Accepted
happy_cand_00621.png,happy,neutral,0.0212,0.7555,"neutral(0.76), sad(0.08)",False,Teacher predicted 'neutral' (0.755)
happy_cand_00622.png,happy,neutral,0.3363,0.5146,"neutral(0.51), happy(0.34)",False,Teacher predicted 'neutral' (0.515)
happy_cand_00623.png,happy,happy,0.5797,0.5797,"happy(0.58), neutral(0.33)",False,Low Happy probability (0.580 < 0.7)
happy_cand_00624.png,happy,neutral,0.3445,0.4418,"neutral(0.44), happy(0.34)",False,Teacher predicted 'neutral' (0.442)
happy_cand_00625.png,happy,happy,0.626,0.626,"happy(0.63), neutral(0.20)",False,Low Happy probability (0.626 < 0.7)
happy_cand_00626.png,happy,happy,0.6014,0.6014,"happy(0.60), angry(0.17)",False,Low Happy probability (0.601 < 0.7)
happy_cand_00627.png,happy,happy,0.8136,0.8136,"happy(0.81), disgust(0.08)",True,Accepted
happy_cand_00628.png,happy,neutral,0.1757,0.5304,"neutral(0.53), happy(0.18)",False,Teacher predicted 'neutral' (0.530)
happy_cand_00629.png,happy,happy,0.4939,0.4939,"happy(0.49), disgust(0.25)",False,Low Happy probability (0.494 < 0.7)
happy_cand_00630.png,happy,happy,0.7828,0.7828,"happy(0.78), disgust(0.09)",True,Accepted
happy_cand_00631.png,happy,happy,0.803,0.803,"happy(0.80), neutral(0.07)",True,Accepted
happy_cand_00632.png,happy,happy,0.779,0.779,"happy(0.78), neutral(0.08)",True,Accepted
happy_cand_00633.png,happy,happy,0.419,0.419,"happy(0.42), neutral(0.23)",False,Low Happy probability (0.419 < 0.7)
happy_cand_00634.png,happy,sad,0.1747,0.2648,"sad(0.26), neutral(0.26)",False,Teacher predicted 'sad' (0.265)
happy_cand_00635.png,happy,happy,0.4106,0.4106,"happy(0.41), disgust(0.18)",False,Low Happy probability (0.411 < 0.7)
happy_cand_00636.png,happy,happy,0.5919,0.5919,"happy(0.59), disgust(0.10)",False,Low Happy probability (0.592 < 0.7)
happy_cand_00637.png,happy,happy,0.674,0.674,"happy(0.67), neutral(0.21)",False,Low Happy probability (0.674 < 0.7)
happy_cand_00638.png,happy,happy,0.7725,0.7725,"happy(0.77), disgust(0.10)",True,Accepted
happy_cand_00639.png,happy,happy,0.6945,0.6945,"happy(0.69), neutral(0.12)",False,Low Happy probability (0.694 < 0.7)
happy_cand_00640.png,happy,happy,0.8247,0.8247,"happy(0.82), disgust(0.08)",True,Accepted
happy_cand_00641.png,happy,neutral,0.1905,0.3631,"neutral(0.36), happy(0.19)",False,Teacher predicted 'neutral' (0.363)
happy_cand_00642.png,happy,happy,0.7229,0.7229,"happy(0.72), surprise(0.08)",True,Accepted
happy_cand_00643.png,happy,neutral,0.0973,0.6966,"neutral(0.70), happy(0.10)",False,Teacher predicted 'neutral' (0.697)
happy_cand_00644.png,happy,happy,0.7843,0.7843,"happy(0.78), disgust(0.08)",True,Accepted
happy_cand_00645.png,happy,happy,0.619,0.619,"happy(0.62), neutral(0.21)",False,Low Happy probability (0.619 < 0.7)
happy_cand_00646.png,happy,happy,0.8125,0.8125,"happy(0.81), disgust(0.07)",True,Accepted
happy_cand_00647.png,happy,happy,0.7685,0.7685,"happy(0.77), angry(0.08)",True,Accepted
happy_cand_00648.png,happy,sad,0.1335,0.2889,"sad(0.29), neutral(0.21)",False,Teacher predicted 'sad' (0.289)
happy_cand_00649.png,happy,happy,0.6193,0.6193,"happy(0.62), angry(0.15)",False,Low Happy probability (0.619 < 0.7)
happy_cand_00650.png,happy,happy,0.8419,0.8419,"happy(0.84), disgust(0.07)",True,Accepted
happy_cand_00651.png,happy,disgust,0.0048,0.8072,"disgust(0.81), angry(0.16)",False,Teacher predicted 'disgust' (0.807)
happy_cand_00652.png,happy,neutral,0.0497,0.4532,"neutral(0.45), sad(0.23)",False,Teacher predicted 'neutral' (0.453)
happy_cand_00653.png,happy,neutral,0.0497,0.3639,"neutral(0.36), angry(0.32)",False,Teacher predicted 'neutral' (0.364)
happy_cand_00654.png,happy,fear,0.1204,0.3633,"fear(0.36), sad(0.17)",False,Teacher predicted 'fear' (0.363)
happy_cand_00655.png,happy,neutral,0.0643,0.6037,"neutral(0.60), angry(0.12)",False,Teacher predicted 'neutral' (0.604)
happy_cand_00656.png,happy,happy,0.6781,0.6781,"happy(0.68), neutral(0.21)",False,Low Happy probability (0.678 < 0.7)
happy_cand_00657.png,happy,neutral,0.1905,0.5601,"neutral(0.56), happy(0.19)",False,Teacher predicted 'neutral' (0.560)
happy_cand_00658.png,happy,happy,0.7708,0.7708,"happy(0.77), neutral(0.06)",True,Accepted
happy_cand_00659.png,happy,neutral,0.0622,0.4021,"neutral(0.40), sad(0.34)",False,Teacher predicted 'neutral' (0.402)
happy_cand_00660.png,happy,happy,0.7722,0.7722,"happy(0.77), disgust(0.08)",True,Accepted
happy_cand_00661.png,happy,happy,0.7185,0.7185,"happy(0.72), disgust(0.08)",True,Accepted
happy_cand_00662.png,happy,happy,0.8519,0.8519,"happy(0.85), disgust(0.08)",True,Accepted
happy_cand_00663.png,happy,happy,0.7867,0.7867,"happy(0.79), neutral(0.08)",True,Accepted
happy_cand_00664.png,happy,happy,0.673,0.673,"happy(0.67), neutral(0.09)",False,Low Happy probability (0.673 < 0.7)
happy_cand_00665.png,happy,angry,0.1245,0.3839,"angry(0.38), disgust(0.13)",False,Teacher predicted 'angry' (0.384)
happy_cand_00666.png,happy,neutral,0.1084,0.2976,"neutral(0.30), sad(0.30)",False,Teacher predicted 'neutral' (0.298)
happy_cand_00667.png,happy,neutral,0.0727,0.3613,"neutral(0.36), sad(0.29)",False,Teacher predicted 'neutral' (0.361)
happy_cand_00668.png,happy,neutral,0.0642,0.7245,"neutral(0.72), sad(0.06)",False,Teacher predicted 'neutral' (0.724)
happy_cand_00669.png,happy,neutral,0.0599,0.7073,"neutral(0.71), sad(0.12)",False,Teacher predicted 'neutral' (0.707)
happy_cand_00670.png,happy,happy,0.5824,0.5824,"happy(0.58), neutral(0.23)",False,Low Happy probability (0.582 < 0.7)
happy_cand_00671.png,happy,happy,0.7742,0.7742,"happy(0.77), disgust(0.08)",True,Accepted
happy_cand_00672.png,happy,angry,0.1386,0.5059,"angry(0.51), neutral(0.19)",False,Teacher predicted 'angry' (0.506)
happy_cand_00673.png,happy,happy,0.7429,0.7429,"happy(0.74), neutral(0.10)",True,Accepted
happy_cand_00674.png,happy,neutral,0.0351,0.4946,"neutral(0.49), sad(0.23)",False,Teacher predicted 'neutral' (0.495)
happy_cand_00675.png,happy,happy,0.7631,0.7631,"happy(0.76), neutral(0.10)",True,Accepted
happy_cand_00676.png,happy,happy,0.6597,0.6597,"happy(0.66), neutral(0.15)",False,Low Happy probability (0.660 < 0.7)
happy_cand_00677.png,happy,neutral,0.0805,0.6657,"neutral(0.67), angry(0.08)",False,Teacher predicted 'neutral' (0.666)
happy_cand_00678.png,happy,happy,0.5042,0.5042,"happy(0.50), neutral(0.25)",False,Low Happy probability (0.504 < 0.7)
happy_cand_00679.png,happy,happy,0.5261,0.5261,"happy(0.53), neutral(0.23)",False,Low Happy probability (0.526 < 0.7)
happy_cand_00680.png,happy,neutral,0.0477,0.7165,"neutral(0.72), disgust(0.07)",False,Teacher predicted 'neutral' (0.717)
happy_cand_00681.png,happy,happy,0.3654,0.3654,"happy(0.37), sad(0.18)",False,Low Happy probability (0.365 < 0.7)
happy_cand_00682.png,happy,happy,0.4917,0.4917,"happy(0.49), neutral(0.23)",False,Low Happy probability (0.492 < 0.7)
happy_cand_00683.png,happy,neutral,0.1264,0.197,"neutral(0.20), sad(0.19)",False,Teacher predicted 'neutral' (0.197)
happy_cand_00684.png,happy,happy,0.7355,0.7355,"happy(0.74), neutral(0.12)",True,Accepted
happy_cand_00685.png,happy,happy,0.7771,0.7771,"happy(0.78), disgust(0.08)",True,Accepted
happy_cand_00686.png,happy,happy,0.8134,0.8134,"happy(0.81), disgust(0.07)",True,Accepted
happy_cand_00687.png,happy,happy,0.7768,0.7768,"happy(0.78), disgust(0.08)",True,Accepted
happy_cand_00688.png,happy,neutral,0.3211,0.4453,"neutral(0.45), happy(0.32)",False,Teacher predicted 'neutral' (0.445)
happy_cand_00689.png,happy,happy,0.7169,0.7169,"happy(0.72), neutral(0.14)",True,Accepted
happy_cand_00690.png,happy,happy,0.6806,0.6806,"happy(0.68), neutral(0.15)",False,Low Happy probability (0.681 < 0.7)
happy_cand_00691.png,happy,happy,0.7552,0.7552,"happy(0.76), disgust(0.13)",True,Accepted
happy_cand_00692.png,happy,sad,0.1675,0.2946,"sad(0.29), neutral(0.27)",False,Teacher predicted 'sad' (0.295)
happy_cand_00693.png,happy,happy,0.7817,0.7817,"happy(0.78), neutral(0.08)",True,Accepted
happy_cand_00694.png,happy,happy,0.3072,0.3072,"happy(0.31), neutral(0.25)",False,Low Happy probability (0.307 < 0.7)
happy_cand_00695.png,happy,angry,0.1865,0.3025,"angry(0.30), happy(0.19)",False,Teacher predicted 'angry' (0.303)
happy_cand_00696.png,happy,neutral,0.1366,0.6812,"neutral(0.68), happy(0.14)",False,Teacher predicted 'neutral' (0.681)
happy_cand_00697.png,happy,happy,0.4623,0.4623,"happy(0.46), neutral(0.29)",False,Low Happy probability (0.462 < 0.7)
happy_cand_00698.png,happy,neutral,0.1778,0.5874,"neutral(0.59), happy(0.18)",False,Teacher predicted 'neutral' (0.587)
happy_cand_00699.png,happy,neutral,0.0956,0.6681,"neutral(0.67), happy(0.10)",False,Teacher predicted 'neutral' (0.668)
happy_cand_00700.png,happy,happy,0.4536,0.4536,"happy(0.45), neutral(0.30)",False,Low Happy probability (0.454 < 0.7)
happy_cand_00701.png,happy,happy,0.4939,0.4939,"happy(0.49), neutral(0.34)",False,Low Happy probability (0.494 < 0.7)
happy_cand_00702.png,happy,neutral,0.0574,0.7997,"neutral(0.80), happy(0.06)",False,Teacher predicted 'neutral' (0.800)
happy_cand_00703.png,happy,happy,0.3606,0.3606,"happy(0.36), neutral(0.26)",False,Low Happy probability (0.361 < 0.7)
happy_cand_00704.png,happy,neutral,0.0396,0.4069,"neutral(0.41), sad(0.34)",False,Teacher predicted 'neutral' (0.407)
happy_cand_00705.png,happy,happy,0.479,0.479,"happy(0.48), neutral(0.31)",False,Low Happy probability (0.479 < 0.7)
happy_cand_00706.png,happy,happy,0.4306,0.4306,"happy(0.43), neutral(0.23)",False,Low Happy probability (0.431 < 0.7)
happy_cand_00707.png,happy,happy,0.8341,0.8341,"happy(0.83), disgust(0.06)",True,Accepted
happy_cand_00708.png,happy,happy,0.8614,0.8614,"happy(0.86), disgust(0.08)",True,Accepted
happy_cand_00709.png,happy,happy,0.4464,0.4464,"happy(0.45), neutral(0.32)",False,Low Happy probability (0.446 < 0.7)
happy_cand_00710.png,happy,neutral,0.0858,0.584,"neutral(0.58), disgust(0.12)",False,Teacher predicted 'neutral' (0.584)
happy_cand_00711.png,happy,neutral,0.1642,0.6805,"neutral(0.68), happy(0.16)",False,Teacher predicted 'neutral' (0.681)
happy_cand_00712.png,happy,happy,0.5158,0.5158,"happy(0.52), neutral(0.25)",False,Low Happy probability (0.516 < 0.7)
happy_cand_00713.png,happy,happy,0.7039,0.7039,"happy(0.70), neutral(0.11)",True,Accepted
happy_cand_00714.png,happy,happy,0.3494,0.3494,"happy(0.35), neutral(0.31)",False,Low Happy probability (0.349 < 0.7)
happy_cand_00715.png,happy,neutral,0.0895,0.7357,"neutral(0.74), happy(0.09)",False,Teacher predicted 'neutral' (0.736)
happy_cand_00716.png,happy,happy,0.6947,0.6947,"happy(0.69), neutral(0.13)",False,Low Happy probability (0.695 < 0.7)
happy_cand_00717.png,happy,happy,0.3367,0.3367,"happy(0.34), neutral(0.16)",False,Low Happy probability (0.337 < 0.7)
happy_cand_00718.png,happy,neutral,0.0407,0.6822,"neutral(0.68), angry(0.11)",False,Teacher predicted 'neutral' (0.682)
happy_cand_00719.png,happy,happy,0.747,0.747,"happy(0.75), neutral(0.10)",True,Accepted
happy_cand_00720.png,happy,neutral,0.1024,0.2482,"neutral(0.25), angry(0.22)",False,Teacher predicted 'neutral' (0.248)
happy_cand_00721.png,happy,happy,0.8461,0.8461,"happy(0.85), disgust(0.06)",True,Accepted
happy_cand_00722.png,happy,neutral,0.0551,0.7528,"neutral(0.75), disgust(0.07)",False,Teacher predicted 'neutral' (0.753)
happy_cand_00723.png,happy,happy,0.5252,0.5252,"happy(0.53), neutral(0.27)",False,Low Happy probability (0.525 < 0.7)
happy_cand_00724.png,happy,happy,0.7951,0.7951,"happy(0.80), disgust(0.07)",True,Accepted
happy_cand_00725.png,happy,neutral,0.1332,0.5266,"neutral(0.53), happy(0.13)",False,Teacher predicted 'neutral' (0.527)
happy_cand_00726.png,happy,happy,0.8006,0.8006,"happy(0.80), disgust(0.07)",True,Accepted
happy_cand_00727.png,happy,happy,0.8194,0.8194,"happy(0.82), disgust(0.08)",True,Accepted
happy_cand_00728.png,happy,happy,0.6543,0.6543,"happy(0.65), neutral(0.23)",False,Low Happy probability (0.654 < 0.7)
happy_cand_00729.png,happy,happy,0.7622,0.7622,"happy(0.76), neutral(0.11)",True,Accepted
happy_cand_00730.png,happy,neutral,0.1283,0.6743,"neutral(0.67), happy(0.13)",False,Teacher predicted 'neutral' (0.674)
happy_cand_00731.png,happy,happy,0.7963,0.7963,"happy(0.80), disgust(0.09)",True,Accepted
happy_cand_00732.png,happy,happy,0.739,0.739,"happy(0.74), disgust(0.10)",True,Accepted
happy_cand_00733.png,happy,neutral,0.1189,0.6063,"neutral(0.61), angry(0.12)",False,Teacher predicted 'neutral' (0.606)
happy_cand_00734.png,happy,happy,0.7356,0.7356,"happy(0.74), disgust(0.10)",True,Accepted
happy_cand_00735.png,happy,neutral,0.1652,0.5767,"neutral(0.58), happy(0.17)",False,Teacher predicted 'neutral' (0.577)
happy_cand_00736.png,happy,neutral,0.0369,0.7783,"neutral(0.78), angry(0.05)",False,Teacher predicted 'neutral' (0.778)
happy_cand_00737.png,happy,neutral,0.0657,0.5407,"neutral(0.54), angry(0.13)",False,Teacher predicted 'neutral' (0.541)
happy_cand_00738.png,happy,happy,0.3569,0.3569,"happy(0.36), surprise(0.31)",False,Low Happy probability (0.357 < 0.7)
happy_cand_00739.png,happy,neutral,0.1137,0.6394,"neutral(0.64), sad(0.13)",False,Teacher predicted 'neutral' (0.639)
happy_cand_00740.png,happy,happy,0.7938,0.7938,"happy(0.79), disgust(0.08)",True,Accepted
happy_cand_00741.png,happy,neutral,0.2148,0.5517,"neutral(0.55), happy(0.21)",False,Teacher predicted 'neutral' (0.552)
happy_cand_00742.png,happy,neutral,0.0877,0.4466,"neutral(0.45), sad(0.23)",False,Teacher predicted 'neutral' (0.447)
happy_cand_00743.png,happy,happy,0.5675,0.5675,"happy(0.57), neutral(0.27)",False,Low Happy probability (0.567 < 0.7)
happy_cand_00744.png,happy,neutral,0.2041,0.5033,"neutral(0.50), happy(0.20)",False,Teacher predicted 'neutral' (0.503)
happy_cand_00745.png,happy,fear,0.0349,0.3824,"fear(0.38), sad(0.25)",False,Teacher predicted 'fear' (0.382)
happy_cand_00746.png,happy,happy,0.7271,0.7271,"happy(0.73), surprise(0.07)",True,Accepted
happy_cand_00747.png,happy,happy,0.5635,0.5635,"happy(0.56), neutral(0.19)",False,Low Happy probability (0.564 < 0.7)
happy_cand_00748.png,happy,happy,0.7676,0.7676,"happy(0.77), neutral(0.10)",True,Accepted
happy_cand_00749.png,happy,happy,0.7216,0.7216,"happy(0.72), disgust(0.08)",True,Accepted
happy_cand_00750.png,happy,happy,0.4548,0.4548,"happy(0.45), surprise(0.35)",False,Low Happy probability (0.455 < 0.7)
happy_cand_00751.png,happy,neutral,0.3275,0.4754,"neutral(0.48), happy(0.33)",False,Teacher predicted 'neutral' (0.475)
happy_cand_00752.png,happy,happy,0.5058,0.5058,"happy(0.51), neutral(0.30)",False,Low Happy probability (0.506 < 0.7)
happy_cand_00753.png,happy,happy,0.6671,0.6671,"happy(0.67), surprise(0.19)",False,Low Happy probability (0.667 < 0.7)
happy_cand_00754.png,happy,happy,0.435,0.435,"happy(0.43), neutral(0.19)",False,Low Happy probability (0.435 < 0.7)
happy_cand_00756.png,happy,happy,0.7476,0.7476,"happy(0.75), disgust(0.08)",True,Accepted
happy_cand_00757.png,happy,neutral,0.0128,0.4634,"neutral(0.46), angry(0.28)",False,Teacher predicted 'neutral' (0.463)
happy_cand_00758.png,happy,happy,0.6535,0.6535,"happy(0.65), neutral(0.18)",False,Low Happy probability (0.653 < 0.7)
happy_cand_00759.png,happy,fear,0.2556,0.262,"fear(0.26), happy(0.26)",False,Teacher predicted 'fear' (0.262)
happy_cand_00760.png,happy,neutral,0.0704,0.4861,"neutral(0.49), angry(0.20)",False,Teacher predicted 'neutral' (0.486)
happy_cand_00761.png,happy,happy,0.7877,0.7877,"happy(0.79), disgust(0.08)",True,Accepted
happy_cand_00762.png,happy,happy,0.7464,0.7464,"happy(0.75), neutral(0.08)",True,Accepted
happy_cand_00763.png,happy,happy,0.8034,0.8034,"happy(0.80), disgust(0.09)",True,Accepted
happy_cand_00764.png,happy,happy,0.7087,0.7087,"happy(0.71), neutral(0.11)",True,Accepted
happy_cand_00765.png,happy,neutral,0.2541,0.4707,"neutral(0.47), happy(0.25)",False,Teacher predicted 'neutral' (0.471)
happy_cand_00766.png,happy,sad,0.1736,0.5229,"sad(0.52), happy(0.17)",False,Teacher predicted 'sad' (0.523)
happy_cand_00767.png,happy,neutral,0.1199,0.4638,"neutral(0.46), angry(0.13)",False,Teacher predicted 'neutral' (0.464)
happy_cand_00768.png,happy,happy,0.863,0.863,"happy(0.86), disgust(0.06)",True,Accepted
happy_cand_00769.png,happy,neutral,0.219,0.46,"neutral(0.46), happy(0.22)",False,Teacher predicted 'neutral' (0.460)
happy_cand_00770.png,happy,happy,0.8174,0.8174,"happy(0.82), disgust(0.07)",True,Accepted
happy_cand_00771.png,happy,happy,0.7626,0.7626,"happy(0.76), angry(0.07)",True,Accepted
happy_cand_00772.png,happy,happy,0.8304,0.8304,"happy(0.83), disgust(0.07)",True,Accepted
happy_cand_00773.png,happy,happy,0.8286,0.8286,"happy(0.83), disgust(0.07)",True,Accepted
happy_cand_00774.png,happy,happy,0.4321,0.4321,"happy(0.43), angry(0.18)",False,Low Happy probability (0.432 < 0.7)
happy_cand_00775.png,happy,disgust,0.0194,0.3497,"disgust(0.35), angry(0.31)",False,Teacher predicted 'disgust' (0.350)
happy_cand_00776.png,happy,neutral,0.0299,0.3739,"neutral(0.37), sad(0.32)",False,Teacher predicted 'neutral' (0.374)
happy_cand_00777.png,happy,happy,0.5526,0.5526,"happy(0.55), neutral(0.16)",False,Low Happy probability (0.553 < 0.7)
happy_cand_00778.png,happy,happy,0.7229,0.7229,"happy(0.72), disgust(0.08)",True,Accepted
happy_cand_00779.png,happy,sad,0.0753,0.4245,"sad(0.42), fear(0.22)",False,Teacher predicted 'sad' (0.424)
happy_cand_00780.png,happy,neutral,0.135,0.6289,"neutral(0.63), happy(0.13)",False,Teacher predicted 'neutral' (0.629)
happy_cand_00781.png,happy,angry,0.1779,0.3828,"angry(0.38), neutral(0.24)",False,Teacher predicted 'angry' (0.383)
happy_cand_00782.png,happy,happy,0.6443,0.6443,"happy(0.64), neutral(0.17)",False,Low Happy probability (0.644 < 0.7)
happy_cand_00783.png,happy,happy,0.8702,0.8702,"happy(0.87), disgust(0.08)",True,Accepted
happy_cand_00784.png,happy,neutral,0.132,0.4556,"neutral(0.46), happy(0.13)",False,Teacher predicted 'neutral' (0.456)
happy_cand_00785.png,happy,neutral,0.0826,0.5714,"neutral(0.57), sad(0.15)",False,Teacher predicted 'neutral' (0.571)
happy_cand_00786.png,happy,happy,0.8098,0.8098,"happy(0.81), disgust(0.07)",True,Accepted
happy_cand_00787.png,happy,happy,0.7094,0.7094,"happy(0.71), angry(0.14)",True,Accepted
happy_cand_00788.png,happy,neutral,0.1164,0.5796,"neutral(0.58), sad(0.13)",False,Teacher predicted 'neutral' (0.580)
happy_cand_00789.png,happy,happy,0.8031,0.8031,"happy(0.80), disgust(0.09)",True,Accepted
happy_cand_00790.png,happy,disgust,0.2603,0.3894,"disgust(0.39), happy(0.26)",False,Teacher predicted 'disgust' (0.389)
happy_cand_00791.png,happy,happy,0.8256,0.8256,"happy(0.83), disgust(0.09)",True,Accepted
happy_cand_00792.png,happy,neutral,0.3542,0.5034,"neutral(0.50), happy(0.35)",False,Teacher predicted 'neutral' (0.503)
happy_cand_00793.png,happy,happy,0.8152,0.8152,"happy(0.82), disgust(0.08)",True,Accepted
happy_cand_00794.png,happy,neutral,0.0498,0.79,"neutral(0.79), angry(0.05)",False,Teacher predicted 'neutral' (0.790)
happy_cand_00795.png,happy,happy,0.811,0.811,"happy(0.81), disgust(0.08)",True,Accepted
happy_cand_00796.png,happy,happy,0.3865,0.3865,"happy(0.39), angry(0.27)",False,Low Happy probability (0.386 < 0.7)
happy_cand_00797.png,happy,happy,0.7919,0.7919,"happy(0.79), disgust(0.09)",True,Accepted
happy_cand_00798.png,happy,happy,0.6087,0.6087,"happy(0.61), neutral(0.20)",False,Low Happy probability (0.609 < 0.7)
happy_cand_00799.png,happy,happy,0.4984,0.4984,"happy(0.50), neutral(0.26)",False,Low Happy probability (0.498 < 0.7)
happy_cand_00800.png,happy,sad,0.1769,0.2756,"sad(0.28), neutral(0.22)",False,Teacher predicted 'sad' (0.276)
happy_cand_00801.png,happy,happy,0.4018,0.4018,"happy(0.40), neutral(0.16)",False,Low Happy probability (0.402 < 0.7)
happy_cand_00802.png,happy,happy,0.4134,0.4134,"happy(0.41), neutral(0.18)",False,Low Happy probability (0.413 < 0.7)
happy_cand_00803.png,happy,neutral,0.0571,0.7474,"neutral(0.75), disgust(0.07)",False,Teacher predicted 'neutral' (0.747)
happy_cand_00804.png,happy,neutral,0.2086,0.6442,"neutral(0.64), happy(0.21)",False,Teacher predicted 'neutral' (0.644)
happy_cand_00805.png,happy,happy,0.602,0.602,"happy(0.60), angry(0.15)",False,Low Happy probability (0.602 < 0.7)
happy_cand_00806.png,happy,happy,0.6895,0.6895,"happy(0.69), neutral(0.17)",False,Low Happy probability (0.689 < 0.7)
happy_cand_00807.png,happy,neutral,0.0332,0.493,"neutral(0.49), sad(0.33)",False,Teacher predicted 'neutral' (0.493)
happy_cand_00808.png,happy,happy,0.6596,0.6596,"happy(0.66), angry(0.14)",False,Low Happy probability (0.660 < 0.7)
happy_cand_00809.png,happy,happy,0.3712,0.3712,"happy(0.37), angry(0.25)",False,Low Happy probability (0.371 < 0.7)
happy_cand_00810.png,happy,happy,0.6783,0.6783,"happy(0.68), surprise(0.14)",False,Low Happy probability (0.678 < 0.7)
happy_cand_00811.png,happy,neutral,0.2889,0.5502,"neutral(0.55), happy(0.29)",False,Teacher predicted 'neutral' (0.550)
happy_cand_00812.png,happy,neutral,0.0863,0.7052,"neutral(0.71), happy(0.09)",False,Teacher predicted 'neutral' (0.705)
happy_cand_00813.png,happy,neutral,0.0493,0.6027,"neutral(0.60), sad(0.15)",False,Teacher predicted 'neutral' (0.603)
happy_cand_00814.png,happy,angry,0.2603,0.3128,"angry(0.31), happy(0.26)",False,Teacher predicted 'angry' (0.313)
happy_cand_00815.png,happy,happy,0.725,0.725,"happy(0.72), neutral(0.10)",True,Accepted
happy_cand_00816.png,happy,happy,0.7801,0.7801,"happy(0.78), neutral(0.08)",True,Accepted
happy_cand_00817.png,happy,happy,0.5798,0.5798,"happy(0.58), neutral(0.12)",False,Low Happy probability (0.580 < 0.7)
happy_cand_00818.png,happy,happy,0.7255,0.7255,"happy(0.73), neutral(0.13)",True,Accepted
happy_cand_00819.png,happy,neutral,0.2807,0.2866,"neutral(0.29), happy(0.28)",False,Teacher predicted 'neutral' (0.287)
happy_cand_00820.png,happy,happy,0.6086,0.6086,"happy(0.61), neutral(0.23)",False,Low Happy probability (0.609 < 0.7)
happy_cand_00821.png,happy,neutral,0.1954,0.5194,"neutral(0.52), happy(0.20)",False,Teacher predicted 'neutral' (0.519)
happy_cand_00822.png,happy,neutral,0.388,0.4028,"neutral(0.40), happy(0.39)",False,Teacher predicted 'neutral' (0.403)
happy_cand_00823.png,happy,happy,0.5442,0.5442,"happy(0.54), neutral(0.27)",False,Low Happy probability (0.544 < 0.7)
happy_cand_00824.png,happy,happy,0.8098,0.8098,"happy(0.81), disgust(0.08)",True,Accepted
happy_cand_00825.png,happy,happy,0.608,0.608,"happy(0.61), neutral(0.12)",False,Low Happy probability (0.608 < 0.7)
happy_cand_00826.png,happy,happy,0.2984,0.2984,"happy(0.30), neutral(0.23)",False,Low Happy probability (0.298 < 0.7)
happy_cand_00827.png,happy,happy,0.7156,0.7156,"happy(0.72), disgust(0.09)",True,Accepted
happy_cand_00828.png,happy,happy,0.6495,0.6495,"happy(0.65), surprise(0.16)",False,Low Happy probability (0.649 < 0.7)
happy_cand_00830.png,happy,happy,0.4795,0.4795,"happy(0.48), angry(0.19)",False,Low Happy probability (0.480 < 0.7)
happy_cand_00831.png,happy,happy,0.6294,0.6294,"happy(0.63), neutral(0.22)",False,Low Happy probability (0.629 < 0.7)
happy_cand_00832.png,happy,happy,0.6147,0.6147,"happy(0.61), neutral(0.09)",False,Low Happy probability (0.615 < 0.7)
happy_cand_00833.png,happy,happy,0.8171,0.8171,"happy(0.82), disgust(0.07)",True,Accepted
happy_cand_00834.png,happy,neutral,0.1148,0.4024,"neutral(0.40), sad(0.24)",False,Teacher predicted 'neutral' (0.402)
happy_cand_00835.png,happy,neutral,0.3577,0.4211,"neutral(0.42), happy(0.36)",False,Teacher predicted 'neutral' (0.421)
happy_cand_00836.png,happy,neutral,0.0679,0.586,"neutral(0.59), sad(0.15)",False,Teacher predicted 'neutral' (0.586)
happy_cand_00837.png,happy,happy,0.8209,0.8209,"happy(0.82), disgust(0.08)",True,Accepted
happy_cand_00838.png,happy,angry,0.1919,0.3431,"angry(0.34), neutral(0.26)",False,Teacher predicted 'angry' (0.343)
happy_cand_00839.png,happy,happy,0.7986,0.7986,"happy(0.80), disgust(0.08)",True,Accepted
happy_cand_00840.png,happy,neutral,0.2504,0.3725,"neutral(0.37), happy(0.25)",False,Teacher predicted 'neutral' (0.372)
happy_cand_00841.png,happy,neutral,0.1962,0.6548,"neutral(0.65), happy(0.20)",False,Teacher predicted 'neutral' (0.655)
happy_cand_00842.png,happy,happy,0.5998,0.5998,"happy(0.60), neutral(0.20)",False,Low Happy probability (0.600 < 0.7)
happy_cand_00843.png,happy,happy,0.4112,0.4112,"happy(0.41), neutral(0.36)",False,Low Happy probability (0.411 < 0.7)
happy_cand_00844.png,happy,neutral,0.0902,0.4061,"neutral(0.41), sad(0.18)",False,Teacher predicted 'neutral' (0.406)
happy_cand_00845.png,happy,happy,0.8486,0.8486,"happy(0.85), disgust(0.08)",True,Accepted
happy_cand_00846.png,happy,neutral,0.2684,0.4313,"neutral(0.43), happy(0.27)",False,Teacher predicted 'neutral' (0.431)
happy_cand_00847.png,happy,happy,0.841,0.841,"happy(0.84), disgust(0.07)",True,Accepted
happy_cand_00848.png,happy,happy,0.7961,0.7961,"happy(0.80), neutral(0.06)",True,Accepted
happy_cand_00849.png,happy,happy,0.5398,0.5398,"happy(0.54), neutral(0.24)",False,Low Happy probability (0.540 < 0.7)
happy_cand_00850.png,happy,happy,0.7456,0.7456,"happy(0.75), neutral(0.08)",True,Accepted
happy_cand_00851.png,happy,happy,0.7869,0.7869,"happy(0.79), neutral(0.11)",True,Accepted
happy_cand_00852.png,happy,neutral,0.1562,0.3298,"neutral(0.33), happy(0.16)",False,Teacher predicted 'neutral' (0.330)
happy_cand_00853.png,happy,happy,0.5528,0.5528,"happy(0.55), neutral(0.24)",False,Low Happy probability (0.553 < 0.7)
happy_cand_00854.png,happy,happy,0.7587,0.7587,"happy(0.76), disgust(0.06)",True,Accepted
happy_cand_00855.png,happy,happy,0.877,0.877,"happy(0.88), disgust(0.06)",True,Accepted
happy_cand_00856.png,happy,happy,0.5942,0.5942,"happy(0.59), neutral(0.23)",False,Low Happy probability (0.594 < 0.7)
happy_cand_00857.png,happy,happy,0.7942,0.7942,"happy(0.79), disgust(0.07)",True,Accepted
happy_cand_00858.png,happy,happy,0.5732,0.5732,"happy(0.57), neutral(0.21)",False,Low Happy probability (0.573 < 0.7)
happy_cand_00859.png,happy,happy,0.6109,0.6109,"happy(0.61), neutral(0.17)",False,Low Happy probability (0.611 < 0.7)
happy_cand_00860.png,happy,happy,0.4347,0.4347,"happy(0.43), neutral(0.22)",False,Low Happy probability (0.435 < 0.7)
happy_cand_00861.png,happy,happy,0.8773,0.8773,"happy(0.88), disgust(0.08)",True,Accepted
happy_cand_00862.png,happy,happy,0.6414,0.6414,"happy(0.64), neutral(0.08)",False,Low Happy probability (0.641 < 0.7)
happy_cand_00863.png,happy,happy,0.8187,0.8187,"happy(0.82), disgust(0.08)",True,Accepted
happy_cand_00864.png,happy,disgust,0.0675,0.6064,"disgust(0.61), angry(0.09)",False,Teacher predicted 'disgust' (0.606)
happy_cand_00865.png,happy,happy,0.516,0.516,"happy(0.52), angry(0.16)",False,Low Happy probability (0.516 < 0.7)
happy_cand_00866.png,happy,happy,0.4969,0.4969,"happy(0.50), disgust(0.14)",False,Low Happy probability (0.497 < 0.7)
happy_cand_00867.png,happy,happy,0.8449,0.8449,"happy(0.84), disgust(0.08)",True,Accepted
happy_cand_00868.png,happy,happy,0.6738,0.6738,"happy(0.67), surprise(0.20)",False,Low Happy probability (0.674 < 0.7)
happy_cand_00869.png,happy,fear,0.0414,0.3436,"fear(0.34), angry(0.17)",False,Teacher predicted 'fear' (0.344)
happy_cand_00870.png,happy,happy,0.382,0.382,"happy(0.38), surprise(0.26)",False,Low Happy probability (0.382 < 0.7)
happy_cand_00871.png,happy,neutral,0.0446,0.4102,"neutral(0.41), sad(0.23)",False,Teacher predicted 'neutral' (0.410)
happy_cand_00872.png,happy,happy,0.6584,0.6584,"happy(0.66), neutral(0.12)",False,Low Happy probability (0.658 < 0.7)
happy_cand_00873.png,happy,happy,0.5738,0.5738,"happy(0.57), surprise(0.25)",False,Low Happy probability (0.574 < 0.7)
happy_cand_00874.png,happy,happy,0.6291,0.6291,"happy(0.63), neutral(0.22)",False,Low Happy probability (0.629 < 0.7)
happy_cand_00875.png,happy,happy,0.633,0.633,"happy(0.63), neutral(0.19)",False,Low Happy probability (0.633 < 0.7)
happy_cand_00876.png,happy,happy,0.7651,0.7651,"happy(0.77), neutral(0.10)",True,Accepted
happy_cand_00877.png,happy,happy,0.7304,0.7304,"happy(0.73), neutral(0.11)",True,Accepted
happy_cand_00878.png,happy,happy,0.6034,0.6034,"happy(0.60), neutral(0.18)",False,Low Happy probability (0.603 < 0.7)
happy_cand_00879.png,happy,happy,0.8248,0.8248,"happy(0.82), disgust(0.08)",True,Accepted
happy_cand_00880.png,happy,happy,0.7791,0.7791,"happy(0.78), disgust(0.09)",True,Accepted
happy_cand_00881.png,happy,happy,0.8078,0.8078,"happy(0.81), disgust(0.07)",True,Accepted
happy_cand_00882.png,happy,neutral,0.2413,0.4042,"neutral(0.40), happy(0.24)",False,Teacher predicted 'neutral' (0.404)
happy_cand_00883.png,happy,neutral,0.1154,0.7479,"neutral(0.75), happy(0.12)",False,Teacher predicted 'neutral' (0.748)
happy_cand_00884.png,happy,neutral,0.3224,0.4146,"neutral(0.41), happy(0.32)",False,Teacher predicted 'neutral' (0.415)
happy_cand_00885.png,happy,happy,0.7826,0.7826,"happy(0.78), disgust(0.08)",True,Accepted
happy_cand_00886.png,happy,happy,0.8266,0.8266,"happy(0.83), disgust(0.06)",True,Accepted
happy_cand_00887.png,happy,neutral,0.0468,0.6105,"neutral(0.61), sad(0.14)",False,Teacher predicted 'neutral' (0.610)
happy_cand_00888.png,happy,neutral,0.0922,0.4296,"neutral(0.43), angry(0.12)",False,Teacher predicted 'neutral' (0.430)
happy_cand_00889.png,happy,neutral,0.4288,0.4424,"neutral(0.44), happy(0.43)",False,Teacher predicted 'neutral' (0.442)
happy_cand_00890.png,happy,happy,0.5937,0.5937,"happy(0.59), disgust(0.10)",False,Low Happy probability (0.594 < 0.7)
happy_cand_00891.png,happy,happy,0.6971,0.6971,"happy(0.70), neutral(0.10)",False,Low Happy probability (0.697 < 0.7)
happy_cand_00892.png,happy,happy,0.6054,0.6054,"happy(0.61), neutral(0.13)",False,Low Happy probability (0.605 < 0.7)
happy_cand_00893.png,happy,happy,0.4734,0.4734,"happy(0.47), angry(0.12)",False,Low Happy probability (0.473 < 0.7)
happy_cand_00894.png,happy,happy,0.7918,0.7918,"happy(0.79), neutral(0.08)",True,Accepted
happy_cand_00895.png,happy,neutral,0.3163,0.4361,"neutral(0.44), happy(0.32)",False,Teacher predicted 'neutral' (0.436)
happy_cand_00896.png,happy,neutral,0.154,0.3771,"neutral(0.38), sad(0.20)",False,Teacher predicted 'neutral' (0.377)
happy_cand_00897.png,happy,neutral,0.2512,0.327,"neutral(0.33), happy(0.25)",False,Teacher predicted 'neutral' (0.327)
happy_cand_00898.png,happy,neutral,0.1052,0.5087,"neutral(0.51), angry(0.15)",False,Teacher predicted 'neutral' (0.509)
happy_cand_00899.png,happy,neutral,0.2152,0.5307,"neutral(0.53), happy(0.22)",False,Teacher predicted 'neutral' (0.531)
happy_cand_00900.png,happy,sad,0.1879,0.2182,"sad(0.22), fear(0.19)",False,Teacher predicted 'sad' (0.218)
happy_cand_00901.png,happy,neutral,0.0654,0.7226,"neutral(0.72), angry(0.12)",False,Teacher predicted 'neutral' (0.723)
happy_cand_00902.png,happy,happy,0.6417,0.6417,"happy(0.64), neutral(0.18)",False,Low Happy probability (0.642 < 0.7)
happy_cand_00903.png,happy,happy,0.6059,0.6059,"happy(0.61), neutral(0.14)",False,Low Happy probability (0.606 < 0.7)
happy_cand_00904.png,happy,happy,0.4365,0.4365,"happy(0.44), neutral(0.26)",False,Low Happy probability (0.436 < 0.7)
happy_cand_00905.png,happy,neutral,0.2491,0.4508,"neutral(0.45), happy(0.25)",False,Teacher predicted 'neutral' (0.451)
happy_cand_00906.png,happy,neutral,0.2919,0.5577,"neutral(0.56), happy(0.29)",False,Teacher predicted 'neutral' (0.558)
happy_cand_00907.png,happy,happy,0.866,0.866,"happy(0.87), disgust(0.05)",True,Accepted
happy_cand_00908.png,happy,happy,0.8497,0.8497,"happy(0.85), disgust(0.07)",True,Accepted
happy_cand_00909.png,happy,happy,0.8598,0.8598,"happy(0.86), disgust(0.07)",True,Accepted
happy_cand_00910.png,happy,neutral,0.0676,0.7013,"neutral(0.70), angry(0.11)",False,Teacher predicted 'neutral' (0.701)
happy_cand_00911.png,happy,neutral,0.054,0.6408,"neutral(0.64), sad(0.15)",False,Teacher predicted 'neutral' (0.641)
happy_cand_00912.png,happy,happy,0.6879,0.6879,"happy(0.69), neutral(0.11)",False,Low Happy probability (0.688 < 0.7)
happy_cand_00913.png,happy,neutral,0.0711,0.657,"neutral(0.66), sad(0.11)",False,Teacher predicted 'neutral' (0.657)
happy_cand_00914.png,happy,happy,0.3045,0.3045,"happy(0.30), angry(0.25)",False,Low Happy probability (0.305 < 0.7)
happy_cand_00915.png,happy,happy,0.8327,0.8327,"happy(0.83), disgust(0.07)",True,Accepted
happy_cand_00916.png,happy,happy,0.5243,0.5243,"happy(0.52), neutral(0.24)",False,Low Happy probability (0.524 < 0.7)
happy_cand_00917.png,happy,happy,0.621,0.621,"happy(0.62), neutral(0.13)",False,Low Happy probability (0.621 < 0.7)
happy_cand_00918.png,happy,neutral,0.0176,0.8284,"neutral(0.83), angry(0.05)",False,Teacher predicted 'neutral' (0.828)
happy_cand_00919.png,happy,happy,0.437,0.437,"happy(0.44), neutral(0.28)",False,Low Happy probability (0.437 < 0.7)
happy_cand_00920.png,happy,happy,0.8748,0.8748,"happy(0.87), disgust(0.06)",True,Accepted
happy_cand_00921.png,happy,happy,0.6008,0.6008,"happy(0.60), neutral(0.22)",False,Low Happy probability (0.601 < 0.7)
happy_cand_00922.png,happy,happy,0.796,0.796,"happy(0.80), disgust(0.10)",True,Accepted
happy_cand_00923.png,happy,happy,0.812,0.812,"happy(0.81), disgust(0.08)",True,Accepted
happy_cand_00924.png,happy,sad,0.1351,0.3716,"sad(0.37), fear(0.17)",False,Teacher predicted 'sad' (0.372)
happy_cand_00925.png,happy,happy,0.8697,0.8697,"happy(0.87), disgust(0.07)",True,Accepted
happy_cand_00926.png,happy,neutral,0.1492,0.2116,"neutral(0.21), fear(0.20)",False,Teacher predicted 'neutral' (0.212)
happy_cand_00927.png,happy,neutral,0.0297,0.5732,"neutral(0.57), sad(0.20)",False,Teacher predicted 'neutral' (0.573)
happy_cand_00928.png,happy,happy,0.5928,0.5928,"happy(0.59), disgust(0.11)",False,Low Happy probability (0.593 < 0.7)
happy_cand_00929.png,happy,neutral,0.0191,0.4117,"neutral(0.41), angry(0.20)",False,Teacher predicted 'neutral' (0.412)
happy_cand_00930.png,happy,neutral,0.0195,0.3293,"neutral(0.33), sad(0.29)",False,Teacher predicted 'neutral' (0.329)
happy_cand_00931.png,happy,happy,0.5976,0.5976,"happy(0.60), surprise(0.15)",False,Low Happy probability (0.598 < 0.7)
happy_cand_00932.png,happy,angry,0.2069,0.3296,"angry(0.33), neutral(0.25)",False,Teacher predicted 'angry' (0.330)
happy_cand_00933.png,happy,neutral,0.0512,0.649,"neutral(0.65), sad(0.10)",False,Teacher predicted 'neutral' (0.649)
happy_cand_00934.png,happy,happy,0.8424,0.8424,"happy(0.84), angry(0.05)",True,Accepted
happy_cand_00935.png,happy,happy,0.6398,0.6398,"happy(0.64), disgust(0.10)",False,Low Happy probability (0.640 < 0.7)
happy_cand_00936.png,happy,happy,0.6734,0.6734,"happy(0.67), neutral(0.16)",False,Low Happy probability (0.673 < 0.7)
happy_cand_00937.png,happy,happy,0.6198,0.6198,"happy(0.62), neutral(0.18)",False,Low Happy probability (0.620 < 0.7)
happy_cand_00938.png,happy,neutral,0.2034,0.565,"neutral(0.57), happy(0.20)",False,Teacher predicted 'neutral' (0.565)
happy_cand_00939.png,happy,neutral,0.0829,0.6825,"neutral(0.68), sad(0.10)",False,Teacher predicted 'neutral' (0.682)
happy_cand_00940.png,happy,neutral,0.0307,0.3924,"neutral(0.39), sad(0.32)",False,Teacher predicted 'neutral' (0.392)
happy_cand_00941.png,happy,happy,0.8147,0.8147,"happy(0.81), disgust(0.08)",True,Accepted
happy_cand_00942.png,happy,happy,0.8093,0.8093,"happy(0.81), disgust(0.06)",True,Accepted
happy_cand_00943.png,happy,sad,0.0345,0.391,"sad(0.39), neutral(0.22)",False,Teacher predicted 'sad' (0.391)
happy_cand_00944.png,happy,surprise,0.1258,0.6552,"surprise(0.66), happy(0.13)",False,Teacher predicted 'surprise' (0.655)
happy_cand_00945.png,happy,happy,0.7994,0.7994,"happy(0.80), disgust(0.07)",True,Accepted
happy_cand_00946.png,happy,happy,0.4752,0.4752,"happy(0.48), neutral(0.39)",False,Low Happy probability (0.475 < 0.7)
happy_cand_00947.png,happy,happy,0.6915,0.6915,"happy(0.69), neutral(0.17)",False,Low Happy probability (0.692 < 0.7)
happy_cand_00948.png,happy,happy,0.7755,0.7755,"happy(0.78), disgust(0.08)",True,Accepted
happy_cand_00949.png,happy,neutral,0.0775,0.7082,"neutral(0.71), angry(0.09)",False,Teacher predicted 'neutral' (0.708)
happy_cand_00950.png,happy,happy,0.7589,0.7589,"happy(0.76), neutral(0.10)",True,Accepted
happy_cand_00951.png,happy,neutral,0.1224,0.5679,"neutral(0.57), happy(0.12)",False,Teacher predicted 'neutral' (0.568)
happy_cand_00952.png,happy,happy,0.582,0.582,"happy(0.58), neutral(0.19)",False,Low Happy probability (0.582 < 0.7)
happy_cand_00953.png,happy,happy,0.7814,0.7814,"happy(0.78), disgust(0.09)",True,Accepted
happy_cand_00954.png,happy,happy,0.7863,0.7863,"happy(0.79), neutral(0.07)",True,Accepted
happy_cand_00955.png,happy,happy,0.4104,0.4104,"happy(0.41), neutral(0.32)",False,Low Happy probability (0.410 < 0.7)
happy_cand_00956.png,happy,fear,0.0897,0.3162,"fear(0.32), sad(0.22)",False,Teacher predicted 'fear' (0.316)
happy_cand_00957.png,happy,happy,0.7296,0.7296,"happy(0.73), disgust(0.10)",True,Accepted
happy_cand_00958.png,happy,neutral,0.3305,0.3359,"neutral(0.34), happy(0.33)",False,Teacher predicted 'neutral' (0.336)
happy_cand_00959.png,happy,sad,0.1292,0.3485,"sad(0.35), neutral(0.20)",False,Teacher predicted 'sad' (0.348)
happy_cand_00960.png,happy,happy,0.5884,0.5884,"happy(0.59), neutral(0.18)",False,Low Happy probability (0.588 < 0.7)
happy_cand_00961.png,happy,neutral,0.0541,0.6891,"neutral(0.69), sad(0.10)",False,Teacher predicted 'neutral' (0.689)
happy_cand_00962.png,happy,happy,0.4471,0.4471,"happy(0.45), disgust(0.24)",False,Low Happy probability (0.447 < 0.7)
happy_cand_00963.png,happy,neutral,0.1807,0.6857,"neutral(0.69), happy(0.18)",False,Teacher predicted 'neutral' (0.686)
happy_cand_00964.png,happy,happy,0.8409,0.8409,"happy(0.84), disgust(0.07)",True,Accepted
happy_cand_00965.png,happy,happy,0.7917,0.7917,"happy(0.79), disgust(0.09)",True,Accepted
happy_cand_00966.png,happy,neutral,0.0631,0.5743,"neutral(0.57), sad(0.17)",False,Teacher predicted 'neutral' (0.574)
happy_cand_00967.png,happy,happy,0.8511,0.8511,"happy(0.85), disgust(0.07)",True,Accepted
happy_cand_00968.png,happy,happy,0.6236,0.6236,"happy(0.62), neutral(0.17)",False,Low Happy probability (0.624 < 0.7)
happy_cand_00969.png,happy,happy,0.7639,0.7639,"happy(0.76), neutral(0.10)",True,Accepted
happy_cand_00970.png,happy,happy,0.7757,0.7757,"happy(0.78), surprise(0.12)",True,Accepted
happy_cand_00971.png,happy,surprise,0.3101,0.6039,"surprise(0.60), happy(0.31)",False,Teacher predicted 'surprise' (0.604)
happy_cand_00972.png,happy,happy,0.7925,0.7925,"happy(0.79), disgust(0.08)",True,Accepted
happy_cand_00973.png,happy,neutral,0.401,0.4028,"neutral(0.40), happy(0.40)",False,Teacher predicted 'neutral' (0.403)
happy_cand_00974.png,happy,happy,0.7395,0.7395,"happy(0.74), neutral(0.12)",True,Accepted
happy_cand_00975.png,happy,happy,0.5857,0.5857,"happy(0.59), neutral(0.14)",False,Low Happy probability (0.586 < 0.7)
happy_cand_00976.png,happy,happy,0.7035,0.7035,"happy(0.70), surprise(0.07)",True,Accepted
happy_cand_00977.png,happy,happy,0.5568,0.5568,"happy(0.56), neutral(0.17)",False,Low Happy probability (0.557 < 0.7)
happy_cand_00978.png,happy,neutral,0.0302,0.5869,"neutral(0.59), sad(0.16)",False,Teacher predicted 'neutral' (0.587)
happy_cand_00979.png,happy,happy,0.7302,0.7302,"happy(0.73), disgust(0.10)",True,Accepted
happy_cand_00980.png,happy,neutral,0.0412,0.7339,"neutral(0.73), sad(0.09)",False,Teacher predicted 'neutral' (0.734)
happy_cand_00981.png,happy,happy,0.8516,0.8516,"happy(0.85), disgust(0.07)",True,Accepted
happy_cand_00982.png,happy,happy,0.5244,0.5244,"happy(0.52), surprise(0.25)",False,Low Happy probability (0.524 < 0.7)
happy_cand_00983.png,happy,happy,0.4356,0.4356,"happy(0.44), neutral(0.40)",False,Low Happy probability (0.436 < 0.7)
happy_cand_00984.png,happy,neutral,0.168,0.6912,"neutral(0.69), happy(0.17)",False,Teacher predicted 'neutral' (0.691)
happy_cand_00985.png,happy,happy,0.8264,0.8264,"happy(0.83), disgust(0.08)",True,Accepted
happy_cand_00986.png,happy,neutral,0.0281,0.8261,"neutral(0.83), sad(0.05)",False,Teacher predicted 'neutral' (0.826)
happy_cand_00987.png,happy,happy,0.6259,0.6259,"happy(0.63), neutral(0.22)",False,Low Happy probability (0.626 < 0.7)
happy_cand_00988.png,happy,neutral,0.2453,0.303,"neutral(0.30), happy(0.25)",False,Teacher predicted 'neutral' (0.303)
happy_cand_00989.png,happy,neutral,0.1498,0.4277,"neutral(0.43), sad(0.19)",False,Teacher predicted 'neutral' (0.428)
happy_cand_00990.png,happy,neutral,0.15,0.4724,"neutral(0.47), happy(0.15)",False,Teacher predicted 'neutral' (0.472)
happy_cand_00991.png,happy,neutral,0.3954,0.4583,"neutral(0.46), happy(0.40)",False,Teacher predicted 'neutral' (0.458)
happy_cand_00992.png,happy,neutral,0.0366,0.5681,"neutral(0.57), sad(0.19)",False,Teacher predicted 'neutral' (0.568)
happy_cand_00993.png,happy,happy,0.454,0.454,"happy(0.45), neutral(0.34)",False,Low Happy probability (0.454 < 0.7)
happy_cand_00994.png,happy,neutral,0.3637,0.4895,"neutral(0.49), happy(0.36)",False,Teacher predicted 'neutral' (0.489)
happy_cand_00995.png,happy,happy,0.5064,0.5064,"happy(0.51), surprise(0.21)",False,Low Happy probability (0.506 < 0.7)
happy_cand_00996.png,happy,happy,0.6088,0.6088,"happy(0.61), disgust(0.12)",False,Low Happy probability (0.609 < 0.7)
happy_cand_00997.png,happy,happy,0.4409,0.4409,"happy(0.44), neutral(0.37)",False,Low Happy probability (0.441 < 0.7)
happy_cand_00998.png,happy,neutral,0.2487,0.5484,"neutral(0.55), happy(0.25)",False,Teacher predicted 'neutral' (0.548)
happy_cand_00999.png,happy,happy,0.8752,0.8752,"happy(0.88), disgust(0.07)",True,Accepted
happy_cand_01000.png,happy,happy,0.4556,0.4556,"happy(0.46), neutral(0.31)",False,Low Happy probability (0.456 < 0.7)
happy_cand_01001.png,happy,happy,0.8313,0.8313,"happy(0.83), disgust(0.08)",True,Accepted
happy_cand_01002.png,happy,neutral,0.1844,0.4786,"neutral(0.48), happy(0.18)",False,Teacher predicted 'neutral' (0.479)
happy_cand_01003.png,happy,happy,0.8274,0.8274,"happy(0.83), disgust(0.06)",True,Accepted
happy_cand_01004.png,happy,happy,0.6377,0.6377,"happy(0.64), neutral(0.21)",False,Low Happy probability (0.638 < 0.7)
happy_cand_01005.png,happy,happy,0.7135,0.7135,"happy(0.71), neutral(0.10)",True,Accepted
happy_cand_01006.png,happy,neutral,0.0714,0.42,"neutral(0.42), angry(0.22)",False,Teacher predicted 'neutral' (0.420)
happy_cand_01007.png,happy,sad,0.1632,0.2399,"sad(0.24), angry(0.22)",False,Teacher predicted 'sad' (0.240)
happy_cand_01008.png,happy,happy,0.4002,0.4002,"happy(0.40), neutral(0.38)",False,Low Happy probability (0.400 < 0.7)
happy_cand_01009.png,happy,neutral,0.362,0.4668,"neutral(0.47), happy(0.36)",False,Teacher predicted 'neutral' (0.467)
happy_cand_01010.png,happy,happy,0.5304,0.5304,"happy(0.53), neutral(0.16)",False,Low Happy probability (0.530 < 0.7)
happy_cand_01011.png,happy,happy,0.2768,0.2768,"happy(0.28), disgust(0.19)",False,Low Happy probability (0.277 < 0.7)
happy_cand_01012.png,happy,happy,0.8119,0.8119,"happy(0.81), disgust(0.07)",True,Accepted
happy_cand_01013.png,happy,neutral,0.1192,0.4524,"neutral(0.45), sad(0.17)",False,Teacher predicted 'neutral' (0.452)
happy_cand_01014.png,happy,happy,0.7041,0.7041,"happy(0.70), neutral(0.14)",True,Accepted
happy_cand_01015.png,happy,happy,0.7449,0.7449,"happy(0.74), disgust(0.09)",True,Accepted
happy_cand_01016.png,happy,happy,0.5904,0.5904,"happy(0.59), neutral(0.24)",False,Low Happy probability (0.590 < 0.7)
happy_cand_01017.png,happy,happy,0.811,0.811,"happy(0.81), disgust(0.07)",True,Accepted
happy_cand_01018.png,happy,happy,0.6557,0.6557,"happy(0.66), neutral(0.14)",False,Low Happy probability (0.656 < 0.7)
happy_cand_01019.png,happy,happy,0.653,0.653,"happy(0.65), neutral(0.12)",False,Low Happy probability (0.653 < 0.7)
happy_cand_01020.png,happy,neutral,0.0945,0.6656,"neutral(0.67), angry(0.11)",False,Teacher predicted 'neutral' (0.666)
happy_cand_01021.png,happy,happy,0.7748,0.7748,"happy(0.77), disgust(0.07)",True,Accepted
happy_cand_01022.png,happy,neutral,0.0556,0.6437,"neutral(0.64), sad(0.13)",False,Teacher predicted 'neutral' (0.644)
happy_cand_01023.png,happy,happy,0.3405,0.3405,"happy(0.34), angry(0.33)",False,Low Happy probability (0.341 < 0.7)
happy_cand_01024.png,happy,happy,0.5944,0.5944,"happy(0.59), neutral(0.16)",False,Low Happy probability (0.594 < 0.7)
happy_cand_01025.png,happy,happy,0.5895,0.5895,"happy(0.59), neutral(0.25)",False,Low Happy probability (0.589 < 0.7)
happy_cand_01026.png,happy,happy,0.8427,0.8427,"happy(0.84), disgust(0.08)",True,Accepted
happy_cand_01027.png,happy,happy,0.8317,0.8317,"happy(0.83), disgust(0.07)",True,Accepted
happy_cand_01028.png,happy,fear,0.0763,0.3144,"fear(0.31), angry(0.24)",False,Teacher predicted 'fear' (0.314)
happy_cand_01029.png,happy,happy,0.479,0.479,"happy(0.48), neutral(0.20)",False,Low Happy probability (0.479 < 0.7)
happy_cand_01030.png,happy,happy,0.7155,0.7155,"happy(0.72), neutral(0.13)",True,Accepted
happy_cand_01031.png,happy,angry,0.1107,0.3314,"angry(0.33), sad(0.24)",False,Teacher predicted 'angry' (0.331)
happy_cand_01032.png,happy,neutral,0.1165,0.2969,"neutral(0.30), surprise(0.18)",False,Teacher predicted 'neutral' (0.297)
happy_cand_01033.png,happy,happy,0.4503,0.4503,"happy(0.45), neutral(0.25)",False,Low Happy probability (0.450 < 0.7)
happy_cand_01034.png,happy,happy,0.7924,0.7924,"happy(0.79), neutral(0.07)",True,Accepted
happy_cand_01035.png,happy,sad,0.0893,0.3913,"sad(0.39), neutral(0.17)",False,Teacher predicted 'sad' (0.391)
happy_cand_01036.png,happy,neutral,0.3499,0.4687,"neutral(0.47), happy(0.35)",False,Teacher predicted 'neutral' (0.469)
happy_cand_01037.png,happy,happy,0.6365,0.6365,"happy(0.64), neutral(0.17)",False,Low Happy probability (0.637 < 0.7)
happy_cand_01038.png,happy,neutral,0.302,0.503,"neutral(0.50), happy(0.30)",False,Teacher predicted 'neutral' (0.503)
happy_cand_01039.png,happy,neutral,0.0769,0.6475,"neutral(0.65), angry(0.09)",False,Teacher predicted 'neutral' (0.648)
happy_cand_01040.png,happy,happy,0.8727,0.8727,"happy(0.87), disgust(0.06)",True,Accepted
happy_cand_01041.png,happy,happy,0.6244,0.6244,"happy(0.62), disgust(0.19)",False,Low Happy probability (0.624 < 0.7)
happy_cand_01042.png,happy,happy,0.6325,0.6325,"happy(0.63), neutral(0.18)",False,Low Happy probability (0.633 < 0.7)
happy_cand_01043.png,happy,happy,0.7809,0.7809,"happy(0.78), neutral(0.07)",True,Accepted
happy_cand_01044.png,happy,happy,0.4477,0.4477,"happy(0.45), neutral(0.31)",False,Low Happy probability (0.448 < 0.7)
happy_cand_01045.png,happy,neutral,0.2339,0.3467,"neutral(0.35), happy(0.23)",False,Teacher predicted 'neutral' (0.347)
happy_cand_01046.png,happy,happy,0.4986,0.4986,"happy(0.50), angry(0.16)",False,Low Happy probability (0.499 < 0.7)
happy_cand_01047.png,happy,happy,0.3922,0.3922,"happy(0.39), surprise(0.24)",False,Low Happy probability (0.392 < 0.7)
happy_cand_01048.png,happy,happy,0.5977,0.5977,"happy(0.60), angry(0.24)",False,Low Happy probability (0.598 < 0.7)
happy_cand_01049.png,happy,happy,0.4278,0.4278,"happy(0.43), neutral(0.32)",False,Low Happy probability (0.428 < 0.7)
happy_cand_01050.png,happy,happy,0.6605,0.6605,"happy(0.66), angry(0.15)",False,Low Happy probability (0.660 < 0.7)
happy_cand_01051.png,happy,happy,0.5917,0.5917,"happy(0.59), angry(0.12)",False,Low Happy probability (0.592 < 0.7)
happy_cand_01052.png,happy,angry,0.1336,0.6398,"angry(0.64), disgust(0.14)",False,Teacher predicted 'angry' (0.640)
happy_cand_01053.png,happy,neutral,0.1807,0.4956,"neutral(0.50), happy(0.18)",False,Teacher predicted 'neutral' (0.496)
happy_cand_01054.png,happy,happy,0.7974,0.7974,"happy(0.80), disgust(0.06)",True,Accepted
happy_cand_01055.png,happy,happy,0.6097,0.6097,"happy(0.61), neutral(0.25)",False,Low Happy probability (0.610 < 0.7)
happy_cand_01056.png,happy,happy,0.7143,0.7143,"happy(0.71), neutral(0.11)",True,Accepted
happy_cand_01057.png,happy,happy,0.7289,0.7289,"happy(0.73), neutral(0.13)",True,Accepted
happy_cand_01058.png,happy,happy,0.8403,0.8403,"happy(0.84), disgust(0.07)",True,Accepted
happy_cand_01059.png,happy,happy,0.8288,0.8288,"happy(0.83), disgust(0.07)",True,Accepted
happy_cand_01060.png,happy,happy,0.7852,0.7852,"happy(0.79), surprise(0.08)",True,Accepted
happy_cand_01061.png,happy,happy,0.4637,0.4637,"happy(0.46), neutral(0.31)",False,Low Happy probability (0.464 < 0.7)
happy_cand_01062.png,happy,neutral,0.1693,0.6528,"neutral(0.65), happy(0.17)",False,Teacher predicted 'neutral' (0.653)
happy_cand_01063.png,happy,happy,0.6359,0.6359,"happy(0.64), neutral(0.14)",False,Low Happy probability (0.636 < 0.7)
happy_cand_01064.png,happy,neutral,0.361,0.4712,"neutral(0.47), happy(0.36)",False,Teacher predicted 'neutral' (0.471)
happy_cand_01065.png,happy,happy,0.2928,0.2928,"happy(0.29), angry(0.25)",False,Low Happy probability (0.293 < 0.7)
happy_cand_01066.png,happy,happy,0.5956,0.5956,"happy(0.60), disgust(0.16)",False,Low Happy probability (0.596 < 0.7)
happy_cand_01067.png,happy,happy,0.2912,0.2912,"happy(0.29), angry(0.23)",False,Low Happy probability (0.291 < 0.7)
happy_cand_01068.png,happy,happy,0.7026,0.7026,"happy(0.70), angry(0.17)",True,Accepted
happy_cand_01069.png,happy,happy,0.8606,0.8606,"happy(0.86), disgust(0.06)",True,Accepted
happy_cand_01070.png,happy,happy,0.6774,0.6774,"happy(0.68), neutral(0.08)",False,Low Happy probability (0.677 < 0.7)
happy_cand_01071.png,happy,happy,0.8541,0.8541,"happy(0.85), disgust(0.08)",True,Accepted
happy_cand_01072.png,happy,neutral,0.3923,0.47,"neutral(0.47), happy(0.39)",False,Teacher predicted 'neutral' (0.470)
happy_cand_01073.png,happy,happy,0.6707,0.6707,"happy(0.67), neutral(0.13)",False,Low Happy probability (0.671 < 0.7)
happy_cand_01074.png,happy,happy,0.656,0.656,"happy(0.66), neutral(0.12)",False,Low Happy probability (0.656 < 0.7)
happy_cand_01075.png,happy,happy,0.4874,0.4874,"happy(0.49), neutral(0.19)",False,Low Happy probability (0.487 < 0.7)
happy_cand_01076.png,happy,happy,0.7621,0.7621,"happy(0.76), disgust(0.06)",True,Accepted
happy_cand_01077.png,happy,happy,0.4255,0.4255,"happy(0.43), neutral(0.15)",False,Low Happy probability (0.425 < 0.7)
happy_cand_01078.png,happy,happy,0.6964,0.6964,"happy(0.70), neutral(0.10)",False,Low Happy probability (0.696 < 0.7)
happy_cand_01079.png,happy,happy,0.6278,0.6278,"happy(0.63), angry(0.14)",False,Low Happy probability (0.628 < 0.7)
happy_cand_01080.png,happy,happy,0.7793,0.7793,"happy(0.78), neutral(0.08)",True,Accepted
happy_cand_01081.png,happy,happy,0.7666,0.7666,"happy(0.77), neutral(0.10)",True,Accepted
happy_cand_01082.png,happy,happy,0.7468,0.7468,"happy(0.75), neutral(0.10)",True,Accepted
happy_cand_01083.png,happy,happy,0.7728,0.7728,"happy(0.77), disgust(0.08)",True,Accepted
happy_cand_01084.png,happy,neutral,0.1632,0.5722,"neutral(0.57), happy(0.16)",False,Teacher predicted 'neutral' (0.572)
happy_cand_01085.png,happy,happy,0.5026,0.5026,"happy(0.50), neutral(0.33)",False,Low Happy probability (0.503 < 0.7)
happy_cand_01086.png,happy,neutral,0.0449,0.4042,"neutral(0.40), sad(0.24)",False,Teacher predicted 'neutral' (0.404)
happy_cand_01087.png,happy,happy,0.6495,0.6495,"happy(0.65), disgust(0.12)",False,Low Happy probability (0.650 < 0.7)
happy_cand_01088.png,happy,neutral,0.1439,0.5394,"neutral(0.54), sad(0.15)",False,Teacher predicted 'neutral' (0.539)
happy_cand_01089.png,happy,happy,0.7789,0.7789,"happy(0.78), disgust(0.07)",True,Accepted
happy_cand_01090.png,happy,happy,0.8654,0.8654,"happy(0.87), disgust(0.06)",True,Accepted
happy_cand_01091.png,happy,happy,0.8197,0.8197,"happy(0.82), disgust(0.06)",True,Accepted
happy_cand_01092.png,happy,happy,0.7575,0.7575,"happy(0.76), disgust(0.08)",True,Accepted
happy_cand_01093.png,happy,neutral,0.1243,0.6058,"neutral(0.61), happy(0.12)",False,Teacher predicted 'neutral' (0.606)
happy_cand_01094.png,happy,surprise,0.0846,0.3082,"surprise(0.31), angry(0.22)",False,Teacher predicted 'surprise' (0.308)
happy_cand_01095.png,happy,happy,0.7547,0.7547,"happy(0.75), neutral(0.10)",True,Accepted
happy_cand_01096.png,happy,neutral,0.3667,0.4451,"neutral(0.45), happy(0.37)",False,Teacher predicted 'neutral' (0.445)
happy_cand_01097.png,happy,happy,0.8201,0.8201,"happy(0.82), disgust(0.07)",True,Accepted
happy_cand_01098.png,happy,happy,0.8549,0.8549,"happy(0.85), disgust(0.07)",True,Accepted
happy_cand_01099.png,happy,happy,0.384,0.384,"happy(0.38), neutral(0.34)",False,Low Happy probability (0.384 < 0.7)
happy_cand_01100.png,happy,sad,0.0722,0.3426,"sad(0.34), fear(0.28)",False,Teacher predicted 'sad' (0.343)
happy_cand_01101.png,happy,happy,0.6369,0.6369,"happy(0.64), neutral(0.12)",False,Low Happy probability (0.637 < 0.7)
happy_cand_01102.png,happy,neutral,0.1345,0.6458,"neutral(0.65), happy(0.13)",False,Teacher predicted 'neutral' (0.646)
happy_cand_01103.png,happy,angry,0.0867,0.4407,"angry(0.44), neutral(0.21)",False,Teacher predicted 'angry' (0.441)
happy_cand_01104.png,happy,happy,0.8797,0.8797,"happy(0.88), disgust(0.07)",True,Accepted
happy_cand_01105.png,happy,happy,0.6868,0.6868,"happy(0.69), neutral(0.14)",False,Low Happy probability (0.687 < 0.7)
happy_cand_01106.png,happy,happy,0.8034,0.8034,"happy(0.80), disgust(0.08)",True,Accepted
happy_cand_01107.png,happy,happy,0.4587,0.4587,"happy(0.46), neutral(0.41)",False,Low Happy probability (0.459 < 0.7)
happy_cand_01108.png,happy,happy,0.8354,0.8354,"happy(0.84), neutral(0.07)",True,Accepted
happy_cand_01109.png,happy,happy,0.6355,0.6355,"happy(0.64), neutral(0.16)",False,Low Happy probability (0.636 < 0.7)
happy_cand_01110.png,happy,angry,0.185,0.4462,"angry(0.45), neutral(0.19)",False,Teacher predicted 'angry' (0.446)
happy_cand_01111.png,happy,neutral,0.3334,0.4727,"neutral(0.47), happy(0.33)",False,Teacher predicted 'neutral' (0.473)
happy_cand_01112.png,happy,happy,0.5017,0.5017,"happy(0.50), neutral(0.34)",False,Low Happy probability (0.502 < 0.7)
happy_cand_01113.png,happy,happy,0.5867,0.5867,"happy(0.59), neutral(0.21)",False,Low Happy probability (0.587 < 0.7)
happy_cand_01114.png,happy,happy,0.7403,0.7403,"happy(0.74), neutral(0.12)",True,Accepted
happy_cand_01115.png,happy,happy,0.4329,0.4329,"happy(0.43), neutral(0.14)",False,Low Happy probability (0.433 < 0.7)
happy_cand_01116.png,happy,sad,0.0376,0.5428,"sad(0.54), fear(0.20)",False,Teacher predicted 'sad' (0.543)
happy_cand_01117.png,happy,neutral,0.208,0.3252,"neutral(0.33), angry(0.26)",False,Teacher predicted 'neutral' (0.325)
happy_cand_01118.png,happy,neutral,0.2301,0.4649,"neutral(0.46), happy(0.23)",False,Teacher predicted 'neutral' (0.465)
happy_cand_01119.png,happy,neutral,0.2005,0.5596,"neutral(0.56), happy(0.20)",False,Teacher predicted 'neutral' (0.560)
happy_cand_01120.png,happy,angry,0.1091,0.3983,"angry(0.40), sad(0.24)",False,Teacher predicted 'angry' (0.398)
happy_cand_01121.png,happy,happy,0.7146,0.7146,"happy(0.71), neutral(0.11)",True,Accepted
happy_cand_01122.png,happy,neutral,0.0452,0.6623,"neutral(0.66), angry(0.12)",False,Teacher predicted 'neutral' (0.662)
happy_cand_01123.png,happy,neutral,0.2138,0.2835,"neutral(0.28), happy(0.21)",False,Teacher predicted 'neutral' (0.283)
happy_cand_01124.png,happy,happy,0.8285,0.8285,"happy(0.83), disgust(0.07)",True,Accepted
happy_cand_01125.png,happy,happy,0.8314,0.8314,"happy(0.83), disgust(0.09)",True,Accepted
happy_cand_01126.png,happy,neutral,0.0799,0.6987,"neutral(0.70), angry(0.09)",False,Teacher predicted 'neutral' (0.699)
happy_cand_01127.png,happy,happy,0.8174,0.8174,"happy(0.82), disgust(0.07)",True,Accepted
happy_cand_01128.png,happy,neutral,0.0579,0.4754,"neutral(0.48), angry(0.23)",False,Teacher predicted 'neutral' (0.475)
happy_cand_01129.png,happy,happy,0.8544,0.8544,"happy(0.85), disgust(0.07)",True,Accepted
happy_cand_01130.png,happy,happy,0.7841,0.7841,"happy(0.78), disgust(0.08)",True,Accepted
happy_cand_01131.png,happy,happy,0.6534,0.6534,"happy(0.65), neutral(0.12)",False,Low Happy probability (0.653 < 0.7)
happy_cand_01132.png,happy,happy,0.7789,0.7789,"happy(0.78), disgust(0.08)",True,Accepted
happy_cand_01133.png,happy,happy,0.7954,0.7954,"happy(0.80), disgust(0.07)",True,Accepted
happy_cand_01134.png,happy,happy,0.6799,0.6799,"happy(0.68), neutral(0.17)",False,Low Happy probability (0.680 < 0.7)
happy_cand_01135.png,happy,happy,0.3062,0.3062,"happy(0.31), neutral(0.28)",False,Low Happy probability (0.306 < 0.7)
happy_cand_01136.png,happy,happy,0.7462,0.7462,"happy(0.75), disgust(0.07)",True,Accepted
happy_cand_01137.png,happy,happy,0.8035,0.8035,"happy(0.80), neutral(0.07)",True,Accepted
happy_cand_01138.png,happy,happy,0.6376,0.6376,"happy(0.64), neutral(0.16)",False,Low Happy probability (0.638 < 0.7)
happy_cand_01140.png,happy,neutral,0.1726,0.2718,"neutral(0.27), sad(0.27)",False,Teacher predicted 'neutral' (0.272)
happy_cand_01141.png,happy,happy,0.8087,0.8087,"happy(0.81), disgust(0.07)",True,Accepted
happy_cand_01142.png,happy,neutral,0.2502,0.5278,"neutral(0.53), happy(0.25)",False,Teacher predicted 'neutral' (0.528)
happy_cand_01143.png,happy,neutral,0.1975,0.6204,"neutral(0.62), happy(0.20)",False,Teacher predicted 'neutral' (0.620)
happy_cand_01144.png,happy,happy,0.4553,0.4553,"happy(0.46), neutral(0.30)",False,Low Happy probability (0.455 < 0.7)
happy_cand_01145.png,happy,happy,0.811,0.811,"happy(0.81), disgust(0.08)",True,Accepted
happy_cand_01146.png,happy,happy,0.4529,0.4529,"happy(0.45), neutral(0.32)",False,Low Happy probability (0.453 < 0.7)
happy_cand_01147.png,happy,neutral,0.0812,0.6994,"neutral(0.70), happy(0.08)",False,Teacher predicted 'neutral' (0.699)
happy_cand_01148.png,happy,happy,0.6838,0.6838,"happy(0.68), neutral(0.09)",False,Low Happy probability (0.684 < 0.7)
happy_cand_01149.png,happy,neutral,0.2124,0.6686,"neutral(0.67), happy(0.21)",False,Teacher predicted 'neutral' (0.669)
happy_cand_01150.png,happy,happy,0.6834,0.6834,"happy(0.68), disgust(0.15)",False,Low Happy probability (0.683 < 0.7)
happy_cand_01151.png,happy,happy,0.5266,0.5266,"happy(0.53), neutral(0.33)",False,Low Happy probability (0.527 < 0.7)
happy_cand_01152.png,happy,neutral,0.2951,0.4649,"neutral(0.46), happy(0.30)",False,Teacher predicted 'neutral' (0.465)
happy_cand_01153.png,happy,happy,0.7695,0.7695,"happy(0.77), disgust(0.08)",True,Accepted
happy_cand_01154.png,happy,neutral,0.1687,0.548,"neutral(0.55), happy(0.17)",False,Teacher predicted 'neutral' (0.548)
happy_cand_01155.png,happy,happy,0.4111,0.4111,"happy(0.41), neutral(0.26)",False,Low Happy probability (0.411 < 0.7)
happy_cand_01156.png,happy,neutral,0.0747,0.5021,"neutral(0.50), angry(0.23)",False,Teacher predicted 'neutral' (0.502)
happy_cand_01157.png,happy,happy,0.7309,0.7309,"happy(0.73), disgust(0.10)",True,Accepted
happy_cand_01158.png,happy,happy,0.8088,0.8088,"happy(0.81), disgust(0.07)",True,Accepted
happy_cand_01159.png,happy,neutral,0.1688,0.3699,"neutral(0.37), angry(0.24)",False,Teacher predicted 'neutral' (0.370)
happy_cand_01160.png,happy,happy,0.7056,0.7056,"happy(0.71), neutral(0.13)",True,Accepted
happy_cand_01161.png,happy,neutral,0.197,0.3977,"neutral(0.40), happy(0.20)",False,Teacher predicted 'neutral' (0.398)
happy_cand_01162.png,happy,happy,0.5591,0.5591,"happy(0.56), sad(0.13)",False,Low Happy probability (0.559 < 0.7)
happy_cand_01163.png,happy,neutral,0.3196,0.4376,"neutral(0.44), happy(0.32)",False,Teacher predicted 'neutral' (0.438)
happy_cand_01164.png,happy,happy,0.7706,0.7706,"happy(0.77), neutral(0.07)",True,Accepted
happy_cand_01165.png,happy,neutral,0.0422,0.7079,"neutral(0.71), sad(0.07)",False,Teacher predicted 'neutral' (0.708)
happy_cand_01166.png,happy,happy,0.8452,0.8452,"happy(0.85), disgust(0.07)",True,Accepted
happy_cand_01167.png,happy,happy,0.4217,0.4217,"happy(0.42), neutral(0.31)",False,Low Happy probability (0.422 < 0.7)
happy_cand_01168.png,happy,neutral,0.0585,0.7591,"neutral(0.76), happy(0.06)",False,Teacher predicted 'neutral' (0.759)
happy_cand_01169.png,happy,sad,0.0551,0.3633,"sad(0.36), fear(0.19)",False,Teacher predicted 'sad' (0.363)
happy_cand_01170.png,happy,happy,0.8743,0.8743,"happy(0.87), disgust(0.07)",True,Accepted
happy_cand_01171.png,happy,happy,0.3638,0.3638,"happy(0.36), surprise(0.36)",False,Low Happy probability (0.364 < 0.7)
happy_cand_01172.png,happy,neutral,0.0368,0.638,"neutral(0.64), angry(0.14)",False,Teacher predicted 'neutral' (0.638)
happy_cand_01173.png,happy,happy,0.8369,0.8369,"happy(0.84), disgust(0.07)",True,Accepted
happy_cand_01174.png,happy,happy,0.4693,0.4693,"happy(0.47), neutral(0.23)",False,Low Happy probability (0.469 < 0.7)
happy_cand_01175.png,happy,happy,0.403,0.403,"happy(0.40), angry(0.20)",False,Low Happy probability (0.403 < 0.7)
happy_cand_01176.png,happy,sad,0.0115,0.6723,"sad(0.67), fear(0.13)",False,Teacher predicted 'sad' (0.672)
happy_cand_01177.png,happy,happy,0.782,0.782,"happy(0.78), disgust(0.07)",True,Accepted
happy_cand_01178.png,happy,happy,0.6851,0.6851,"happy(0.69), neutral(0.09)",False,Low Happy probability (0.685 < 0.7)
happy_cand_01179.png,happy,happy,0.8093,0.8093,"happy(0.81), disgust(0.09)",True,Accepted
happy_cand_01180.png,happy,happy,0.823,0.823,"happy(0.82), disgust(0.08)",True,Accepted
happy_cand_01181.png,happy,happy,0.734,0.734,"happy(0.73), neutral(0.13)",True,Accepted
happy_cand_01182.png,happy,neutral,0.3233,0.4492,"neutral(0.45), happy(0.32)",False,Teacher predicted 'neutral' (0.449)
happy_cand_01183.png,happy,neutral,0.0514,0.2961,"neutral(0.30), fear(0.26)",False,Teacher predicted 'neutral' (0.296)
happy_cand_01184.png,happy,happy,0.6153,0.6153,"happy(0.62), neutral(0.19)",False,Low Happy probability (0.615 < 0.7)
happy_cand_01185.png,happy,happy,0.8604,0.8604,"happy(0.86), disgust(0.06)",True,Accepted
happy_cand_01186.png,happy,happy,0.7937,0.7937,"happy(0.79), disgust(0.09)",True,Accepted
happy_cand_01187.png,happy,happy,0.6524,0.6524,"happy(0.65), neutral(0.13)",False,Low Happy probability (0.652 < 0.7)
happy_cand_01188.png,happy,happy,0.7563,0.7563,"happy(0.76), disgust(0.08)",True,Accepted
happy_cand_01189.png,happy,happy,0.3087,0.3087,"happy(0.31), neutral(0.29)",False,Low Happy probability (0.309 < 0.7)
happy_cand_01190.png,happy,happy,0.8308,0.8308,"happy(0.83), disgust(0.07)",True,Accepted
happy_cand_01191.png,happy,sad,0.0161,0.5689,"sad(0.57), neutral(0.17)",False,Teacher predicted 'sad' (0.569)
happy_cand_01192.png,happy,happy,0.7506,0.7506,"happy(0.75), neutral(0.08)",True,Accepted
happy_cand_01193.png,happy,happy,0.6133,0.6133,"happy(0.61), neutral(0.10)",False,Low Happy probability (0.613 < 0.7)
happy_cand_01194.png,happy,angry,0.1058,0.624,"angry(0.62), neutral(0.14)",False,Teacher predicted 'angry' (0.624)
happy_cand_01195.png,happy,happy,0.7981,0.7981,"happy(0.80), disgust(0.07)",True,Accepted
happy_cand_01196.png,happy,happy,0.7918,0.7918,"happy(0.79), disgust(0.07)",True,Accepted
happy_cand_01197.png,happy,happy,0.7573,0.7573,"happy(0.76), neutral(0.09)",True,Accepted
happy_cand_01198.png,happy,happy,0.7846,0.7846,"happy(0.78), disgust(0.10)",True,Accepted
happy_cand_01199.png,happy,happy,0.7121,0.7121,"happy(0.71), disgust(0.08)",True,Accepted
happy_cand_01200.png,happy,happy,0.8123,0.8123,"happy(0.81), disgust(0.07)",True,Accepted
happy_cand_01201.png,happy,happy,0.6332,0.6332,"happy(0.63), neutral(0.17)",False,Low Happy probability (0.633 < 0.7)
happy_cand_01202.png,happy,happy,0.3898,0.3898,"happy(0.39), neutral(0.24)",False,Low Happy probability (0.390 < 0.7)
happy_cand_01203.png,happy,neutral,0.368,0.3717,"neutral(0.37), happy(0.37)",False,Teacher predicted 'neutral' (0.372)
happy_cand_01204.png,happy,angry,0.2783,0.3763,"angry(0.38), happy(0.28)",False,Teacher predicted 'angry' (0.376)
happy_cand_01205.png,happy,happy,0.3759,0.3759,"happy(0.38), angry(0.27)",False,Low Happy probability (0.376 < 0.7)
happy_cand_01206.png,happy,happy,0.5463,0.5463,"happy(0.55), neutral(0.14)",False,Low Happy probability (0.546 < 0.7)
happy_cand_01207.png,happy,happy,0.6867,0.6867,"happy(0.69), neutral(0.11)",False,Low Happy probability (0.687 < 0.7)
happy_cand_01208.png,happy,happy,0.6944,0.6944,"happy(0.69), angry(0.08)",False,Low Happy probability (0.694 < 0.7)
happy_cand_01209.png,happy,happy,0.7795,0.7795,"happy(0.78), disgust(0.08)",True,Accepted
happy_cand_01210.png,happy,happy,0.6492,0.6492,"happy(0.65), disgust(0.19)",False,Low Happy probability (0.649 < 0.7)
happy_cand_01211.png,happy,happy,0.7661,0.7661,"happy(0.77), neutral(0.09)",True,Accepted
happy_cand_01212.png,happy,neutral,0.2528,0.4124,"neutral(0.41), happy(0.25)",False,Teacher predicted 'neutral' (0.412)
happy_cand_01213.png,happy,happy,0.552,0.552,"happy(0.55), neutral(0.29)",False,Low Happy probability (0.552 < 0.7)
happy_cand_01214.png,happy,happy,0.6517,0.6517,"happy(0.65), neutral(0.10)",False,Low Happy probability (0.652 < 0.7)
happy_cand_01215.png,happy,neutral,0.1625,0.3288,"neutral(0.33), sad(0.20)",False,Teacher predicted 'neutral' (0.329)
happy_cand_01216.png,happy,happy,0.4856,0.4856,"happy(0.49), neutral(0.39)",False,Low Happy probability (0.486 < 0.7)
happy_cand_01217.png,happy,happy,0.6341,0.6341,"happy(0.63), neutral(0.11)",False,Low Happy probability (0.634 < 0.7)
happy_cand_01218.png,happy,happy,0.707,0.707,"happy(0.71), neutral(0.13)",True,Accepted
happy_cand_01219.png,happy,sad,0.2447,0.2748,"sad(0.27), neutral(0.25)",False,Teacher predicted 'sad' (0.275)
happy_cand_01220.png,happy,happy,0.7767,0.7767,"happy(0.78), disgust(0.12)",True,Accepted
happy_cand_01221.png,happy,happy,0.7625,0.7625,"happy(0.76), disgust(0.09)",True,Accepted
happy_cand_01222.png,happy,happy,0.5507,0.5507,"happy(0.55), neutral(0.30)",False,Low Happy probability (0.551 < 0.7)
happy_cand_01223.png,happy,happy,0.504,0.504,"happy(0.50), sad(0.14)",False,Low Happy probability (0.504 < 0.7)
happy_cand_01224.png,happy,happy,0.8034,0.8034,"happy(0.80), disgust(0.08)",True,Accepted
happy_cand_01225.png,happy,happy,0.6889,0.6889,"happy(0.69), disgust(0.11)",False,Low Happy probability (0.689 < 0.7)
happy_cand_01226.png,happy,happy,0.6562,0.6562,"happy(0.66), disgust(0.11)",False,Low Happy probability (0.656 < 0.7)
happy_cand_01227.png,happy,neutral,0.0924,0.6456,"neutral(0.65), happy(0.09)",False,Teacher predicted 'neutral' (0.646)
happy_cand_01228.png,happy,happy,0.6332,0.6332,"happy(0.63), neutral(0.14)",False,Low Happy probability (0.633 < 0.7)
happy_cand_01229.png,happy,happy,0.8231,0.8231,"happy(0.82), disgust(0.07)",True,Accepted
happy_cand_01230.png,happy,happy,0.8202,0.8202,"happy(0.82), disgust(0.07)",True,Accepted
happy_cand_01231.png,happy,neutral,0.0687,0.714,"neutral(0.71), happy(0.07)",False,Teacher predicted 'neutral' (0.714)
happy_cand_01232.png,happy,angry,0.2428,0.3548,"angry(0.35), happy(0.24)",False,Teacher predicted 'angry' (0.355)
happy_cand_01233.png,happy,happy,0.4812,0.4812,"happy(0.48), disgust(0.19)",False,Low Happy probability (0.481 < 0.7)
happy_cand_01234.png,happy,happy,0.465,0.465,"happy(0.47), neutral(0.22)",False,Low Happy probability (0.465 < 0.7)
happy_cand_01235.png,happy,neutral,0.1603,0.3986,"neutral(0.40), happy(0.16)",False,Teacher predicted 'neutral' (0.399)
happy_cand_01236.png,happy,happy,0.8573,0.8573,"happy(0.86), disgust(0.08)",True,Accepted
happy_cand_01237.png,happy,happy,0.699,0.699,"happy(0.70), neutral(0.16)",False,Low Happy probability (0.699 < 0.7)
happy_cand_01238.png,happy,happy,0.5816,0.5816,"happy(0.58), neutral(0.27)",False,Low Happy probability (0.582 < 0.7)
happy_cand_01239.png,happy,happy,0.4339,0.4339,"happy(0.43), neutral(0.27)",False,Low Happy probability (0.434 < 0.7)
happy_cand_01240.png,happy,neutral,0.2251,0.621,"neutral(0.62), happy(0.23)",False,Teacher predicted 'neutral' (0.621)
happy_cand_01242.png,happy,happy,0.8636,0.8636,"happy(0.86), disgust(0.07)",True,Accepted
happy_cand_01243.png,happy,happy,0.6648,0.6648,"happy(0.66), neutral(0.13)",False,Low Happy probability (0.665 < 0.7)
happy_cand_01244.png,happy,happy,0.7458,0.7458,"happy(0.75), neutral(0.09)",True,Accepted
happy_cand_01245.png,happy,neutral,0.045,0.7333,"neutral(0.73), sad(0.08)",False,Teacher predicted 'neutral' (0.733)
happy_cand_01246.png,happy,neutral,0.2737,0.303,"neutral(0.30), happy(0.27)",False,Teacher predicted 'neutral' (0.303)
happy_cand_01247.png,happy,neutral,0.0569,0.3479,"neutral(0.35), angry(0.32)",False,Teacher predicted 'neutral' (0.348)
happy_cand_01248.png,happy,happy,0.7173,0.7173,"happy(0.72), disgust(0.11)",True,Accepted
happy_cand_01249.png,happy,neutral,0.1696,0.611,"neutral(0.61), happy(0.17)",False,Teacher predicted 'neutral' (0.611)
happy_cand_01250.png,happy,happy,0.7375,0.7375,"happy(0.74), neutral(0.11)",True,Accepted
happy_cand_01251.png,happy,neutral,0.3409,0.3626,"neutral(0.36), happy(0.34)",False,Teacher predicted 'neutral' (0.363)
happy_cand_01252.png,happy,neutral,0.314,0.4255,"neutral(0.43), happy(0.31)",False,Teacher predicted 'neutral' (0.426)
happy_cand_01253.png,happy,happy,0.7799,0.7799,"happy(0.78), disgust(0.13)",True,Accepted
happy_cand_01254.png,happy,neutral,0.2489,0.5552,"neutral(0.56), happy(0.25)",False,Teacher predicted 'neutral' (0.555)
happy_cand_01255.png,happy,happy,0.7434,0.7434,"happy(0.74), neutral(0.11)",True,Accepted
happy_cand_01256.png,happy,happy,0.4579,0.4579,"happy(0.46), neutral(0.34)",False,Low Happy probability (0.458 < 0.7)
happy_cand_01257.png,happy,happy,0.755,0.755,"happy(0.76), disgust(0.14)",True,Accepted
happy_cand_01258.png,happy,happy,0.3179,0.3179,"happy(0.32), neutral(0.26)",False,Low Happy probability (0.318 < 0.7)
happy_cand_01259.png,happy,happy,0.7541,0.7541,"happy(0.75), disgust(0.09)",True,Accepted
happy_cand_01260.png,happy,happy,0.6818,0.6818,"happy(0.68), neutral(0.14)",False,Low Happy probability (0.682 < 0.7)
happy_cand_01261.png,happy,happy,0.438,0.438,"happy(0.44), neutral(0.25)",False,Low Happy probability (0.438 < 0.7)
happy_cand_01262.png,happy,happy,0.8037,0.8037,"happy(0.80), disgust(0.07)",True,Accepted
happy_cand_01263.png,happy,neutral,0.0725,0.4531,"neutral(0.45), sad(0.26)",False,Teacher predicted 'neutral' (0.453)
happy_cand_01264.png,happy,happy,0.7323,0.7323,"happy(0.73), neutral(0.12)",True,Accepted
happy_cand_01265.png,happy,neutral,0.3334,0.4,"neutral(0.40), happy(0.33)",False,Teacher predicted 'neutral' (0.400)
happy_cand_01266.png,happy,neutral,0.1192,0.6387,"neutral(0.64), happy(0.12)",False,Teacher predicted 'neutral' (0.639)
happy_cand_01267.png,happy,angry,0.1136,0.3026,"angry(0.30), sad(0.18)",False,Teacher predicted 'angry' (0.303)
happy_cand_01268.png,happy,happy,0.6734,0.6734,"happy(0.67), neutral(0.15)",False,Low Happy probability (0.673 < 0.7)
happy_cand_01269.png,happy,happy,0.6389,0.6389,"happy(0.64), angry(0.26)",False,Low Happy probability (0.639 < 0.7)
happy_cand_01270.png,happy,happy,0.8006,0.8006,"happy(0.80), disgust(0.08)",True,Accepted
happy_cand_01271.png,happy,angry,0.088,0.3388,"angry(0.34), sad(0.25)",False,Teacher predicted 'angry' (0.339)
happy_cand_01272.png,happy,happy,0.2809,0.2809,"happy(0.28), neutral(0.26)",False,Low Happy probability (0.281 < 0.7)
happy_cand_01273.png,happy,happy,0.6416,0.6416,"happy(0.64), angry(0.13)",False,Low Happy probability (0.642 < 0.7)
happy_cand_01274.png,happy,happy,0.7789,0.7789,"happy(0.78), disgust(0.09)",True,Accepted
happy_cand_01275.png,happy,angry,0.1549,0.3525,"angry(0.35), neutral(0.32)",False,Teacher predicted 'angry' (0.353)
happy_cand_01276.png,happy,neutral,0.2127,0.5431,"neutral(0.54), happy(0.21)",False,Teacher predicted 'neutral' (0.543)
happy_cand_01277.png,happy,neutral,0.3671,0.4847,"neutral(0.48), happy(0.37)",False,Teacher predicted 'neutral' (0.485)
happy_cand_01278.png,happy,neutral,0.1043,0.7549,"neutral(0.75), happy(0.10)",False,Teacher predicted 'neutral' (0.755)
happy_cand_01279.png,happy,happy,0.6945,0.6945,"happy(0.69), angry(0.09)",False,Low Happy probability (0.695 < 0.7)
happy_cand_01280.png,happy,happy,0.3842,0.3842,"happy(0.38), angry(0.21)",False,Low Happy probability (0.384 < 0.7)
happy_cand_01281.png,happy,neutral,0.3258,0.5532,"neutral(0.55), happy(0.33)",False,Teacher predicted 'neutral' (0.553)
happy_cand_01282.png,happy,happy,0.3856,0.3856,"happy(0.39), neutral(0.30)",False,Low Happy probability (0.386 < 0.7)
happy_cand_01283.png,happy,neutral,0.2204,0.6973,"neutral(0.70), happy(0.22)",False,Teacher predicted 'neutral' (0.697)
happy_cand_01284.png,happy,neutral,0.3203,0.4808,"neutral(0.48), happy(0.32)",False,Teacher predicted 'neutral' (0.481)
happy_cand_01285.png,happy,happy,0.6947,0.6947,"happy(0.69), neutral(0.18)",False,Low Happy probability (0.695 < 0.7)
happy_cand_01286.png,happy,happy,0.4618,0.4618,"happy(0.46), neutral(0.24)",False,Low Happy probability (0.462 < 0.7)
happy_cand_01287.png,happy,neutral,0.1854,0.5929,"neutral(0.59), happy(0.19)",False,Teacher predicted 'neutral' (0.593)
happy_cand_01288.png,happy,happy,0.7747,0.7747,"happy(0.77), neutral(0.11)",True,Accepted
happy_cand_01289.png,happy,happy,0.5449,0.5449,"happy(0.54), angry(0.21)",False,Low Happy probability (0.545 < 0.7)
happy_cand_01290.png,happy,happy,0.4089,0.4089,"happy(0.41), neutral(0.28)",False,Low Happy probability (0.409 < 0.7)
happy_cand_01292.png,happy,angry,0.1554,0.5481,"angry(0.55), happy(0.16)",False,Teacher predicted 'angry' (0.548)
happy_cand_01293.png,happy,fear,0.0661,0.3758,"fear(0.38), angry(0.15)",False,Teacher predicted 'fear' (0.376)
happy_cand_01294.png,happy,happy,0.7613,0.7613,"happy(0.76), neutral(0.09)",True,Accepted
happy_cand_01295.png,happy,happy,0.7551,0.7551,"happy(0.76), disgust(0.08)",True,Accepted
happy_cand_01296.png,happy,happy,0.722,0.722,"happy(0.72), neutral(0.12)",True,Accepted
happy_cand_01297.png,happy,happy,0.6976,0.6976,"happy(0.70), neutral(0.12)",False,Low Happy probability (0.698 < 0.7)
happy_cand_01298.png,happy,happy,0.7824,0.7824,"happy(0.78), disgust(0.08)",True,Accepted
happy_cand_01299.png,happy,neutral,0.2917,0.471,"neutral(0.47), happy(0.29)",False,Teacher predicted 'neutral' (0.471)
happy_cand_01300.png,happy,neutral,0.0542,0.6658,"neutral(0.67), angry(0.10)",False,Teacher predicted 'neutral' (0.666)
happy_cand_01301.png,happy,happy,0.5411,0.5411,"happy(0.54), neutral(0.24)",False,Low Happy probability (0.541 < 0.7)
happy_cand_01302.png,happy,happy,0.7845,0.7845,"happy(0.78), neutral(0.11)",True,Accepted
happy_cand_01303.png,happy,neutral,0.2828,0.3099,"neutral(0.31), happy(0.28)",False,Teacher predicted 'neutral' (0.310)
happy_cand_01304.png,happy,happy,0.8248,0.8248,"happy(0.82), disgust(0.08)",True,Accepted
happy_cand_01305.png,happy,neutral,0.0881,0.7427,"neutral(0.74), happy(0.09)",False,Teacher predicted 'neutral' (0.743)
happy_cand_01306.png,happy,happy,0.6268,0.6268,"happy(0.63), neutral(0.21)",False,Low Happy probability (0.627 < 0.7)
happy_cand_01307.png,happy,happy,0.4793,0.4793,"happy(0.48), neutral(0.34)",False,Low Happy probability (0.479 < 0.7)
happy_cand_01308.png,happy,happy,0.7842,0.7842,"happy(0.78), disgust(0.08)",True,Accepted
happy_cand_01309.png,happy,happy,0.851,0.851,"happy(0.85), disgust(0.08)",True,Accepted
happy_cand_01310.png,happy,neutral,0.063,0.5946,"neutral(0.59), sad(0.14)",False,Teacher predicted 'neutral' (0.595)
happy_cand_01311.png,happy,neutral,0.2212,0.4838,"neutral(0.48), happy(0.22)",False,Teacher predicted 'neutral' (0.484)
happy_cand_01312.png,happy,neutral,0.0879,0.5651,"neutral(0.57), angry(0.12)",False,Teacher predicted 'neutral' (0.565)
happy_cand_01313.png,happy,happy,0.8259,0.8259,"happy(0.83), disgust(0.07)",True,Accepted
happy_cand_01314.png,happy,happy,0.6963,0.6963,"happy(0.70), neutral(0.11)",False,Low Happy probability (0.696 < 0.7)
happy_cand_01315.png,happy,happy,0.4267,0.4267,"happy(0.43), neutral(0.31)",False,Low Happy probability (0.427 < 0.7)
happy_cand_01316.png,happy,happy,0.8677,0.8677,"happy(0.87), disgust(0.08)",True,Accepted
happy_cand_01317.png,happy,sad,0.0127,0.2897,"sad(0.29), angry(0.23)",False,Teacher predicted 'sad' (0.290)
happy_cand_01318.png,happy,happy,0.4567,0.4567,"happy(0.46), neutral(0.33)",False,Low Happy probability (0.457 < 0.7)
happy_cand_01319.png,happy,happy,0.8105,0.8105,"happy(0.81), disgust(0.07)",True,Accepted
happy_cand_01320.png,happy,neutral,0.1074,0.5314,"neutral(0.53), angry(0.20)",False,Teacher predicted 'neutral' (0.531)
happy_cand_01321.png,happy,happy,0.5373,0.5373,"happy(0.54), neutral(0.27)",False,Low Happy probability (0.537 < 0.7)
happy_cand_01322.png,happy,neutral,0.2566,0.3782,"neutral(0.38), happy(0.26)",False,Teacher predicted 'neutral' (0.378)
happy_cand_01323.png,happy,happy,0.4088,0.4088,"happy(0.41), neutral(0.26)",False,Low Happy probability (0.409 < 0.7)
happy_cand_01324.png,happy,happy,0.4984,0.4984,"happy(0.50), neutral(0.26)",False,Low Happy probability (0.498 < 0.7)
happy_cand_01325.png,happy,happy,0.6887,0.6887,"happy(0.69), neutral(0.14)",False,Low Happy probability (0.689 < 0.7)
happy_cand_01326.png,happy,happy,0.3979,0.3979,"happy(0.40), neutral(0.37)",False,Low Happy probability (0.398 < 0.7)
happy_cand_01327.png,happy,happy,0.8071,0.8071,"happy(0.81), disgust(0.08)",True,Accepted
happy_cand_01328.png,happy,happy,0.726,0.726,"happy(0.73), surprise(0.08)",True,Accepted
happy_cand_01329.png,happy,happy,0.323,0.323,"happy(0.32), angry(0.29)",False,Low Happy probability (0.323 < 0.7)
happy_cand_01330.png,happy,happy,0.5058,0.5058,"happy(0.51), neutral(0.29)",False,Low Happy probability (0.506 < 0.7)
happy_cand_01331.png,happy,happy,0.3542,0.3542,"happy(0.35), neutral(0.34)",False,Low Happy probability (0.354 < 0.7)
happy_cand_01332.png,happy,neutral,0.2984,0.3857,"neutral(0.39), happy(0.30)",False,Teacher predicted 'neutral' (0.386)
happy_cand_01333.png,happy,neutral,0.0723,0.6892,"neutral(0.69), sad(0.09)",False,Teacher predicted 'neutral' (0.689)
happy_cand_01334.png,happy,neutral,0.3514,0.4815,"neutral(0.48), happy(0.35)",False,Teacher predicted 'neutral' (0.481)
happy_cand_01335.png,happy,happy,0.4941,0.4941,"happy(0.49), neutral(0.29)",False,Low Happy probability (0.494 < 0.7)
happy_cand_01336.png,happy,neutral,0.0438,0.6428,"neutral(0.64), angry(0.10)",False,Teacher predicted 'neutral' (0.643)
happy_cand_01337.png,happy,neutral,0.0968,0.4142,"neutral(0.41), sad(0.15)",False,Teacher predicted 'neutral' (0.414)
happy_cand_01338.png,happy,happy,0.4404,0.4404,"happy(0.44), neutral(0.40)",False,Low Happy probability (0.440 < 0.7)
happy_cand_01339.png,happy,happy,0.7708,0.7708,"happy(0.77), neutral(0.14)",True,Accepted
happy_cand_01340.png,happy,neutral,0.105,0.5883,"neutral(0.59), happy(0.10)",False,Teacher predicted 'neutral' (0.588)
happy_cand_01341.png,happy,neutral,0.1588,0.6333,"neutral(0.63), happy(0.16)",False,Teacher predicted 'neutral' (0.633)
happy_cand_01342.png,happy,happy,0.526,0.526,"happy(0.53), neutral(0.12)",False,Low Happy probability (0.526 < 0.7)
happy_cand_01343.png,happy,neutral,0.118,0.7257,"neutral(0.73), happy(0.12)",False,Teacher predicted 'neutral' (0.726)
happy_cand_01344.png,happy,happy,0.7152,0.7152,"happy(0.72), neutral(0.11)",True,Accepted
happy_cand_01345.png,happy,neutral,0.2365,0.4336,"neutral(0.43), happy(0.24)",False,Teacher predicted 'neutral' (0.434)
happy_cand_01346.png,happy,happy,0.7368,0.7368,"happy(0.74), neutral(0.12)",True,Accepted
happy_cand_01347.png,happy,happy,0.6112,0.6112,"happy(0.61), neutral(0.21)",False,Low Happy probability (0.611 < 0.7)
happy_cand_01348.png,happy,happy,0.8029,0.8029,"happy(0.80), disgust(0.09)",True,Accepted
happy_cand_01349.png,happy,neutral,0.3163,0.4121,"neutral(0.41), happy(0.32)",False,Teacher predicted 'neutral' (0.412)
happy_cand_01350.png,happy,sad,0.0377,0.3582,"sad(0.36), neutral(0.34)",False,Teacher predicted 'sad' (0.358)
happy_cand_01351.png,happy,happy,0.5497,0.5497,"happy(0.55), neutral(0.17)",False,Low Happy probability (0.550 < 0.7)
happy_cand_01352.png,happy,happy,0.365,0.365,"happy(0.36), neutral(0.33)",False,Low Happy probability (0.365 < 0.7)
happy_cand_01353.png,happy,happy,0.7297,0.7297,"happy(0.73), disgust(0.12)",True,Accepted
happy_cand_01354.png,happy,happy,0.562,0.562,"happy(0.56), neutral(0.13)",False,Low Happy probability (0.562 < 0.7)
happy_cand_01355.png,happy,happy,0.3583,0.3583,"happy(0.36), disgust(0.33)",False,Low Happy probability (0.358 < 0.7)
happy_cand_01356.png,happy,happy,0.6745,0.6745,"happy(0.67), disgust(0.11)",False,Low Happy probability (0.675 < 0.7)
happy_cand_01357.png,happy,happy,0.7652,0.7652,"happy(0.77), neutral(0.07)",True,Accepted
happy_cand_01358.png,happy,happy,0.7213,0.7213,"happy(0.72), neutral(0.15)",True,Accepted
happy_cand_01359.png,happy,neutral,0.1661,0.5742,"neutral(0.57), happy(0.17)",False,Teacher predicted 'neutral' (0.574)
happy_cand_01360.png,happy,happy,0.6055,0.6055,"happy(0.61), neutral(0.18)",False,Low Happy probability (0.606 < 0.7)
happy_cand_01361.png,happy,neutral,0.1263,0.6368,"neutral(0.64), happy(0.13)",False,Teacher predicted 'neutral' (0.637)
happy_cand_01362.png,happy,sad,0.1253,0.2512,"sad(0.25), neutral(0.25)",False,Teacher predicted 'sad' (0.251)
happy_cand_01363.png,happy,neutral,0.0767,0.6768,"neutral(0.68), angry(0.11)",False,Teacher predicted 'neutral' (0.677)
happy_cand_01364.png,happy,neutral,0.1098,0.681,"neutral(0.68), happy(0.11)",False,Teacher predicted 'neutral' (0.681)
happy_cand_01365.png,happy,happy,0.6894,0.6894,"happy(0.69), disgust(0.08)",False,Low Happy probability (0.689 < 0.7)
happy_cand_01366.png,happy,neutral,0.0863,0.6679,"neutral(0.67), sad(0.11)",False,Teacher predicted 'neutral' (0.668)
happy_cand_01367.png,happy,happy,0.8218,0.8218,"happy(0.82), disgust(0.07)",True,Accepted
happy_cand_01368.png,happy,happy,0.3347,0.3347,"happy(0.33), angry(0.18)",False,Low Happy probability (0.335 < 0.7)
happy_cand_01369.png,happy,happy,0.8673,0.8673,"happy(0.87), disgust(0.09)",True,Accepted
happy_cand_01370.png,happy,neutral,0.1155,0.6316,"neutral(0.63), happy(0.12)",False,Teacher predicted 'neutral' (0.632)
happy_cand_01371.png,happy,happy,0.5873,0.5873,"happy(0.59), neutral(0.18)",False,Low Happy probability (0.587 < 0.7)
happy_cand_01372.png,happy,happy,0.4395,0.4395,"happy(0.44), neutral(0.31)",False,Low Happy probability (0.439 < 0.7)
happy_cand_01373.png,happy,neutral,0.1539,0.3019,"neutral(0.30), surprise(0.16)",False,Teacher predicted 'neutral' (0.302)
happy_cand_01374.png,happy,happy,0.7709,0.7709,"happy(0.77), disgust(0.09)",True,Accepted
happy_cand_01375.png,happy,happy,0.4946,0.4946,"happy(0.49), surprise(0.16)",False,Low Happy probability (0.495 < 0.7)
happy_cand_01376.png,happy,happy,0.8344,0.8344,"happy(0.83), disgust(0.07)",True,Accepted
happy_cand_01377.png,happy,happy,0.717,0.717,"happy(0.72), neutral(0.13)",True,Accepted
happy_cand_01378.png,happy,angry,0.047,0.5668,"angry(0.57), fear(0.18)",False,Teacher predicted 'angry' (0.567)
happy_cand_01379.png,happy,happy,0.7433,0.7433,"happy(0.74), neutral(0.11)",True,Accepted
happy_cand_01380.png,happy,happy,0.7036,0.7036,"happy(0.70), neutral(0.13)",True,Accepted
happy_cand_01381.png,happy,happy,0.5359,0.5359,"happy(0.54), neutral(0.27)",False,Low Happy probability (0.536 < 0.7)
happy_cand_01382.png,happy,happy,0.3485,0.3485,"happy(0.35), neutral(0.17)",False,Low Happy probability (0.348 < 0.7)
happy_cand_01383.png,happy,happy,0.8221,0.8221,"happy(0.82), disgust(0.07)",True,Accepted
happy_cand_01384.png,happy,happy,0.6528,0.6528,"happy(0.65), neutral(0.13)",False,Low Happy probability (0.653 < 0.7)
happy_cand_01385.png,happy,happy,0.7005,0.7005,"happy(0.70), neutral(0.10)",True,Accepted
happy_cand_01386.png,happy,neutral,0.0794,0.561,"neutral(0.56), sad(0.13)",False,Teacher predicted 'neutral' (0.561)
happy_cand_01387.png,happy,happy,0.8582,0.8582,"happy(0.86), disgust(0.06)",True,Accepted
happy_cand_01388.png,happy,neutral,0.2702,0.5069,"neutral(0.51), happy(0.27)",False,Teacher predicted 'neutral' (0.507)
happy_cand_01389.png,happy,neutral,0.1248,0.7128,"neutral(0.71), happy(0.12)",False,Teacher predicted 'neutral' (0.713)
happy_cand_01390.png,happy,happy,0.8081,0.8081,"happy(0.81), angry(0.06)",True,Accepted
happy_cand_01391.png,happy,happy,0.651,0.651,"happy(0.65), neutral(0.22)",False,Low Happy probability (0.651 < 0.7)
happy_cand_01392.png,happy,happy,0.7637,0.7637,"happy(0.76), disgust(0.08)",True,Accepted
happy_cand_01393.png,happy,happy,0.795,0.795,"happy(0.79), disgust(0.07)",True,Accepted
happy_cand_01394.png,happy,angry,0.1885,0.4297,"angry(0.43), happy(0.19)",False,Teacher predicted 'angry' (0.430)
happy_cand_01395.png,happy,happy,0.4182,0.4182,"happy(0.42), angry(0.19)",False,Low Happy probability (0.418 < 0.7)
happy_cand_01396.png,happy,neutral,0.1799,0.3492,"neutral(0.35), happy(0.18)",False,Teacher predicted 'neutral' (0.349)
happy_cand_01397.png,happy,neutral,0.0476,0.3371,"neutral(0.34), sad(0.31)",False,Teacher predicted 'neutral' (0.337)
happy_cand_01398.png,happy,happy,0.5964,0.5964,"happy(0.60), neutral(0.23)",False,Low Happy probability (0.596 < 0.7)
happy_cand_01399.png,happy,neutral,0.0966,0.4331,"neutral(0.43), sad(0.21)",False,Teacher predicted 'neutral' (0.433)
happy_cand_01400.png,happy,neutral,0.0542,0.4377,"neutral(0.44), fear(0.15)",False,Teacher predicted 'neutral' (0.438)
happy_cand_01401.png,happy,happy,0.5695,0.5695,"happy(0.57), neutral(0.24)",False,Low Happy probability (0.570 < 0.7)
happy_cand_01402.png,happy,happy,0.7408,0.7408,"happy(0.74), neutral(0.10)",True,Accepted
happy_cand_01403.png,happy,neutral,0.2429,0.2507,"neutral(0.25), happy(0.24)",False,Teacher predicted 'neutral' (0.251)
happy_cand_01404.png,happy,happy,0.7891,0.7891,"happy(0.79), disgust(0.07)",True,Accepted
happy_cand_01405.png,happy,happy,0.6548,0.6548,"happy(0.65), neutral(0.13)",False,Low Happy probability (0.655 < 0.7)
happy_cand_01406.png,happy,happy,0.4951,0.4951,"happy(0.50), disgust(0.18)",False,Low Happy probability (0.495 < 0.7)
happy_cand_01407.png,happy,happy,0.5632,0.5632,"happy(0.56), angry(0.13)",False,Low Happy probability (0.563 < 0.7)
happy_cand_01408.png,happy,happy,0.5453,0.5453,"happy(0.55), neutral(0.17)",False,Low Happy probability (0.545 < 0.7)
happy_cand_01409.png,happy,happy,0.7987,0.7987,"happy(0.80), neutral(0.08)",True,Accepted
happy_cand_01410.png,happy,happy,0.7886,0.7886,"happy(0.79), neutral(0.08)",True,Accepted
happy_cand_01411.png,happy,angry,0.2473,0.4909,"angry(0.49), happy(0.25)",False,Teacher predicted 'angry' (0.491)
happy_cand_01412.png,happy,happy,0.6099,0.6099,"happy(0.61), disgust(0.12)",False,Low Happy probability (0.610 < 0.7)
happy_cand_01413.png,happy,happy,0.8688,0.8688,"happy(0.87), disgust(0.06)",True,Accepted
happy_cand_01414.png,happy,happy,0.2367,0.2367,"happy(0.24), angry(0.20)",False,Low Happy probability (0.237 < 0.7)
happy_cand_01415.png,happy,happy,0.5713,0.5713,"happy(0.57), disgust(0.10)",False,Low Happy probability (0.571 < 0.7)
happy_cand_01416.png,happy,neutral,0.0245,0.6819,"neutral(0.68), sad(0.14)",False,Teacher predicted 'neutral' (0.682)
happy_cand_01417.png,happy,happy,0.768,0.768,"happy(0.77), disgust(0.08)",True,Accepted
happy_cand_01418.png,happy,happy,0.8058,0.8058,"happy(0.81), disgust(0.08)",True,Accepted
happy_cand_01419.png,happy,happy,0.4993,0.4993,"happy(0.50), neutral(0.21)",False,Low Happy probability (0.499 < 0.7)
happy_cand_01420.png,happy,happy,0.8189,0.8189,"happy(0.82), angry(0.08)",True,Accepted
happy_cand_01421.png,happy,happy,0.7382,0.7382,"happy(0.74), disgust(0.08)",True,Accepted
happy_cand_01422.png,happy,neutral,0.0274,0.6741,"neutral(0.67), angry(0.14)",False,Teacher predicted 'neutral' (0.674)
happy_cand_01423.png,happy,neutral,0.0699,0.2312,"neutral(0.23), sad(0.23)",False,Teacher predicted 'neutral' (0.231)
happy_cand_01424.png,happy,happy,0.7507,0.7507,"happy(0.75), angry(0.10)",True,Accepted
happy_cand_01425.png,happy,happy,0.6425,0.6425,"happy(0.64), neutral(0.21)",False,Low Happy probability (0.642 < 0.7)
happy_cand_01426.png,happy,happy,0.4256,0.4256,"happy(0.43), neutral(0.29)",False,Low Happy probability (0.426 < 0.7)
happy_cand_01427.png,happy,happy,0.7393,0.7393,"happy(0.74), disgust(0.09)",True,Accepted
happy_cand_01428.png,happy,happy,0.8303,0.8303,"happy(0.83), disgust(0.07)",True,Accepted
happy_cand_01429.png,happy,happy,0.7952,0.7952,"happy(0.80), disgust(0.07)",True,Accepted
happy_cand_01430.png,happy,neutral,0.3289,0.5498,"neutral(0.55), happy(0.33)",False,Teacher predicted 'neutral' (0.550)
happy_cand_01431.png,happy,happy,0.3824,0.3824,"happy(0.38), neutral(0.25)",False,Low Happy probability (0.382 < 0.7)
happy_cand_01432.png,happy,happy,0.5419,0.5419,"happy(0.54), neutral(0.20)",False,Low Happy probability (0.542 < 0.7)
happy_cand_01433.png,happy,fear,0.2002,0.2445,"fear(0.24), happy(0.20)",False,Teacher predicted 'fear' (0.244)
happy_cand_01434.png,happy,happy,0.7783,0.7783,"happy(0.78), neutral(0.08)",True,Accepted
happy_cand_01435.png,happy,happy,0.7896,0.7896,"happy(0.79), neutral(0.07)",True,Accepted
happy_cand_01436.png,happy,happy,0.5134,0.5134,"happy(0.51), angry(0.33)",False,Low Happy probability (0.513 < 0.7)
happy_cand_01437.png,happy,neutral,0.0567,0.6155,"neutral(0.62), angry(0.13)",False,Teacher predicted 'neutral' (0.616)
happy_cand_01438.png,happy,happy,0.3632,0.3632,"happy(0.36), sad(0.30)",False,Low Happy probability (0.363 < 0.7)
happy_cand_01439.png,happy,happy,0.4384,0.4384,"happy(0.44), neutral(0.36)",False,Low Happy probability (0.438 < 0.7)
happy_cand_01440.png,happy,happy,0.7935,0.7935,"happy(0.79), disgust(0.06)",True,Accepted
happy_cand_01441.png,happy,happy,0.614,0.614,"happy(0.61), neutral(0.15)",False,Low Happy probability (0.614 < 0.7)
happy_cand_01442.png,happy,happy,0.856,0.856,"happy(0.86), disgust(0.07)",True,Accepted
happy_cand_01443.png,happy,neutral,0.1957,0.5701,"neutral(0.57), happy(0.20)",False,Teacher predicted 'neutral' (0.570)
happy_cand_01444.png,happy,happy,0.4072,0.4072,"happy(0.41), neutral(0.36)",False,Low Happy probability (0.407 < 0.7)
happy_cand_01445.png,happy,neutral,0.3538,0.3896,"neutral(0.39), happy(0.35)",False,Teacher predicted 'neutral' (0.390)
happy_cand_01446.png,happy,happy,0.681,0.681,"happy(0.68), neutral(0.12)",False,Low Happy probability (0.681 < 0.7)
happy_cand_01447.png,happy,happy,0.7978,0.7978,"happy(0.80), disgust(0.09)",True,Accepted
happy_cand_01448.png,happy,neutral,0.0159,0.4162,"neutral(0.42), sad(0.25)",False,Teacher predicted 'neutral' (0.416)
happy_cand_01449.png,happy,happy,0.7842,0.7842,"happy(0.78), disgust(0.09)",True,Accepted
happy_cand_01450.png,happy,neutral,0.2677,0.4539,"neutral(0.45), happy(0.27)",False,Teacher predicted 'neutral' (0.454)
happy_cand_01451.png,happy,happy,0.6541,0.6541,"happy(0.65), neutral(0.19)",False,Low Happy probability (0.654 < 0.7)
happy_cand_01452.png,happy,neutral,0.3015,0.4389,"neutral(0.44), happy(0.30)",False,Teacher predicted 'neutral' (0.439)
happy_cand_01453.png,happy,happy,0.574,0.574,"happy(0.57), neutral(0.15)",False,Low Happy probability (0.574 < 0.7)
happy_cand_01454.png,happy,happy,0.7664,0.7664,"happy(0.77), neutral(0.08)",True,Accepted
happy_cand_01455.png,happy,happy,0.7162,0.7162,"happy(0.72), disgust(0.06)",True,Accepted
happy_cand_01456.png,happy,happy,0.7825,0.7825,"happy(0.78), disgust(0.10)",True,Accepted
happy_cand_01457.png,happy,angry,0.1672,0.6006,"angry(0.60), happy(0.17)",False,Teacher predicted 'angry' (0.601)
happy_cand_01458.png,happy,neutral,0.0605,0.6429,"neutral(0.64), angry(0.13)",False,Teacher predicted 'neutral' (0.643)
happy_cand_01459.png,happy,happy,0.5574,0.5574,"happy(0.56), neutral(0.23)",False,Low Happy probability (0.557 < 0.7)
happy_cand_01460.png,happy,happy,0.7752,0.7752,"happy(0.78), disgust(0.06)",True,Accepted
happy_cand_01461.png,happy,happy,0.7041,0.7041,"happy(0.70), neutral(0.10)",True,Accepted
happy_cand_01462.png,happy,neutral,0.0421,0.6674,"neutral(0.67), sad(0.08)",False,Teacher predicted 'neutral' (0.667)
happy_cand_01463.png,happy,happy,0.6194,0.6194,"happy(0.62), surprise(0.16)",False,Low Happy probability (0.619 < 0.7)
happy_cand_01464.png,happy,neutral,0.1624,0.5826,"neutral(0.58), happy(0.16)",False,Teacher predicted 'neutral' (0.583)
happy_cand_01465.png,happy,neutral,0.2016,0.3933,"neutral(0.39), happy(0.20)",False,Teacher predicted 'neutral' (0.393)
happy_cand_01466.png,happy,happy,0.3104,0.3104,"happy(0.31), neutral(0.24)",False,Low Happy probability (0.310 < 0.7)
happy_cand_01467.png,happy,happy,0.6781,0.6781,"happy(0.68), angry(0.09)",False,Low Happy probability (0.678 < 0.7)
happy_cand_01468.png,happy,happy,0.7625,0.7625,"happy(0.76), disgust(0.08)",True,Accepted
happy_cand_01469.png,happy,happy,0.8196,0.8196,"happy(0.82), disgust(0.07)",True,Accepted
happy_cand_01470.png,happy,happy,0.8259,0.8259,"happy(0.83), disgust(0.10)",True,Accepted
happy_cand_01471.png,happy,happy,0.7167,0.7167,"happy(0.72), disgust(0.07)",True,Accepted
happy_cand_01472.png,happy,happy,0.4665,0.4665,"happy(0.47), neutral(0.26)",False,Low Happy probability (0.466 < 0.7)
happy_cand_01473.png,happy,happy,0.7619,0.7619,"happy(0.76), neutral(0.08)",True,Accepted
happy_cand_01474.png,happy,happy,0.5631,0.5631,"happy(0.56), angry(0.10)",False,Low Happy probability (0.563 < 0.7)
happy_cand_01475.png,happy,happy,0.4383,0.4383,"happy(0.44), neutral(0.24)",False,Low Happy probability (0.438 < 0.7)
happy_cand_01476.png,happy,happy,0.7246,0.7246,"happy(0.72), neutral(0.11)",True,Accepted
happy_cand_01477.png,happy,happy,0.7835,0.7835,"happy(0.78), neutral(0.07)",True,Accepted
happy_cand_01478.png,happy,happy,0.5763,0.5763,"happy(0.58), angry(0.19)",False,Low Happy probability (0.576 < 0.7)
happy_cand_01479.png,happy,neutral,0.325,0.5124,"neutral(0.51), happy(0.33)",False,Teacher predicted 'neutral' (0.512)
happy_cand_01480.png,happy,happy,0.8661,0.8661,"happy(0.87), disgust(0.06)",True,Accepted
happy_cand_01481.png,happy,happy,0.5302,0.5302,"happy(0.53), sad(0.12)",False,Low Happy probability (0.530 < 0.7)
happy_cand_01482.png,happy,happy,0.5155,0.5155,"happy(0.52), neutral(0.16)",False,Low Happy probability (0.516 < 0.7)
happy_cand_01483.png,happy,neutral,0.0938,0.3815,"neutral(0.38), sad(0.23)",False,Teacher predicted 'neutral' (0.381)
happy_cand_01484.png,happy,happy,0.774,0.774,"happy(0.77), neutral(0.11)",True,Accepted
happy_cand_01485.png,happy,happy,0.4135,0.4135,"happy(0.41), neutral(0.36)",False,Low Happy probability (0.413 < 0.7)
happy_cand_01486.png,happy,neutral,0.0543,0.7326,"neutral(0.73), angry(0.08)",False,Teacher predicted 'neutral' (0.733)
happy_cand_01487.png,happy,happy,0.7233,0.7233,"happy(0.72), neutral(0.12)",True,Accepted
happy_cand_01488.png,happy,happy,0.8008,0.8008,"happy(0.80), disgust(0.08)",True,Accepted
happy_cand_01489.png,happy,sad,0.0846,0.226,"sad(0.23), angry(0.21)",False,Teacher predicted 'sad' (0.226)
happy_cand_01490.png,happy,happy,0.8407,0.8407,"happy(0.84), disgust(0.08)",True,Accepted
happy_cand_01491.png,happy,happy,0.777,0.777,"happy(0.78), neutral(0.08)",True,Accepted
happy_cand_01492.png,happy,happy,0.7117,0.7117,"happy(0.71), disgust(0.10)",True,Accepted
happy_cand_01493.png,happy,happy,0.7016,0.7016,"happy(0.70), neutral(0.10)",True,Accepted
happy_cand_01494.png,happy,neutral,0.0574,0.5624,"neutral(0.56), sad(0.16)",False,Teacher predicted 'neutral' (0.562)
happy_cand_01495.png,happy,happy,0.7877,0.7877,"happy(0.79), neutral(0.09)",True,Accepted
happy_cand_01496.png,happy,neutral,0.3597,0.41,"neutral(0.41), happy(0.36)",False,Teacher predicted 'neutral' (0.410)
happy_cand_01497.png,happy,happy,0.4106,0.4106,"happy(0.41), neutral(0.32)",False,Low Happy probability (0.411 < 0.7)
happy_cand_01498.png,happy,surprise,0.1424,0.2659,"surprise(0.27), angry(0.26)",False,Teacher predicted 'surprise' (0.266)
happy_cand_01499.png,happy,happy,0.8005,0.8005,"happy(0.80), disgust(0.10)",True,Accepted
happy_cand_01500.png,happy,happy,0.5824,0.5824,"happy(0.58), neutral(0.17)",False,Low Happy probability (0.582 < 0.7)
happy_cand_01501.png,happy,happy,0.785,0.785,"happy(0.78), neutral(0.10)",True,Accepted
happy_cand_01502.png,happy,happy,0.843,0.843,"happy(0.84), disgust(0.08)",True,Accepted
happy_cand_01503.png,happy,happy,0.3889,0.3889,"happy(0.39), neutral(0.33)",False,Low Happy probability (0.389 < 0.7)
happy_cand_01504.png,happy,neutral,0.0291,0.3606,"neutral(0.36), sad(0.31)",False,Teacher predicted 'neutral' (0.361)
happy_cand_01505.png,happy,happy,0.5898,0.5898,"happy(0.59), neutral(0.13)",False,Low Happy probability (0.590 < 0.7)
happy_cand_01506.png,happy,happy,0.7991,0.7991,"happy(0.80), disgust(0.08)",True,Accepted
happy_cand_01507.png,happy,happy,0.2551,0.2551,"happy(0.26), surprise(0.18)",False,Low Happy probability (0.255 < 0.7)
happy_cand_01508.png,happy,happy,0.7983,0.7983,"happy(0.80), disgust(0.08)",True,Accepted
happy_cand_01509.png,happy,happy,0.751,0.751,"happy(0.75), neutral(0.09)",True,Accepted
happy_cand_01510.png,happy,happy,0.4048,0.4048,"happy(0.40), neutral(0.39)",False,Low Happy probability (0.405 < 0.7)
happy_cand_01511.png,happy,neutral,0.1574,0.3972,"neutral(0.40), happy(0.16)",False,Teacher predicted 'neutral' (0.397)
happy_cand_01512.png,happy,happy,0.7048,0.7048,"happy(0.70), neutral(0.12)",True,Accepted
happy_cand_01513.png,happy,angry,0.2422,0.5086,"angry(0.51), happy(0.24)",False,Teacher predicted 'angry' (0.509)
happy_cand_01514.png,happy,happy,0.7671,0.7671,"happy(0.77), neutral(0.13)",True,Accepted
happy_cand_01515.png,happy,happy,0.8517,0.8517,"happy(0.85), disgust(0.07)",True,Accepted
happy_cand_01516.png,happy,happy,0.6598,0.6598,"happy(0.66), disgust(0.15)",False,Low Happy probability (0.660 < 0.7)
happy_cand_01517.png,happy,neutral,0.0456,0.7768,"neutral(0.78), angry(0.07)",False,Teacher predicted 'neutral' (0.777)
happy_cand_01518.png,happy,happy,0.6011,0.6011,"happy(0.60), neutral(0.13)",False,Low Happy probability (0.601 < 0.7)
happy_cand_01519.png,happy,happy,0.8004,0.8004,"happy(0.80), disgust(0.11)",True,Accepted
happy_cand_01520.png,happy,happy,0.4162,0.4162,"happy(0.42), neutral(0.19)",False,Low Happy probability (0.416 < 0.7)
happy_cand_01521.png,happy,happy,0.5366,0.5366,"happy(0.54), neutral(0.19)",False,Low Happy probability (0.537 < 0.7)
happy_cand_01522.png,happy,happy,0.7678,0.7678,"happy(0.77), disgust(0.07)",True,Accepted
happy_cand_01523.png,happy,happy,0.6548,0.6548,"happy(0.65), neutral(0.14)",False,Low Happy probability (0.655 < 0.7)
happy_cand_01524.png,happy,neutral,0.3905,0.4143,"neutral(0.41), happy(0.39)",False,Teacher predicted 'neutral' (0.414)
happy_cand_01525.png,happy,happy,0.8319,0.8319,"happy(0.83), disgust(0.08)",True,Accepted
happy_cand_01526.png,happy,happy,0.7376,0.7376,"happy(0.74), neutral(0.13)",True,Accepted
happy_cand_01527.png,happy,happy,0.3778,0.3778,"happy(0.38), neutral(0.33)",False,Low Happy probability (0.378 < 0.7)
happy_cand_01528.png,happy,happy,0.7558,0.7558,"happy(0.76), neutral(0.13)",True,Accepted
happy_cand_01529.png,happy,neutral,0.1664,0.6202,"neutral(0.62), happy(0.17)",False,Teacher predicted 'neutral' (0.620)
happy_cand_01530.png,happy,neutral,0.425,0.4294,"neutral(0.43), happy(0.43)",False,Teacher predicted 'neutral' (0.429)
happy_cand_01531.png,happy,happy,0.8651,0.8651,"happy(0.87), disgust(0.08)",True,Accepted
happy_cand_01532.png,happy,happy,0.7264,0.7264,"happy(0.73), angry(0.11)",True,Accepted
happy_cand_01533.png,happy,neutral,0.161,0.5334,"neutral(0.53), happy(0.16)",False,Teacher predicted 'neutral' (0.533)
happy_cand_01534.png,happy,happy,0.8551,0.8551,"happy(0.86), disgust(0.07)",True,Accepted
happy_cand_01535.png,happy,neutral,0.1132,0.6138,"neutral(0.61), happy(0.11)",False,Teacher predicted 'neutral' (0.614)
happy_cand_01536.png,happy,sad,0.2176,0.2764,"sad(0.28), happy(0.22)",False,Teacher predicted 'sad' (0.276)
happy_cand_01537.png,happy,happy,0.8192,0.8192,"happy(0.82), disgust(0.08)",True,Accepted
happy_cand_01538.png,happy,angry,0.0262,0.3014,"angry(0.30), sad(0.29)",False,Teacher predicted 'angry' (0.301)
happy_cand_01539.png,happy,happy,0.8096,0.8096,"happy(0.81), disgust(0.08)",True,Accepted
happy_cand_01540.png,happy,neutral,0.0919,0.509,"neutral(0.51), angry(0.15)",False,Teacher predicted 'neutral' (0.509)
happy_cand_01541.png,happy,happy,0.7541,0.7541,"happy(0.75), neutral(0.12)",True,Accepted
happy_cand_01542.png,happy,happy,0.854,0.854,"happy(0.85), disgust(0.08)",True,Accepted
happy_cand_01543.png,happy,happy,0.4982,0.4982,"happy(0.50), neutral(0.32)",False,Low Happy probability (0.498 < 0.7)
happy_cand_01544.png,happy,happy,0.5081,0.5081,"happy(0.51), neutral(0.30)",False,Low Happy probability (0.508 < 0.7)
happy_cand_01545.png,happy,neutral,0.1398,0.4183,"neutral(0.42), sad(0.17)",False,Teacher predicted 'neutral' (0.418)
happy_cand_01546.png,happy,sad,0.0531,0.348,"sad(0.35), angry(0.20)",False,Teacher predicted 'sad' (0.348)
happy_cand_01547.png,happy,happy,0.8643,0.8643,"happy(0.86), disgust(0.07)",True,Accepted
happy_cand_01548.png,happy,happy,0.8363,0.8363,"happy(0.84), disgust(0.08)",True,Accepted
happy_cand_01549.png,happy,happy,0.833,0.833,"happy(0.83), disgust(0.07)",True,Accepted
happy_cand_01550.png,happy,happy,0.7218,0.7218,"happy(0.72), neutral(0.09)",True,Accepted
happy_cand_01551.png,happy,happy,0.7157,0.7157,"happy(0.72), neutral(0.15)",True,Accepted
happy_cand_01552.png,happy,happy,0.5454,0.5454,"happy(0.55), neutral(0.24)",False,Low Happy probability (0.545 < 0.7)
happy_cand_01553.png,happy,neutral,0.2236,0.2319,"neutral(0.23), happy(0.22)",False,Teacher predicted 'neutral' (0.232)
happy_cand_01554.png,happy,happy,0.8272,0.8272,"happy(0.83), disgust(0.06)",True,Accepted
happy_cand_01555.png,happy,happy,0.4976,0.4976,"happy(0.50), neutral(0.33)",False,Low Happy probability (0.498 < 0.7)
happy_cand_01556.png,happy,happy,0.7817,0.7817,"happy(0.78), disgust(0.09)",True,Accepted
happy_cand_01557.png,happy,happy,0.8729,0.8729,"happy(0.87), disgust(0.06)",True,Accepted
happy_cand_01558.png,happy,happy,0.5089,0.5089,"happy(0.51), neutral(0.34)",False,Low Happy probability (0.509 < 0.7)
happy_cand_01559.png,happy,neutral,0.0636,0.7315,"neutral(0.73), sad(0.09)",False,Teacher predicted 'neutral' (0.731)
happy_cand_01560.png,happy,happy,0.5843,0.5843,"happy(0.58), neutral(0.22)",False,Low Happy probability (0.584 < 0.7)
happy_cand_01561.png,happy,happy,0.8605,0.8605,"happy(0.86), disgust(0.06)",True,Accepted
happy_cand_01562.png,happy,happy,0.8223,0.8223,"happy(0.82), disgust(0.05)",True,Accepted
happy_cand_01563.png,happy,neutral,0.0455,0.4791,"neutral(0.48), fear(0.17)",False,Teacher predicted 'neutral' (0.479)
happy_cand_01564.png,happy,neutral,0.232,0.4525,"neutral(0.45), happy(0.23)",False,Teacher predicted 'neutral' (0.453)
happy_cand_01565.png,happy,neutral,0.3228,0.3998,"neutral(0.40), happy(0.32)",False,Teacher predicted 'neutral' (0.400)
happy_cand_01566.png,happy,happy,0.8484,0.8484,"happy(0.85), disgust(0.08)",True,Accepted
happy_cand_01567.png,happy,neutral,0.18,0.5766,"neutral(0.58), happy(0.18)",False,Teacher predicted 'neutral' (0.577)
happy_cand_01568.png,happy,happy,0.3302,0.3302,"happy(0.33), neutral(0.26)",False,Low Happy probability (0.330 < 0.7)
happy_cand_01569.png,happy,happy,0.3379,0.3379,"happy(0.34), neutral(0.32)",False,Low Happy probability (0.338 < 0.7)
happy_cand_01570.png,happy,neutral,0.1775,0.2833,"neutral(0.28), surprise(0.26)",False,Teacher predicted 'neutral' (0.283)
happy_cand_01571.png,happy,neutral,0.0317,0.6009,"neutral(0.60), sad(0.20)",False,Teacher predicted 'neutral' (0.601)
happy_cand_01572.png,happy,happy,0.3325,0.3325,"happy(0.33), neutral(0.32)",False,Low Happy probability (0.332 < 0.7)
happy_cand_01573.png,happy,happy,0.6975,0.6975,"happy(0.70), neutral(0.17)",False,Low Happy probability (0.698 < 0.7)
happy_cand_01574.png,happy,neutral,0.0402,0.6679,"neutral(0.67), sad(0.13)",False,Teacher predicted 'neutral' (0.668)
happy_cand_01575.png,happy,happy,0.5819,0.5819,"happy(0.58), neutral(0.24)",False,Low Happy probability (0.582 < 0.7)
happy_cand_01576.png,happy,happy,0.532,0.532,"happy(0.53), neutral(0.12)",False,Low Happy probability (0.532 < 0.7)
happy_cand_01577.png,happy,happy,0.6867,0.6867,"happy(0.69), angry(0.11)",False,Low Happy probability (0.687 < 0.7)
happy_cand_01578.png,happy,neutral,0.2005,0.2827,"neutral(0.28), angry(0.28)",False,Teacher predicted 'neutral' (0.283)
happy_cand_01579.png,happy,happy,0.7592,0.7592,"happy(0.76), disgust(0.08)",True,Accepted
happy_cand_01580.png,happy,happy,0.8155,0.8155,"happy(0.82), disgust(0.08)",True,Accepted
happy_cand_01581.png,happy,happy,0.4152,0.4152,"happy(0.42), neutral(0.29)",False,Low Happy probability (0.415 < 0.7)
happy_cand_01582.png,happy,neutral,0.0625,0.7362,"neutral(0.74), sad(0.09)",False,Teacher predicted 'neutral' (0.736)
happy_cand_01583.png,happy,happy,0.7328,0.7328,"happy(0.73), disgust(0.10)",True,Accepted
happy_cand_01584.png,happy,happy,0.3284,0.3284,"happy(0.33), fear(0.21)",False,Low Happy probability (0.328 < 0.7)
happy_cand_01585.png,happy,happy,0.6385,0.6385,"happy(0.64), angry(0.11)",False,Low Happy probability (0.639 < 0.7)
happy_cand_01586.png,happy,happy,0.821,0.821,"happy(0.82), disgust(0.08)",True,Accepted
happy_cand_01587.png,happy,happy,0.7583,0.7583,"happy(0.76), neutral(0.13)",True,Accepted
happy_cand_01588.png,happy,neutral,0.1047,0.5839,"neutral(0.58), sad(0.12)",False,Teacher predicted 'neutral' (0.584)
happy_cand_01589.png,happy,happy,0.6189,0.6189,"happy(0.62), disgust(0.11)",False,Low Happy probability (0.619 < 0.7)
happy_cand_01590.png,happy,neutral,0.2014,0.6288,"neutral(0.63), happy(0.20)",False,Teacher predicted 'neutral' (0.629)
happy_cand_01591.png,happy,neutral,0.3572,0.3672,"neutral(0.37), happy(0.36)",False,Teacher predicted 'neutral' (0.367)
happy_cand_01592.png,happy,neutral,0.1454,0.5669,"neutral(0.57), happy(0.15)",False,Teacher predicted 'neutral' (0.567)
happy_cand_01593.png,happy,happy,0.6092,0.6092,"happy(0.61), neutral(0.15)",False,Low Happy probability (0.609 < 0.7)
happy_cand_01594.png,happy,happy,0.6911,0.6911,"happy(0.69), neutral(0.18)",False,Low Happy probability (0.691 < 0.7)
happy_cand_01595.png,happy,neutral,0.087,0.5404,"neutral(0.54), sad(0.14)",False,Teacher predicted 'neutral' (0.540)
happy_cand_01596.png,happy,neutral,0.0777,0.6693,"neutral(0.67), sad(0.08)",False,Teacher predicted 'neutral' (0.669)
happy_cand_01598.png,happy,neutral,0.3371,0.4738,"neutral(0.47), happy(0.34)",False,Teacher predicted 'neutral' (0.474)
happy_cand_01599.png,happy,happy,0.5618,0.5618,"happy(0.56), neutral(0.25)",False,Low Happy probability (0.562 < 0.7)
happy_cand_01600.png,happy,happy,0.8256,0.8256,"happy(0.83), disgust(0.07)",True,Accepted
happy_cand_01601.png,happy,neutral,0.1436,0.5965,"neutral(0.60), happy(0.14)",False,Teacher predicted 'neutral' (0.597)
happy_cand_01602.png,happy,happy,0.7176,0.7176,"happy(0.72), angry(0.07)",True,Accepted
happy_cand_01603.png,happy,neutral,0.0768,0.5608,"neutral(0.56), sad(0.18)",False,Teacher predicted 'neutral' (0.561)
happy_cand_01604.png,happy,happy,0.8125,0.8125,"happy(0.81), disgust(0.07)",True,Accepted
happy_cand_01605.png,happy,neutral,0.1409,0.6036,"neutral(0.60), happy(0.14)",False,Teacher predicted 'neutral' (0.604)
happy_cand_01606.png,happy,happy,0.7109,0.7109,"happy(0.71), neutral(0.10)",True,Accepted
happy_cand_01607.png,happy,happy,0.6502,0.6502,"happy(0.65), neutral(0.16)",False,Low Happy probability (0.650 < 0.7)
happy_cand_01608.png,happy,neutral,0.2023,0.5661,"neutral(0.57), happy(0.20)",False,Teacher predicted 'neutral' (0.566)
happy_cand_01609.png,happy,happy,0.8047,0.8047,"happy(0.80), disgust(0.07)",True,Accepted
happy_cand_01610.png,happy,happy,0.5599,0.5599,"happy(0.56), disgust(0.17)",False,Low Happy probability (0.560 < 0.7)
happy_cand_01611.png,happy,happy,0.4449,0.4449,"happy(0.44), neutral(0.34)",False,Low Happy probability (0.445 < 0.7)
happy_cand_01612.png,happy,happy,0.5591,0.5591,"happy(0.56), sad(0.11)",False,Low Happy probability (0.559 < 0.7)
happy_cand_01613.png,happy,happy,0.6558,0.6558,"happy(0.66), disgust(0.15)",False,Low Happy probability (0.656 < 0.7)
happy_cand_01614.png,happy,angry,0.1269,0.2788,"angry(0.28), fear(0.27)",False,Teacher predicted 'angry' (0.279)
happy_cand_01615.png,happy,happy,0.7715,0.7715,"happy(0.77), disgust(0.07)",True,Accepted
happy_cand_01616.png,happy,neutral,0.3119,0.489,"neutral(0.49), happy(0.31)",False,Teacher predicted 'neutral' (0.489)
happy_cand_01617.png,happy,neutral,0.2244,0.4874,"neutral(0.49), happy(0.22)",False,Teacher predicted 'neutral' (0.487)
happy_cand_01618.png,happy,happy,0.8337,0.8337,"happy(0.83), disgust(0.08)",True,Accepted
happy_cand_01619.png,happy,happy,0.5909,0.5909,"happy(0.59), neutral(0.23)",False,Low Happy probability (0.591 < 0.7)
happy_cand_01620.png,happy,happy,0.4186,0.4186,"happy(0.42), neutral(0.24)",False,Low Happy probability (0.419 < 0.7)
happy_cand_01621.png,happy,happy,0.5516,0.5516,"happy(0.55), neutral(0.24)",False,Low Happy probability (0.552 < 0.7)
happy_cand_01622.png,happy,happy,0.592,0.592,"happy(0.59), neutral(0.24)",False,Low Happy probability (0.592 < 0.7)
happy_cand_01623.png,happy,neutral,0.328,0.3496,"neutral(0.35), happy(0.33)",False,Teacher predicted 'neutral' (0.350)
happy_cand_01624.png,happy,happy,0.7881,0.7881,"happy(0.79), neutral(0.09)",True,Accepted
happy_cand_01625.png,happy,neutral,0.2301,0.6137,"neutral(0.61), happy(0.23)",False,Teacher predicted 'neutral' (0.614)
happy_cand_01626.png,happy,happy,0.4187,0.4187,"happy(0.42), surprise(0.12)",False,Low Happy probability (0.419 < 0.7)
happy_cand_01627.png,happy,happy,0.5367,0.5367,"happy(0.54), neutral(0.24)",False,Low Happy probability (0.537 < 0.7)
happy_cand_01628.png,happy,happy,0.7966,0.7966,"happy(0.80), disgust(0.09)",True,Accepted
happy_cand_01629.png,happy,happy,0.819,0.819,"happy(0.82), disgust(0.10)",True,Accepted
happy_cand_01630.png,happy,neutral,0.0882,0.6412,"neutral(0.64), sad(0.09)",False,Teacher predicted 'neutral' (0.641)
happy_cand_01631.png,happy,neutral,0.3696,0.4148,"neutral(0.41), happy(0.37)",False,Teacher predicted 'neutral' (0.415)
happy_cand_01632.png,happy,happy,0.7669,0.7669,"happy(0.77), disgust(0.08)",True,Accepted
happy_cand_01633.png,happy,happy,0.6484,0.6484,"happy(0.65), neutral(0.18)",False,Low Happy probability (0.648 < 0.7)
happy_cand_01634.png,happy,happy,0.7197,0.7197,"happy(0.72), angry(0.09)",True,Accepted
happy_cand_01635.png,happy,happy,0.7477,0.7477,"happy(0.75), disgust(0.09)",True,Accepted
happy_cand_01636.png,happy,neutral,0.1194,0.5757,"neutral(0.58), happy(0.12)",False,Teacher predicted 'neutral' (0.576)
happy_cand_01637.png,happy,happy,0.7904,0.7904,"happy(0.79), disgust(0.08)",True,Accepted
happy_cand_01638.png,happy,happy,0.7717,0.7717,"happy(0.77), disgust(0.08)",True,Accepted
happy_cand_01639.png,happy,happy,0.7078,0.7078,"happy(0.71), neutral(0.10)",True,Accepted
happy_cand_01640.png,happy,happy,0.8364,0.8364,"happy(0.84), disgust(0.08)",True,Accepted
happy_cand_01641.png,happy,angry,0.321,0.4071,"angry(0.41), happy(0.32)",False,Teacher predicted 'angry' (0.407)
happy_cand_01642.png,happy,neutral,0.3673,0.3825,"neutral(0.38), happy(0.37)",False,Teacher predicted 'neutral' (0.382)
happy_cand_01643.png,happy,happy,0.4479,0.4479,"happy(0.45), disgust(0.26)",False,Low Happy probability (0.448 < 0.7)
happy_cand_01644.png,happy,happy,0.6657,0.6657,"happy(0.67), angry(0.17)",False,Low Happy probability (0.666 < 0.7)
happy_cand_01645.png,happy,neutral,0.0793,0.47,"neutral(0.47), sad(0.17)",False,Teacher predicted 'neutral' (0.470)
happy_cand_01646.png,happy,neutral,0.0507,0.7452,"neutral(0.75), angry(0.09)",False,Teacher predicted 'neutral' (0.745)
happy_cand_01647.png,happy,surprise,0.1612,0.7908,"surprise(0.79), happy(0.16)",False,Teacher predicted 'surprise' (0.791)
happy_cand_01648.png,happy,neutral,0.092,0.4529,"neutral(0.45), angry(0.26)",False,Teacher predicted 'neutral' (0.453)
happy_cand_01649.png,happy,happy,0.6021,0.6021,"happy(0.60), neutral(0.20)",False,Low Happy probability (0.602 < 0.7)
happy_cand_01650.png,happy,happy,0.5743,0.5743,"happy(0.57), neutral(0.29)",False,Low Happy probability (0.574 < 0.7)
happy_cand_01651.png,happy,neutral,0.3152,0.4673,"neutral(0.47), happy(0.32)",False,Teacher predicted 'neutral' (0.467)
happy_cand_01652.png,happy,neutral,0.2372,0.3555,"neutral(0.36), happy(0.24)",False,Teacher predicted 'neutral' (0.356)
happy_cand_01653.png,happy,happy,0.7586,0.7586,"happy(0.76), neutral(0.08)",True,Accepted
happy_cand_01654.png,happy,happy,0.838,0.838,"happy(0.84), disgust(0.08)",True,Accepted
happy_cand_01655.png,happy,happy,0.7946,0.7946,"happy(0.79), disgust(0.08)",True,Accepted
happy_cand_01656.png,happy,happy,0.6846,0.6846,"happy(0.68), angry(0.09)",False,Low Happy probability (0.685 < 0.7)
happy_cand_01657.png,happy,happy,0.3445,0.3445,"happy(0.34), neutral(0.31)",False,Low Happy probability (0.344 < 0.7)
happy_cand_01658.png,happy,happy,0.7329,0.7329,"happy(0.73), neutral(0.09)",True,Accepted
happy_cand_01659.png,happy,happy,0.5308,0.5308,"happy(0.53), disgust(0.15)",False,Low Happy probability (0.531 < 0.7)
happy_cand_01660.png,happy,happy,0.8399,0.8399,"happy(0.84), disgust(0.07)",True,Accepted
happy_cand_01661.png,happy,happy,0.6873,0.6873,"happy(0.69), neutral(0.13)",False,Low Happy probability (0.687 < 0.7)
happy_cand_01662.png,happy,neutral,0.0381,0.3967,"neutral(0.40), angry(0.28)",False,Teacher predicted 'neutral' (0.397)
happy_cand_01663.png,happy,happy,0.5632,0.5632,"happy(0.56), disgust(0.22)",False,Low Happy probability (0.563 < 0.7)
happy_cand_01664.png,happy,neutral,0.045,0.5938,"neutral(0.59), sad(0.16)",False,Teacher predicted 'neutral' (0.594)
happy_cand_01665.png,happy,happy,0.6375,0.6375,"happy(0.64), sad(0.10)",False,Low Happy probability (0.638 < 0.7)
happy_cand_01666.png,happy,neutral,0.0262,0.8181,"neutral(0.82), disgust(0.04)",False,Teacher predicted 'neutral' (0.818)
happy_cand_01668.png,happy,angry,0.1159,0.5503,"angry(0.55), happy(0.12)",False,Teacher predicted 'angry' (0.550)
happy_cand_01669.png,happy,happy,0.5759,0.5759,"happy(0.58), neutral(0.23)",False,Low Happy probability (0.576 < 0.7)
happy_cand_01670.png,happy,neutral,0.1679,0.6536,"neutral(0.65), happy(0.17)",False,Teacher predicted 'neutral' (0.654)
happy_cand_01671.png,happy,happy,0.7562,0.7562,"happy(0.76), disgust(0.07)",True,Accepted
happy_cand_01672.png,happy,neutral,0.3797,0.4283,"neutral(0.43), happy(0.38)",False,Teacher predicted 'neutral' (0.428)
happy_cand_01673.png,happy,angry,0.3941,0.4217,"angry(0.42), happy(0.39)",False,Teacher predicted 'angry' (0.422)
happy_cand_01674.png,happy,happy,0.7155,0.7155,"happy(0.72), disgust(0.10)",True,Accepted
happy_cand_01675.png,happy,neutral,0.0558,0.2884,"neutral(0.29), angry(0.27)",False,Teacher predicted 'neutral' (0.288)
happy_cand_01676.png,happy,neutral,0.0455,0.5457,"neutral(0.55), sad(0.19)",False,Teacher predicted 'neutral' (0.546)
happy_cand_01677.png,happy,happy,0.4956,0.4956,"happy(0.50), neutral(0.15)",False,Low Happy probability (0.496 < 0.7)
happy_cand_01678.png,happy,happy,0.4682,0.4682,"happy(0.47), angry(0.20)",False,Low Happy probability (0.468 < 0.7)
happy_cand_01679.png,happy,happy,0.7654,0.7654,"happy(0.77), disgust(0.08)",True,Accepted
happy_cand_01680.png,happy,happy,0.5598,0.5598,"happy(0.56), neutral(0.30)",False,Low Happy probability (0.560 < 0.7)
happy_cand_01681.png,happy,happy,0.801,0.801,"happy(0.80), surprise(0.08)",True,Accepted
happy_cand_01682.png,happy,happy,0.726,0.726,"happy(0.73), neutral(0.12)",True,Accepted
happy_cand_01683.png,happy,happy,0.8721,0.8721,"happy(0.87), disgust(0.05)",True,Accepted
happy_cand_01684.png,happy,neutral,0.0365,0.7235,"neutral(0.72), sad(0.07)",False,Teacher predicted 'neutral' (0.723)
happy_cand_01685.png,happy,happy,0.6375,0.6375,"happy(0.64), neutral(0.16)",False,Low Happy probability (0.638 < 0.7)
happy_cand_01686.png,happy,happy,0.5854,0.5854,"happy(0.59), neutral(0.13)",False,Low Happy probability (0.585 < 0.7)
happy_cand_01687.png,happy,angry,0.0344,0.5162,"angry(0.52), neutral(0.14)",False,Teacher predicted 'angry' (0.516)
happy_cand_01688.png,happy,surprise,0.0201,0.5143,"surprise(0.51), angry(0.20)",False,Teacher predicted 'surprise' (0.514)
happy_cand_01689.png,happy,happy,0.6063,0.6063,"happy(0.61), disgust(0.12)",False,Low Happy probability (0.606 < 0.7)
happy_cand_01690.png,happy,neutral,0.3614,0.3837,"neutral(0.38), happy(0.36)",False,Teacher predicted 'neutral' (0.384)
happy_cand_01691.png,happy,happy,0.5575,0.5575,"happy(0.56), angry(0.25)",False,Low Happy probability (0.557 < 0.7)
happy_cand_01692.png,happy,happy,0.4461,0.4461,"happy(0.45), neutral(0.41)",False,Low Happy probability (0.446 < 0.7)
happy_cand_01693.png,happy,happy,0.3788,0.3788,"happy(0.38), neutral(0.29)",False,Low Happy probability (0.379 < 0.7)
happy_cand_01694.png,happy,happy,0.235,0.235,"happy(0.24), neutral(0.22)",False,Low Happy probability (0.235 < 0.7)
happy_cand_01695.png,happy,angry,0.0306,0.687,"angry(0.69), sad(0.13)",False,Teacher predicted 'angry' (0.687)
happy_cand_01696.png,happy,happy,0.4946,0.4946,"happy(0.49), neutral(0.38)",False,Low Happy probability (0.495 < 0.7)
happy_cand_01697.png,happy,neutral,0.0347,0.8706,"neutral(0.87), happy(0.03)",False,Teacher predicted 'neutral' (0.871)
happy_cand_01698.png,happy,disgust,0.2803,0.4636,"disgust(0.46), happy(0.28)",False,Teacher predicted 'disgust' (0.464)
happy_cand_01699.png,happy,happy,0.5485,0.5485,"happy(0.55), neutral(0.20)",False,Low Happy probability (0.548 < 0.7)
happy_cand_01700.png,happy,happy,0.8236,0.8236,"happy(0.82), disgust(0.09)",True,Accepted
happy_cand_01701.png,happy,angry,0.0921,0.3856,"angry(0.39), neutral(0.27)",False,Teacher predicted 'angry' (0.386)
happy_cand_01702.png,happy,neutral,0.1792,0.6503,"neutral(0.65), happy(0.18)",False,Teacher predicted 'neutral' (0.650)
happy_cand_01703.png,happy,neutral,0.0408,0.5874,"neutral(0.59), sad(0.16)",False,Teacher predicted 'neutral' (0.587)
happy_cand_01704.png,happy,sad,0.1452,0.2969,"sad(0.30), fear(0.20)",False,Teacher predicted 'sad' (0.297)
happy_cand_01705.png,happy,happy,0.8459,0.8459,"happy(0.85), disgust(0.07)",True,Accepted
happy_cand_01706.png,happy,happy,0.7742,0.7742,"happy(0.77), disgust(0.12)",True,Accepted
happy_cand_01707.png,happy,sad,0.1207,0.525,"sad(0.52), happy(0.12)",False,Teacher predicted 'sad' (0.525)
happy_cand_01708.png,happy,neutral,0.0911,0.7465,"neutral(0.75), happy(0.09)",False,Teacher predicted 'neutral' (0.746)
happy_cand_01709.png,happy,neutral,0.2571,0.5694,"neutral(0.57), happy(0.26)",False,Teacher predicted 'neutral' (0.569)
happy_cand_01710.png,happy,happy,0.3904,0.3904,"happy(0.39), neutral(0.30)",False,Low Happy probability (0.390 < 0.7)
happy_cand_01711.png,happy,neutral,0.1089,0.3524,"neutral(0.35), sad(0.23)",False,Teacher predicted 'neutral' (0.352)
happy_cand_01712.png,happy,neutral,0.2479,0.3809,"neutral(0.38), happy(0.25)",False,Teacher predicted 'neutral' (0.381)
happy_cand_01713.png,happy,neutral,0.1821,0.5281,"neutral(0.53), happy(0.18)",False,Teacher predicted 'neutral' (0.528)
happy_cand_01714.png,happy,neutral,0.1969,0.5979,"neutral(0.60), happy(0.20)",False,Teacher predicted 'neutral' (0.598)
happy_cand_01715.png,happy,angry,0.0795,0.3416,"angry(0.34), sad(0.21)",False,Teacher predicted 'angry' (0.342)
happy_cand_01716.png,happy,neutral,0.1193,0.6396,"neutral(0.64), happy(0.12)",False,Teacher predicted 'neutral' (0.640)
happy_cand_01717.png,happy,neutral,0.1429,0.301,"neutral(0.30), disgust(0.23)",False,Teacher predicted 'neutral' (0.301)
happy_cand_01718.png,happy,neutral,0.1914,0.2564,"neutral(0.26), happy(0.19)",False,Teacher predicted 'neutral' (0.256)
happy_cand_01719.png,happy,happy,0.8529,0.8529,"happy(0.85), disgust(0.07)",True,Accepted
happy_cand_01720.png,happy,happy,0.6856,0.6856,"happy(0.69), disgust(0.08)",False,Low Happy probability (0.686 < 0.7)
happy_cand_01721.png,happy,happy,0.7988,0.7988,"happy(0.80), disgust(0.09)",True,Accepted
happy_cand_01722.png,happy,happy,0.733,0.733,"happy(0.73), disgust(0.08)",True,Accepted
happy_cand_01723.png,happy,neutral,0.097,0.3966,"neutral(0.40), sad(0.28)",False,Teacher predicted 'neutral' (0.397)
happy_cand_01724.png,happy,neutral,0.2486,0.5609,"neutral(0.56), happy(0.25)",False,Teacher predicted 'neutral' (0.561)
happy_cand_01725.png,happy,happy,0.6378,0.6378,"happy(0.64), disgust(0.08)",False,Low Happy probability (0.638 < 0.7)
happy_cand_01726.png,happy,happy,0.7538,0.7538,"happy(0.75), disgust(0.10)",True,Accepted
happy_cand_01727.png,happy,happy,0.824,0.824,"happy(0.82), disgust(0.07)",True,Accepted
happy_cand_01728.png,happy,neutral,0.239,0.4217,"neutral(0.42), happy(0.24)",False,Teacher predicted 'neutral' (0.422)
happy_cand_01729.png,happy,neutral,0.1043,0.6296,"neutral(0.63), sad(0.11)",False,Teacher predicted 'neutral' (0.630)
happy_cand_01730.png,happy,happy,0.3843,0.3843,"happy(0.38), neutral(0.26)",False,Low Happy probability (0.384 < 0.7)
happy_cand_01731.png,happy,happy,0.5432,0.5432,"happy(0.54), neutral(0.16)",False,Low Happy probability (0.543 < 0.7)
happy_cand_01732.png,happy,angry,0.2654,0.4073,"angry(0.41), happy(0.27)",False,Teacher predicted 'angry' (0.407)
happy_cand_01733.png,happy,neutral,0.2812,0.445,"neutral(0.45), happy(0.28)",False,Teacher predicted 'neutral' (0.445)
happy_cand_01734.png,happy,happy,0.5976,0.5976,"happy(0.60), neutral(0.14)",False,Low Happy probability (0.598 < 0.7)
happy_cand_01735.png,happy,neutral,0.1203,0.6314,"neutral(0.63), happy(0.12)",False,Teacher predicted 'neutral' (0.631)
happy_cand_01736.png,happy,happy,0.8168,0.8168,"happy(0.82), disgust(0.08)",True,Accepted
happy_cand_01737.png,happy,neutral,0.2991,0.3109,"neutral(0.31), happy(0.30)",False,Teacher predicted 'neutral' (0.311)
happy_cand_01738.png,happy,happy,0.6609,0.6609,"happy(0.66), neutral(0.17)",False,Low Happy probability (0.661 < 0.7)
happy_cand_01739.png,happy,neutral,0.3281,0.3742,"neutral(0.37), happy(0.33)",False,Teacher predicted 'neutral' (0.374)
happy_cand_01740.png,happy,neutral,0.0448,0.5896,"neutral(0.59), sad(0.19)",False,Teacher predicted 'neutral' (0.590)
happy_cand_01741.png,happy,happy,0.7286,0.7286,"happy(0.73), neutral(0.12)",True,Accepted
happy_cand_01742.png,happy,happy,0.8237,0.8237,"happy(0.82), disgust(0.08)",True,Accepted
happy_cand_01743.png,happy,happy,0.7612,0.7612,"happy(0.76), disgust(0.08)",True,Accepted
happy_cand_01744.png,happy,happy,0.8415,0.8415,"happy(0.84), disgust(0.06)",True,Accepted
happy_cand_01745.png,happy,happy,0.6067,0.6067,"happy(0.61), neutral(0.19)",False,Low Happy probability (0.607 < 0.7)
happy_cand_01746.png,happy,neutral,0.118,0.7221,"neutral(0.72), happy(0.12)",False,Teacher predicted 'neutral' (0.722)
happy_cand_01747.png,happy,neutral,0.066,0.5003,"neutral(0.50), sad(0.18)",False,Teacher predicted 'neutral' (0.500)
happy_cand_01748.png,happy,neutral,0.0761,0.812,"neutral(0.81), happy(0.08)",False,Teacher predicted 'neutral' (0.812)
happy_cand_01749.png,happy,happy,0.8353,0.8353,"happy(0.84), angry(0.07)",True,Accepted
happy_cand_01750.png,happy,happy,0.759,0.759,"happy(0.76), neutral(0.10)",True,Accepted
happy_cand_01751.png,happy,neutral,0.3087,0.4094,"neutral(0.41), happy(0.31)",False,Teacher predicted 'neutral' (0.409)
happy_cand_01752.png,happy,happy,0.8469,0.8469,"happy(0.85), disgust(0.09)",True,Accepted
happy_cand_01753.png,happy,happy,0.3564,0.3564,"happy(0.36), neutral(0.31)",False,Low Happy probability (0.356 < 0.7)
happy_cand_01754.png,happy,happy,0.7535,0.7535,"happy(0.75), neutral(0.09)",True,Accepted
happy_cand_01755.png,happy,happy,0.3225,0.3225,"happy(0.32), disgust(0.20)",False,Low Happy probability (0.322 < 0.7)
happy_cand_01756.png,happy,angry,0.2173,0.2352,"angry(0.24), happy(0.22)",False,Teacher predicted 'angry' (0.235)
happy_cand_01757.png,happy,happy,0.5965,0.5965,"happy(0.60), neutral(0.21)",False,Low Happy probability (0.597 < 0.7)
happy_cand_01758.png,happy,happy,0.6371,0.6371,"happy(0.64), neutral(0.13)",False,Low Happy probability (0.637 < 0.7)
happy_cand_01759.png,happy,neutral,0.3241,0.3678,"neutral(0.37), happy(0.32)",False,Teacher predicted 'neutral' (0.368)
happy_cand_01760.png,happy,neutral,0.0846,0.5252,"neutral(0.53), sad(0.14)",False,Teacher predicted 'neutral' (0.525)
happy_cand_01761.png,happy,happy,0.7736,0.7736,"happy(0.77), neutral(0.09)",True,Accepted
happy_cand_01762.png,happy,happy,0.6128,0.6128,"happy(0.61), disgust(0.24)",False,Low Happy probability (0.613 < 0.7)
happy_cand_01763.png,happy,neutral,0.1762,0.3842,"neutral(0.38), happy(0.18)",False,Teacher predicted 'neutral' (0.384)
happy_cand_01764.png,happy,happy,0.4364,0.4364,"happy(0.44), neutral(0.43)",False,Low Happy probability (0.436 < 0.7)
happy_cand_01765.png,happy,neutral,0.2879,0.3165,"neutral(0.32), happy(0.29)",False,Teacher predicted 'neutral' (0.316)
happy_cand_01766.png,happy,sad,0.1032,0.2655,"sad(0.27), fear(0.16)",False,Teacher predicted 'sad' (0.266)
happy_cand_01767.png,happy,happy,0.7612,0.7612,"happy(0.76), neutral(0.13)",True,Accepted
happy_cand_01768.png,happy,happy,0.8984,0.8984,"happy(0.90), disgust(0.05)",True,Accepted
happy_cand_01769.png,happy,happy,0.5044,0.5044,"happy(0.50), neutral(0.20)",False,Low Happy probability (0.504 < 0.7)
happy_cand_01770.png,happy,happy,0.8597,0.8597,"happy(0.86), disgust(0.07)",True,Accepted
happy_cand_01771.png,happy,neutral,0.2297,0.3303,"neutral(0.33), happy(0.23)",False,Teacher predicted 'neutral' (0.330)
happy_cand_01772.png,happy,happy,0.6761,0.6761,"happy(0.68), disgust(0.10)",False,Low Happy probability (0.676 < 0.7)
happy_cand_01773.png,happy,happy,0.865,0.865,"happy(0.87), disgust(0.06)",True,Accepted
happy_cand_01774.png,happy,happy,0.308,0.308,"happy(0.31), angry(0.17)",False,Low Happy probability (0.308 < 0.7)
happy_cand_01775.png,happy,neutral,0.3299,0.5162,"neutral(0.52), happy(0.33)",False,Teacher predicted 'neutral' (0.516)
happy_cand_01776.png,happy,happy,0.4555,0.4555,"happy(0.46), neutral(0.22)",False,Low Happy probability (0.456 < 0.7)
happy_cand_01777.png,happy,happy,0.5564,0.5564,"happy(0.56), neutral(0.25)",False,Low Happy probability (0.556 < 0.7)
happy_cand_01778.png,happy,happy,0.5042,0.5042,"happy(0.50), neutral(0.26)",False,Low Happy probability (0.504 < 0.7)
happy_cand_01779.png,happy,neutral,0.2682,0.4167,"neutral(0.42), happy(0.27)",False,Teacher predicted 'neutral' (0.417)
happy_cand_01780.png,happy,happy,0.8304,0.8304,"happy(0.83), disgust(0.08)",True,Accepted
happy_cand_01781.png,happy,happy,0.8292,0.8292,"happy(0.83), disgust(0.07)",True,Accepted
happy_cand_01782.png,happy,happy,0.712,0.712,"happy(0.71), angry(0.11)",True,Accepted
happy_cand_01783.png,happy,happy,0.6546,0.6546,"happy(0.65), neutral(0.18)",False,Low Happy probability (0.655 < 0.7)
happy_cand_01784.png,happy,neutral,0.3995,0.4043,"neutral(0.40), happy(0.40)",False,Teacher predicted 'neutral' (0.404)
happy_cand_01785.png,happy,happy,0.6281,0.6281,"happy(0.63), disgust(0.12)",False,Low Happy probability (0.628 < 0.7)
happy_cand_01786.png,happy,happy,0.7079,0.7079,"happy(0.71), disgust(0.08)",True,Accepted
happy_cand_01787.png,happy,angry,0.1398,0.5644,"angry(0.56), happy(0.14)",False,Teacher predicted 'angry' (0.564)
happy_cand_01788.png,happy,happy,0.5521,0.5521,"happy(0.55), neutral(0.20)",False,Low Happy probability (0.552 < 0.7)
happy_cand_01789.png,happy,happy,0.4247,0.4247,"happy(0.42), neutral(0.22)",False,Low Happy probability (0.425 < 0.7)
happy_cand_01790.png,happy,happy,0.8646,0.8646,"happy(0.86), disgust(0.08)",True,Accepted
happy_cand_01791.png,happy,sad,0.0541,0.3104,"sad(0.31), fear(0.30)",False,Teacher predicted 'sad' (0.310)
happy_cand_01792.png,happy,happy,0.6556,0.6556,"happy(0.66), neutral(0.17)",False,Low Happy probability (0.656 < 0.7)
happy_cand_01793.png,happy,happy,0.464,0.464,"happy(0.46), neutral(0.28)",False,Low Happy probability (0.464 < 0.7)
happy_cand_01794.png,happy,disgust,0.1199,0.4035,"disgust(0.40), angry(0.30)",False,Teacher predicted 'disgust' (0.404)
happy_cand_01795.png,happy,happy,0.6745,0.6745,"happy(0.67), disgust(0.13)",False,Low Happy probability (0.675 < 0.7)
happy_cand_01796.png,happy,happy,0.7986,0.7986,"happy(0.80), disgust(0.07)",True,Accepted
happy_cand_01797.png,happy,neutral,0.1092,0.5854,"neutral(0.59), sad(0.13)",False,Teacher predicted 'neutral' (0.585)
happy_cand_01798.png,happy,happy,0.8712,0.8712,"happy(0.87), disgust(0.07)",True,Accepted
happy_cand_01799.png,happy,happy,0.7675,0.7675,"happy(0.77), disgust(0.07)",True,Accepted
happy_cand_01800.png,happy,neutral,0.2542,0.5139,"neutral(0.51), happy(0.25)",False,Teacher predicted 'neutral' (0.514)
happy_cand_01801.png,happy,angry,0.0216,0.6308,"angry(0.63), sad(0.09)",False,Teacher predicted 'angry' (0.631)
happy_cand_01802.png,happy,happy,0.8063,0.8063,"happy(0.81), neutral(0.09)",True,Accepted
happy_cand_01803.png,happy,neutral,0.1546,0.7057,"neutral(0.71), happy(0.15)",False,Teacher predicted 'neutral' (0.706)
happy_cand_01804.png,happy,happy,0.422,0.422,"happy(0.42), neutral(0.38)",False,Low Happy probability (0.422 < 0.7)
happy_cand_01805.png,happy,neutral,0.2894,0.4747,"neutral(0.47), happy(0.29)",False,Teacher predicted 'neutral' (0.475)
happy_cand_01806.png,happy,sad,0.0099,0.3775,"sad(0.38), neutral(0.32)",False,Teacher predicted 'sad' (0.378)
happy_cand_01807.png,happy,happy,0.7342,0.7342,"happy(0.73), disgust(0.07)",True,Accepted
happy_cand_01808.png,happy,neutral,0.3369,0.371,"neutral(0.37), happy(0.34)",False,Teacher predicted 'neutral' (0.371)
happy_cand_01809.png,happy,happy,0.6535,0.6535,"happy(0.65), disgust(0.09)",False,Low Happy probability (0.653 < 0.7)
happy_cand_01810.png,happy,happy,0.8247,0.8247,"happy(0.82), disgust(0.07)",True,Accepted
happy_cand_01811.png,happy,happy,0.3201,0.3201,"happy(0.32), neutral(0.22)",False,Low Happy probability (0.320 < 0.7)
happy_cand_01812.png,happy,happy,0.8599,0.8599,"happy(0.86), disgust(0.08)",True,Accepted
happy_cand_01813.png,happy,happy,0.5024,0.5024,"happy(0.50), neutral(0.20)",False,Low Happy probability (0.502 < 0.7)
happy_cand_01814.png,happy,happy,0.3941,0.3941,"happy(0.39), neutral(0.33)",False,Low Happy probability (0.394 < 0.7)
happy_cand_01815.png,happy,angry,0.1318,0.28,"angry(0.28), sad(0.24)",False,Teacher predicted 'angry' (0.280)
happy_cand_01816.png,happy,happy,0.7832,0.7832,"happy(0.78), disgust(0.07)",True,Accepted
happy_cand_01817.png,happy,happy,0.753,0.753,"happy(0.75), disgust(0.08)",True,Accepted
happy_cand_01818.png,happy,neutral,0.3759,0.4229,"neutral(0.42), happy(0.38)",False,Teacher predicted 'neutral' (0.423)
happy_cand_01819.png,happy,happy,0.7625,0.7625,"happy(0.76), neutral(0.12)",True,Accepted
happy_cand_01820.png,happy,happy,0.8663,0.8663,"happy(0.87), disgust(0.07)",True,Accepted
happy_cand_01821.png,happy,neutral,0.3424,0.4213,"neutral(0.42), happy(0.34)",False,Teacher predicted 'neutral' (0.421)
happy_cand_01822.png,happy,neutral,0.225,0.4356,"neutral(0.44), happy(0.23)",False,Teacher predicted 'neutral' (0.436)
happy_cand_01823.png,happy,happy,0.8251,0.8251,"happy(0.83), disgust(0.07)",True,Accepted
happy_cand_01824.png,happy,disgust,0.1442,0.5729,"disgust(0.57), happy(0.14)",False,Teacher predicted 'disgust' (0.573)
happy_cand_01825.png,happy,neutral,0.1477,0.5762,"neutral(0.58), happy(0.15)",False,Teacher predicted 'neutral' (0.576)
happy_cand_01826.png,happy,angry,0.1983,0.3526,"angry(0.35), happy(0.20)",False,Teacher predicted 'angry' (0.353)
happy_cand_01827.png,happy,angry,0.1567,0.3689,"angry(0.37), neutral(0.24)",False,Teacher predicted 'angry' (0.369)
happy_cand_01828.png,happy,happy,0.5381,0.5381,"happy(0.54), neutral(0.25)",False,Low Happy probability (0.538 < 0.7)
happy_cand_01829.png,happy,neutral,0.3513,0.4312,"neutral(0.43), happy(0.35)",False,Teacher predicted 'neutral' (0.431)
happy_cand_01830.png,happy,happy,0.6069,0.6069,"happy(0.61), neutral(0.13)",False,Low Happy probability (0.607 < 0.7)
happy_cand_01831.png,happy,angry,0.1596,0.3143,"angry(0.31), neutral(0.31)",False,Teacher predicted 'angry' (0.314)
happy_cand_01832.png,happy,neutral,0.1887,0.3521,"neutral(0.35), happy(0.19)",False,Teacher predicted 'neutral' (0.352)
happy_cand_01833.png,happy,happy,0.6775,0.6775,"happy(0.68), neutral(0.20)",False,Low Happy probability (0.677 < 0.7)
happy_cand_01834.png,happy,happy,0.8484,0.8484,"happy(0.85), disgust(0.08)",True,Accepted
happy_cand_01835.png,happy,happy,0.7072,0.7072,"happy(0.71), disgust(0.09)",True,Accepted
happy_cand_01836.png,happy,neutral,0.0241,0.4476,"neutral(0.45), sad(0.34)",False,Teacher predicted 'neutral' (0.448)
happy_cand_01837.png,happy,neutral,0.228,0.4825,"neutral(0.48), happy(0.23)",False,Teacher predicted 'neutral' (0.482)
happy_cand_01838.png,happy,angry,0.1467,0.4925,"angry(0.49), happy(0.15)",False,Teacher predicted 'angry' (0.493)
happy_cand_01839.png,happy,happy,0.708,0.708,"happy(0.71), neutral(0.14)",True,Accepted
happy_cand_01840.png,happy,happy,0.3934,0.3934,"happy(0.39), neutral(0.33)",False,Low Happy probability (0.393 < 0.7)
happy_cand_01841.png,happy,neutral,0.0225,0.7084,"neutral(0.71), sad(0.11)",False,Teacher predicted 'neutral' (0.708)
happy_cand_01842.png,happy,happy,0.8589,0.8589,"happy(0.86), disgust(0.06)",True,Accepted
happy_cand_01843.png,happy,disgust,0.1508,0.6684,"disgust(0.67), happy(0.15)",False,Teacher predicted 'disgust' (0.668)
happy_cand_01844.png,happy,neutral,0.1595,0.4966,"neutral(0.50), happy(0.16)",False,Teacher predicted 'neutral' (0.497)
happy_cand_01845.png,happy,happy,0.6909,0.6909,"happy(0.69), neutral(0.09)",False,Low Happy probability (0.691 < 0.7)
happy_cand_01846.png,happy,happy,0.7069,0.7069,"happy(0.71), disgust(0.12)",True,Accepted
happy_cand_01847.png,happy,neutral,0.1828,0.2874,"neutral(0.29), sad(0.23)",False,Teacher predicted 'neutral' (0.287)
happy_cand_01848.png,happy,neutral,0.1349,0.3465,"neutral(0.35), sad(0.27)",False,Teacher predicted 'neutral' (0.347)
happy_cand_01849.png,happy,happy,0.5086,0.5086,"happy(0.51), sad(0.17)",False,Low Happy probability (0.509 < 0.7)
happy_cand_01850.png,happy,happy,0.593,0.593,"happy(0.59), neutral(0.16)",False,Low Happy probability (0.593 < 0.7)
happy_cand_01851.png,happy,surprise,0.2141,0.4626,"surprise(0.46), happy(0.21)",False,Teacher predicted 'surprise' (0.463)
happy_cand_01852.png,happy,neutral,0.0505,0.8167,"neutral(0.82), happy(0.05)",False,Teacher predicted 'neutral' (0.817)
happy_cand_01853.png,happy,happy,0.8385,0.8385,"happy(0.84), disgust(0.06)",True,Accepted
happy_cand_01854.png,happy,happy,0.6391,0.6391,"happy(0.64), neutral(0.15)",False,Low Happy probability (0.639 < 0.7)
happy_cand_01855.png,happy,neutral,0.3444,0.5422,"neutral(0.54), happy(0.34)",False,Teacher predicted 'neutral' (0.542)
happy_cand_01856.png,happy,sad,0.0157,0.625,"sad(0.63), neutral(0.14)",False,Teacher predicted 'sad' (0.625)
happy_cand_01857.png,happy,neutral,0.1904,0.5746,"neutral(0.57), happy(0.19)",False,Teacher predicted 'neutral' (0.575)
happy_cand_01858.png,happy,neutral,0.0925,0.6627,"neutral(0.66), happy(0.09)",False,Teacher predicted 'neutral' (0.663)
happy_cand_01859.png,happy,happy,0.7746,0.7746,"happy(0.77), disgust(0.11)",True,Accepted
happy_cand_01860.png,happy,neutral,0.3112,0.4181,"neutral(0.42), happy(0.31)",False,Teacher predicted 'neutral' (0.418)
happy_cand_01861.png,happy,happy,0.8083,0.8083,"happy(0.81), disgust(0.08)",True,Accepted
happy_cand_01862.png,happy,neutral,0.0608,0.3638,"neutral(0.36), sad(0.19)",False,Teacher predicted 'neutral' (0.364)
happy_cand_01863.png,happy,neutral,0.0233,0.6906,"neutral(0.69), sad(0.15)",False,Teacher predicted 'neutral' (0.691)
happy_cand_01864.png,happy,happy,0.6704,0.6704,"happy(0.67), neutral(0.20)",False,Low Happy probability (0.670 < 0.7)
happy_cand_01865.png,happy,happy,0.8458,0.8458,"happy(0.85), disgust(0.06)",True,Accepted
happy_cand_01866.png,happy,neutral,0.0377,0.5606,"neutral(0.56), sad(0.16)",False,Teacher predicted 'neutral' (0.561)
happy_cand_01867.png,happy,happy,0.6647,0.6647,"happy(0.66), neutral(0.14)",False,Low Happy probability (0.665 < 0.7)
happy_cand_01868.png,happy,happy,0.515,0.515,"happy(0.52), neutral(0.31)",False,Low Happy probability (0.515 < 0.7)
happy_cand_01869.png,happy,happy,0.7918,0.7918,"happy(0.79), neutral(0.08)",True,Accepted
happy_cand_01870.png,happy,neutral,0.0474,0.3552,"neutral(0.36), sad(0.27)",False,Teacher predicted 'neutral' (0.355)
happy_cand_01871.png,happy,happy,0.4918,0.4918,"happy(0.49), neutral(0.16)",False,Low Happy probability (0.492 < 0.7)
happy_cand_01872.png,happy,happy,0.7379,0.7379,"happy(0.74), neutral(0.12)",True,Accepted
happy_cand_01873.png,happy,disgust,0.1802,0.5405,"disgust(0.54), happy(0.18)",False,Teacher predicted 'disgust' (0.540)
happy_cand_01874.png,happy,neutral,0.1918,0.5464,"neutral(0.55), happy(0.19)",False,Teacher predicted 'neutral' (0.546)
happy_cand_01875.png,happy,happy,0.8486,0.8486,"happy(0.85), disgust(0.06)",True,Accepted
happy_cand_01876.png,happy,happy,0.6509,0.6509,"happy(0.65), neutral(0.13)",False,Low Happy probability (0.651 < 0.7)
happy_cand_01877.png,happy,happy,0.8228,0.8228,"happy(0.82), disgust(0.07)",True,Accepted
happy_cand_01878.png,happy,happy,0.5234,0.5234,"happy(0.52), neutral(0.24)",False,Low Happy probability (0.523 < 0.7)
happy_cand_01879.png,happy,happy,0.5909,0.5909,"happy(0.59), angry(0.17)",False,Low Happy probability (0.591 < 0.7)
happy_cand_01880.png,happy,neutral,0.1264,0.6179,"neutral(0.62), happy(0.13)",False,Teacher predicted 'neutral' (0.618)
happy_cand_01881.png,happy,neutral,0.1938,0.2684,"neutral(0.27), happy(0.19)",False,Teacher predicted 'neutral' (0.268)
happy_cand_01882.png,happy,happy,0.7403,0.7403,"happy(0.74), neutral(0.08)",True,Accepted
happy_cand_01883.png,happy,happy,0.8057,0.8057,"happy(0.81), disgust(0.09)",True,Accepted
happy_cand_01884.png,happy,happy,0.5492,0.5492,"happy(0.55), neutral(0.27)",False,Low Happy probability (0.549 < 0.7)
happy_cand_01885.png,happy,happy,0.6131,0.6131,"happy(0.61), neutral(0.14)",False,Low Happy probability (0.613 < 0.7)
happy_cand_01886.png,happy,angry,0.1253,0.4257,"angry(0.43), neutral(0.26)",False,Teacher predicted 'angry' (0.426)
happy_cand_01887.png,happy,happy,0.6936,0.6936,"happy(0.69), neutral(0.11)",False,Low Happy probability (0.694 < 0.7)
happy_cand_01888.png,happy,happy,0.8425,0.8425,"happy(0.84), neutral(0.07)",True,Accepted
happy_cand_01889.png,happy,happy,0.5216,0.5216,"happy(0.52), neutral(0.19)",False,Low Happy probability (0.522 < 0.7)
happy_cand_01890.png,happy,fear,0.1158,0.3851,"fear(0.39), neutral(0.14)",False,Teacher predicted 'fear' (0.385)
happy_cand_01891.png,happy,neutral,0.2938,0.3907,"neutral(0.39), happy(0.29)",False,Teacher predicted 'neutral' (0.391)
happy_cand_01892.png,happy,neutral,0.0358,0.7232,"neutral(0.72), sad(0.08)",False,Teacher predicted 'neutral' (0.723)
happy_cand_01893.png,happy,neutral,0.1156,0.6679,"neutral(0.67), happy(0.12)",False,Teacher predicted 'neutral' (0.668)
happy_cand_01894.png,happy,happy,0.7229,0.7229,"happy(0.72), neutral(0.09)",True,Accepted
happy_cand_01895.png,happy,happy,0.4435,0.4435,"happy(0.44), neutral(0.31)",False,Low Happy probability (0.443 < 0.7)
happy_cand_01896.png,happy,neutral,0.3042,0.5377,"neutral(0.54), happy(0.30)",False,Teacher predicted 'neutral' (0.538)
happy_cand_01897.png,happy,happy,0.5524,0.5524,"happy(0.55), neutral(0.29)",False,Low Happy probability (0.552 < 0.7)
happy_cand_01898.png,happy,neutral,0.0239,0.8479,"neutral(0.85), sad(0.05)",False,Teacher predicted 'neutral' (0.848)
happy_cand_01899.png,happy,neutral,0.2362,0.6069,"neutral(0.61), happy(0.24)",False,Teacher predicted 'neutral' (0.607)
happy_cand_01900.png,happy,happy,0.8228,0.8228,"happy(0.82), disgust(0.07)",True,Accepted
happy_cand_01901.png,happy,angry,0.1923,0.2163,"angry(0.22), happy(0.19)",False,Teacher predicted 'angry' (0.216)
happy_cand_01902.png,happy,happy,0.8621,0.8621,"happy(0.86), disgust(0.08)",True,Accepted
happy_cand_01903.png,happy,neutral,0.0456,0.82,"neutral(0.82), happy(0.05)",False,Teacher predicted 'neutral' (0.820)
happy_cand_01904.png,happy,happy,0.6047,0.6047,"happy(0.60), angry(0.18)",False,Low Happy probability (0.605 < 0.7)
happy_cand_01905.png,happy,happy,0.55,0.55,"happy(0.55), neutral(0.25)",False,Low Happy probability (0.550 < 0.7)
happy_cand_01906.png,happy,happy,0.7875,0.7875,"happy(0.79), disgust(0.08)",True,Accepted
happy_cand_01907.png,happy,happy,0.5983,0.5983,"happy(0.60), neutral(0.21)",False,Low Happy probability (0.598 < 0.7)
happy_cand_01908.png,happy,neutral,0.0839,0.5646,"neutral(0.56), angry(0.18)",False,Teacher predicted 'neutral' (0.565)
happy_cand_01909.png,happy,neutral,0.1619,0.556,"neutral(0.56), happy(0.16)",False,Teacher predicted 'neutral' (0.556)
happy_cand_01910.png,happy,neutral,0.141,0.7125,"neutral(0.71), happy(0.14)",False,Teacher predicted 'neutral' (0.712)
happy_cand_01911.png,happy,neutral,0.0591,0.4115,"neutral(0.41), sad(0.23)",False,Teacher predicted 'neutral' (0.412)
happy_cand_01912.png,happy,happy,0.7145,0.7145,"happy(0.71), neutral(0.09)",True,Accepted
happy_cand_01913.png,happy,neutral,0.2913,0.2959,"neutral(0.30), happy(0.29)",False,Teacher predicted 'neutral' (0.296)
happy_cand_01914.png,happy,happy,0.7899,0.7899,"happy(0.79), neutral(0.08)",True,Accepted
happy_cand_01915.png,happy,neutral,0.2668,0.3693,"neutral(0.37), happy(0.27)",False,Teacher predicted 'neutral' (0.369)
happy_cand_01916.png,happy,disgust,0.0111,0.7218,"disgust(0.72), angry(0.17)",False,Teacher predicted 'disgust' (0.722)
happy_cand_01917.png,happy,neutral,0.0506,0.7879,"neutral(0.79), disgust(0.05)",False,Teacher predicted 'neutral' (0.788)
happy_cand_01918.png,happy,happy,0.8025,0.8025,"happy(0.80), disgust(0.07)",True,Accepted
happy_cand_01919.png,happy,happy,0.8041,0.8041,"happy(0.80), disgust(0.08)",True,Accepted
happy_cand_01920.png,happy,happy,0.3208,0.3208,"happy(0.32), neutral(0.20)",False,Low Happy probability (0.321 < 0.7)
happy_cand_01921.png,happy,happy,0.6956,0.6956,"happy(0.70), neutral(0.16)",False,Low Happy probability (0.696 < 0.7)
happy_cand_01922.png,happy,happy,0.5164,0.5164,"happy(0.52), neutral(0.29)",False,Low Happy probability (0.516 < 0.7)
happy_cand_01923.png,happy,neutral,0.0575,0.3861,"neutral(0.39), sad(0.37)",False,Teacher predicted 'neutral' (0.386)
happy_cand_01924.png,happy,happy,0.659,0.659,"happy(0.66), neutral(0.18)",False,Low Happy probability (0.659 < 0.7)
happy_cand_01925.png,happy,happy,0.6138,0.6138,"happy(0.61), disgust(0.10)",False,Low Happy probability (0.614 < 0.7)
happy_cand_01926.png,happy,neutral,0.0545,0.6995,"neutral(0.70), sad(0.10)",False,Teacher predicted 'neutral' (0.700)
happy_cand_01927.png,happy,happy,0.764,0.764,"happy(0.76), disgust(0.09)",True,Accepted
happy_cand_01928.png,happy,happy,0.8441,0.8441,"happy(0.84), disgust(0.08)",True,Accepted
happy_cand_01929.png,happy,happy,0.4505,0.4505,"happy(0.45), neutral(0.22)",False,Low Happy probability (0.451 < 0.7)
happy_cand_01930.png,happy,happy,0.7662,0.7662,"happy(0.77), neutral(0.12)",True,Accepted
happy_cand_01931.png,happy,happy,0.4845,0.4845,"happy(0.48), neutral(0.22)",False,Low Happy probability (0.484 < 0.7)
happy_cand_01932.png,happy,happy,0.8763,0.8763,"happy(0.88), disgust(0.07)",True,Accepted
happy_cand_01933.png,happy,happy,0.7202,0.7202,"happy(0.72), neutral(0.11)",True,Accepted
happy_cand_01934.png,happy,happy,0.7949,0.7949,"happy(0.79), disgust(0.07)",True,Accepted
happy_cand_01935.png,happy,happy,0.4914,0.4914,"happy(0.49), disgust(0.17)",False,Low Happy probability (0.491 < 0.7)
happy_cand_01936.png,happy,happy,0.8106,0.8106,"happy(0.81), disgust(0.06)",True,Accepted
happy_cand_01937.png,happy,happy,0.3614,0.3614,"happy(0.36), sad(0.15)",False,Low Happy probability (0.361 < 0.7)
happy_cand_01938.png,happy,happy,0.545,0.545,"happy(0.54), neutral(0.31)",False,Low Happy probability (0.545 < 0.7)
happy_cand_01939.png,happy,happy,0.6417,0.6417,"happy(0.64), surprise(0.10)",False,Low Happy probability (0.642 < 0.7)
happy_cand_01940.png,happy,neutral,0.1994,0.4339,"neutral(0.43), happy(0.20)",False,Teacher predicted 'neutral' (0.434)
happy_cand_01941.png,happy,happy,0.5565,0.5565,"happy(0.56), neutral(0.22)",False,Low Happy probability (0.556 < 0.7)
happy_cand_01942.png,happy,happy,0.7491,0.7491,"happy(0.75), neutral(0.12)",True,Accepted
happy_cand_01943.png,happy,happy,0.5059,0.5059,"happy(0.51), neutral(0.32)",False,Low Happy probability (0.506 < 0.7)
happy_cand_01944.png,happy,happy,0.7879,0.7879,"happy(0.79), disgust(0.10)",True,Accepted
happy_cand_01945.png,happy,happy,0.6102,0.6102,"happy(0.61), disgust(0.12)",False,Low Happy probability (0.610 < 0.7)
happy_cand_01946.png,happy,neutral,0.0592,0.62,"neutral(0.62), sad(0.11)",False,Teacher predicted 'neutral' (0.620)
happy_cand_01947.png,happy,neutral,0.0286,0.8271,"neutral(0.83), sad(0.05)",False,Teacher predicted 'neutral' (0.827)
happy_cand_01948.png,happy,happy,0.6671,0.6671,"happy(0.67), disgust(0.12)",False,Low Happy probability (0.667 < 0.7)
happy_cand_01949.png,happy,neutral,0.0358,0.484,"neutral(0.48), angry(0.24)",False,Teacher predicted 'neutral' (0.484)
happy_cand_01950.png,happy,happy,0.657,0.657,"happy(0.66), neutral(0.13)",False,Low Happy probability (0.657 < 0.7)
happy_cand_01951.png,happy,neutral,0.0504,0.7135,"neutral(0.71), sad(0.08)",False,Teacher predicted 'neutral' (0.713)
happy_cand_01952.png,happy,happy,0.6586,0.6586,"happy(0.66), angry(0.10)",False,Low Happy probability (0.659 < 0.7)
happy_cand_01953.png,happy,happy,0.8266,0.8266,"happy(0.83), disgust(0.08)",True,Accepted
happy_cand_01954.png,happy,neutral,0.0359,0.8588,"neutral(0.86), happy(0.04)",False,Teacher predicted 'neutral' (0.859)
happy_cand_01955.png,happy,neutral,0.0574,0.6445,"neutral(0.64), angry(0.11)",False,Teacher predicted 'neutral' (0.644)
happy_cand_01956.png,happy,angry,0.1367,0.5954,"angry(0.60), happy(0.14)",False,Teacher predicted 'angry' (0.595)
happy_cand_01957.png,happy,neutral,0.1844,0.6854,"neutral(0.69), happy(0.18)",False,Teacher predicted 'neutral' (0.685)
happy_cand_01958.png,happy,happy,0.7552,0.7552,"happy(0.76), angry(0.09)",True,Accepted
happy_cand_01959.png,happy,neutral,0.3096,0.4011,"neutral(0.40), happy(0.31)",False,Teacher predicted 'neutral' (0.401)
happy_cand_01960.png,happy,happy,0.7013,0.7013,"happy(0.70), neutral(0.13)",True,Accepted
happy_cand_01961.png,happy,happy,0.2626,0.2626,"happy(0.26), angry(0.25)",False,Low Happy probability (0.263 < 0.7)
happy_cand_01962.png,happy,happy,0.7532,0.7532,"happy(0.75), neutral(0.12)",True,Accepted
happy_cand_01963.png,happy,happy,0.7931,0.7931,"happy(0.79), disgust(0.07)",True,Accepted
happy_cand_01964.png,happy,happy,0.6787,0.6787,"happy(0.68), neutral(0.16)",False,Low Happy probability (0.679 < 0.7)
happy_cand_01965.png,happy,happy,0.4928,0.4928,"happy(0.49), neutral(0.18)",False,Low Happy probability (0.493 < 0.7)
happy_cand_01966.png,happy,sad,0.0124,0.3917,"sad(0.39), fear(0.31)",False,Teacher predicted 'sad' (0.392)
happy_cand_01967.png,happy,happy,0.7837,0.7837,"happy(0.78), disgust(0.06)",True,Accepted
happy_cand_01968.png,happy,neutral,0.071,0.6112,"neutral(0.61), sad(0.18)",False,Teacher predicted 'neutral' (0.611)
happy_cand_01969.png,happy,neutral,0.1424,0.473,"neutral(0.47), sad(0.15)",False,Teacher predicted 'neutral' (0.473)
happy_cand_01970.png,happy,happy,0.3756,0.3756,"happy(0.38), neutral(0.19)",False,Low Happy probability (0.376 < 0.7)
happy_cand_01971.png,happy,happy,0.7397,0.7397,"happy(0.74), disgust(0.08)",True,Accepted
happy_cand_01972.png,happy,neutral,0.1202,0.3004,"neutral(0.30), angry(0.20)",False,Teacher predicted 'neutral' (0.300)
happy_cand_01973.png,happy,happy,0.425,0.425,"happy(0.43), neutral(0.27)",False,Low Happy probability (0.425 < 0.7)
happy_cand_01974.png,happy,happy,0.4913,0.4913,"happy(0.49), neutral(0.27)",False,Low Happy probability (0.491 < 0.7)
happy_cand_01975.png,happy,neutral,0.2991,0.4527,"neutral(0.45), happy(0.30)",False,Teacher predicted 'neutral' (0.453)
happy_cand_01976.png,happy,neutral,0.1855,0.7011,"neutral(0.70), happy(0.19)",False,Teacher predicted 'neutral' (0.701)
happy_cand_01977.png,happy,neutral,0.1688,0.669,"neutral(0.67), happy(0.17)",False,Teacher predicted 'neutral' (0.669)
happy_cand_01978.png,happy,happy,0.8364,0.8364,"happy(0.84), disgust(0.08)",True,Accepted
happy_cand_01979.png,happy,happy,0.6978,0.6978,"happy(0.70), neutral(0.15)",False,Low Happy probability (0.698 < 0.7)
happy_cand_01980.png,happy,happy,0.624,0.624,"happy(0.62), neutral(0.18)",False,Low Happy probability (0.624 < 0.7)
happy_cand_01981.png,happy,happy,0.3531,0.3531,"happy(0.35), sad(0.26)",False,Low Happy probability (0.353 < 0.7)
happy_cand_01982.png,happy,neutral,0.1144,0.7151,"neutral(0.72), happy(0.11)",False,Teacher predicted 'neutral' (0.715)
happy_cand_01983.png,happy,happy,0.5049,0.5049,"happy(0.50), neutral(0.18)",False,Low Happy probability (0.505 < 0.7)
happy_cand_01984.png,happy,happy,0.6355,0.6355,"happy(0.64), angry(0.13)",False,Low Happy probability (0.636 < 0.7)
happy_cand_01985.png,happy,neutral,0.0095,0.7133,"neutral(0.71), sad(0.15)",False,Teacher predicted 'neutral' (0.713)
happy_cand_01986.png,happy,sad,0.2604,0.4084,"sad(0.41), happy(0.26)",False,Teacher predicted 'sad' (0.408)
happy_cand_01987.png,happy,happy,0.5768,0.5768,"happy(0.58), neutral(0.15)",False,Low Happy probability (0.577 < 0.7)
happy_cand_01988.png,happy,happy,0.426,0.426,"happy(0.43), angry(0.22)",False,Low Happy probability (0.426 < 0.7)
happy_cand_01989.png,happy,happy,0.3991,0.3991,"happy(0.40), angry(0.15)",False,Low Happy probability (0.399 < 0.7)
happy_cand_01990.png,happy,happy,0.5623,0.5623,"happy(0.56), disgust(0.24)",False,Low Happy probability (0.562 < 0.7)
happy_cand_01991.png,happy,happy,0.7061,0.7061,"happy(0.71), disgust(0.08)",True,Accepted
happy_cand_01992.png,happy,happy,0.3436,0.3436,"happy(0.34), neutral(0.32)",False,Low Happy probability (0.344 < 0.7)
happy_cand_01993.png,happy,neutral,0.0722,0.7697,"neutral(0.77), happy(0.07)",False,Teacher predicted 'neutral' (0.770)
happy_cand_01994.png,happy,happy,0.6157,0.6157,"happy(0.62), neutral(0.18)",False,Low Happy probability (0.616 < 0.7)
happy_cand_01995.png,happy,sad,0.029,0.5418,"sad(0.54), neutral(0.21)",False,Teacher predicted 'sad' (0.542)
happy_cand_01996.png,happy,happy,0.6688,0.6688,"happy(0.67), disgust(0.08)",False,Low Happy probability (0.669 < 0.7)
happy_cand_01997.png,happy,neutral,0.0392,0.4355,"neutral(0.44), angry(0.22)",False,Teacher predicted 'neutral' (0.435)
happy_cand_01998.png,happy,happy,0.3205,0.3205,"happy(0.32), neutral(0.27)",False,Low Happy probability (0.320 < 0.7)
happy_cand_01999.png,happy,happy,0.8119,0.8119,"happy(0.81), disgust(0.07)",True,Accepted
happy_cand_02000.png,happy,happy,0.7677,0.7677,"happy(0.77), neutral(0.10)",True,Accepted
happy_cand_02001.png,happy,happy,0.7758,0.7758,"happy(0.78), disgust(0.08)",True,Accepted
happy_cand_02002.png,happy,happy,0.3807,0.3807,"happy(0.38), neutral(0.29)",False,Low Happy probability (0.381 < 0.7)
happy_cand_02003.png,happy,neutral,0.2476,0.2927,"neutral(0.29), happy(0.25)",False,Teacher predicted 'neutral' (0.293)
happy_cand_02004.png,happy,happy,0.7534,0.7534,"happy(0.75), neutral(0.11)",True,Accepted
happy_cand_02005.png,happy,happy,0.8483,0.8483,"happy(0.85), disgust(0.07)",True,Accepted
happy_cand_02006.png,happy,neutral,0.033,0.4041,"neutral(0.40), sad(0.36)",False,Teacher predicted 'neutral' (0.404)
happy_cand_02007.png,happy,happy,0.8651,0.8651,"happy(0.87), disgust(0.07)",True,Accepted
happy_cand_02008.png,happy,disgust,0.0185,0.3762,"disgust(0.38), angry(0.32)",False,Teacher predicted 'disgust' (0.376)
happy_cand_02009.png,happy,happy,0.7738,0.7738,"happy(0.77), neutral(0.08)",True,Accepted
happy_cand_02010.png,happy,happy,0.8171,0.8171,"happy(0.82), disgust(0.07)",True,Accepted
happy_cand_02011.png,happy,disgust,0.0388,0.4776,"disgust(0.48), angry(0.30)",False,Teacher predicted 'disgust' (0.478)
happy_cand_02012.png,happy,happy,0.741,0.741,"happy(0.74), neutral(0.13)",True,Accepted
happy_cand_02013.png,happy,neutral,0.158,0.4496,"neutral(0.45), angry(0.19)",False,Teacher predicted 'neutral' (0.450)
happy_cand_02014.png,happy,happy,0.8041,0.8041,"happy(0.80), disgust(0.09)",True,Accepted
happy_cand_02015.png,happy,neutral,0.2466,0.4803,"neutral(0.48), happy(0.25)",False,Teacher predicted 'neutral' (0.480)
happy_cand_02016.png,happy,happy,0.6267,0.6267,"happy(0.63), neutral(0.20)",False,Low Happy probability (0.627 < 0.7)
happy_cand_02017.png,happy,sad,0.0559,0.3334,"sad(0.33), neutral(0.27)",False,Teacher predicted 'sad' (0.333)
happy_cand_02018.png,happy,happy,0.7525,0.7525,"happy(0.75), neutral(0.10)",True,Accepted
happy_cand_02019.png,happy,neutral,0.0819,0.6461,"neutral(0.65), angry(0.09)",False,Teacher predicted 'neutral' (0.646)
happy_cand_02020.png,happy,happy,0.5325,0.5325,"happy(0.53), neutral(0.20)",False,Low Happy probability (0.532 < 0.7)
happy_cand_02021.png,happy,neutral,0.1442,0.5498,"neutral(0.55), happy(0.14)",False,Teacher predicted 'neutral' (0.550)
happy_cand_02022.png,happy,happy,0.7926,0.7926,"happy(0.79), disgust(0.07)",True,Accepted
happy_cand_02023.png,happy,happy,0.8461,0.8461,"happy(0.85), disgust(0.06)",True,Accepted
happy_cand_02024.png,happy,happy,0.2899,0.2899,"happy(0.29), neutral(0.23)",False,Low Happy probability (0.290 < 0.7)
happy_cand_02025.png,happy,happy,0.3366,0.3366,"happy(0.34), angry(0.29)",False,Low Happy probability (0.337 < 0.7)
happy_cand_02026.png,happy,happy,0.7948,0.7948,"happy(0.79), disgust(0.05)",True,Accepted
happy_cand_02027.png,happy,happy,0.7068,0.7068,"happy(0.71), neutral(0.15)",True,Accepted
happy_cand_02028.png,happy,happy,0.8506,0.8506,"happy(0.85), disgust(0.08)",True,Accepted
happy_cand_02029.png,happy,happy,0.4838,0.4838,"happy(0.48), sad(0.17)",False,Low Happy probability (0.484 < 0.7)
happy_cand_02030.png,happy,happy,0.8103,0.8103,"happy(0.81), disgust(0.08)",True,Accepted
happy_cand_02031.png,happy,neutral,0.335,0.4818,"neutral(0.48), happy(0.34)",False,Teacher predicted 'neutral' (0.482)
happy_cand_02032.png,happy,happy,0.7184,0.7184,"happy(0.72), neutral(0.12)",True,Accepted
happy_cand_02033.png,happy,happy,0.8551,0.8551,"happy(0.86), disgust(0.06)",True,Accepted
happy_cand_02034.png,happy,neutral,0.0832,0.4692,"neutral(0.47), sad(0.18)",False,Teacher predicted 'neutral' (0.469)
happy_cand_02035.png,happy,happy,0.7834,0.7834,"happy(0.78), neutral(0.09)",True,Accepted
happy_cand_02036.png,happy,happy,0.7828,0.7828,"happy(0.78), neutral(0.09)",True,Accepted
happy_cand_02037.png,happy,neutral,0.3732,0.4044,"neutral(0.40), happy(0.37)",False,Teacher predicted 'neutral' (0.404)
happy_cand_02038.png,happy,happy,0.4312,0.4312,"happy(0.43), neutral(0.33)",False,Low Happy probability (0.431 < 0.7)
happy_cand_02039.png,happy,happy,0.781,0.781,"happy(0.78), neutral(0.11)",True,Accepted
happy_cand_02040.png,happy,neutral,0.1686,0.5111,"neutral(0.51), happy(0.17)",False,Teacher predicted 'neutral' (0.511)
happy_cand_02041.png,happy,neutral,0.047,0.5355,"neutral(0.54), sad(0.21)",False,Teacher predicted 'neutral' (0.536)
happy_cand_02042.png,happy,neutral,0.2863,0.297,"neutral(0.30), happy(0.29)",False,Teacher predicted 'neutral' (0.297)
happy_cand_02043.png,happy,happy,0.7495,0.7495,"happy(0.75), neutral(0.09)",True,Accepted
happy_cand_02044.png,happy,happy,0.5741,0.5741,"happy(0.57), neutral(0.16)",False,Low Happy probability (0.574 < 0.7)
happy_cand_02045.png,happy,happy,0.8593,0.8593,"happy(0.86), disgust(0.08)",True,Accepted
happy_cand_02046.png,happy,neutral,0.2239,0.4623,"neutral(0.46), happy(0.22)",False,Teacher predicted 'neutral' (0.462)
happy_cand_02047.png,happy,neutral,0.0704,0.6043,"neutral(0.60), angry(0.09)",False,Teacher predicted 'neutral' (0.604)
happy_cand_02048.png,happy,happy,0.7841,0.7841,"happy(0.78), surprise(0.08)",True,Accepted
happy_cand_02049.png,happy,neutral,0.1318,0.4366,"neutral(0.44), angry(0.20)",False,Teacher predicted 'neutral' (0.437)
happy_cand_02050.png,happy,happy,0.7309,0.7309,"happy(0.73), neutral(0.16)",True,Accepted
happy_cand_02051.png,happy,happy,0.7862,0.7862,"happy(0.79), disgust(0.09)",True,Accepted
happy_cand_02052.png,happy,neutral,0.0418,0.4312,"neutral(0.43), sad(0.16)",False,Teacher predicted 'neutral' (0.431)
happy_cand_02053.png,happy,happy,0.4421,0.4421,"happy(0.44), neutral(0.13)",False,Low Happy probability (0.442 < 0.7)
happy_cand_02054.png,happy,happy,0.3518,0.3518,"happy(0.35), neutral(0.35)",False,Low Happy probability (0.352 < 0.7)
happy_cand_02055.png,happy,angry,0.239,0.4176,"angry(0.42), happy(0.24)",False,Teacher predicted 'angry' (0.418)
happy_cand_02056.png,happy,happy,0.3821,0.3821,"happy(0.38), neutral(0.28)",False,Low Happy probability (0.382 < 0.7)
happy_cand_02057.png,happy,happy,0.4694,0.4694,"happy(0.47), neutral(0.38)",False,Low Happy probability (0.469 < 0.7)
happy_cand_02058.png,happy,neutral,0.3455,0.3817,"neutral(0.38), happy(0.35)",False,Teacher predicted 'neutral' (0.382)
happy_cand_02059.png,happy,neutral,0.3274,0.4872,"neutral(0.49), happy(0.33)",False,Teacher predicted 'neutral' (0.487)
happy_cand_02060.png,happy,happy,0.3513,0.3513,"happy(0.35), angry(0.35)",False,Low Happy probability (0.351 < 0.7)
happy_cand_02061.png,happy,happy,0.4749,0.4749,"happy(0.47), neutral(0.33)",False,Low Happy probability (0.475 < 0.7)
happy_cand_02062.png,happy,happy,0.7524,0.7524,"happy(0.75), neutral(0.11)",True,Accepted
happy_cand_02063.png,happy,neutral,0.2195,0.4459,"neutral(0.45), happy(0.22)",False,Teacher predicted 'neutral' (0.446)
happy_cand_02064.png,happy,happy,0.638,0.638,"happy(0.64), disgust(0.14)",False,Low Happy probability (0.638 < 0.7)
happy_cand_02065.png,happy,happy,0.7792,0.7792,"happy(0.78), neutral(0.11)",True,Accepted
happy_cand_02066.png,happy,happy,0.3789,0.3789,"happy(0.38), neutral(0.17)",False,Low Happy probability (0.379 < 0.7)
happy_cand_02067.png,happy,happy,0.5468,0.5468,"happy(0.55), neutral(0.26)",False,Low Happy probability (0.547 < 0.7)
happy_cand_02068.png,happy,happy,0.779,0.779,"happy(0.78), disgust(0.07)",True,Accepted
happy_cand_02069.png,happy,happy,0.654,0.654,"happy(0.65), neutral(0.19)",False,Low Happy probability (0.654 < 0.7)
happy_cand_02070.png,happy,neutral,0.1115,0.6183,"neutral(0.62), sad(0.13)",False,Teacher predicted 'neutral' (0.618)
happy_cand_02071.png,happy,happy,0.5574,0.5574,"happy(0.56), neutral(0.14)",False,Low Happy probability (0.557 < 0.7)
happy_cand_02072.png,happy,neutral,0.2447,0.4961,"neutral(0.50), happy(0.24)",False,Teacher predicted 'neutral' (0.496)
happy_cand_02073.png,happy,happy,0.7211,0.7211,"happy(0.72), surprise(0.13)",True,Accepted
happy_cand_02074.png,happy,happy,0.7269,0.7269,"happy(0.73), neutral(0.11)",True,Accepted
happy_cand_02075.png,happy,happy,0.4528,0.4528,"happy(0.45), neutral(0.35)",False,Low Happy probability (0.453 < 0.7)
happy_cand_02076.png,happy,happy,0.4688,0.4688,"happy(0.47), sad(0.16)",False,Low Happy probability (0.469 < 0.7)
happy_cand_02077.png,happy,happy,0.3761,0.3761,"happy(0.38), neutral(0.35)",False,Low Happy probability (0.376 < 0.7)
happy_cand_02078.png,happy,happy,0.8161,0.8161,"happy(0.82), neutral(0.07)",True,Accepted
happy_cand_02079.png,happy,happy,0.8288,0.8288,"happy(0.83), disgust(0.08)",True,Accepted
happy_cand_02080.png,happy,happy,0.442,0.442,"happy(0.44), disgust(0.13)",False,Low Happy probability (0.442 < 0.7)
happy_cand_02081.png,happy,neutral,0.0448,0.7324,"neutral(0.73), angry(0.09)",False,Teacher predicted 'neutral' (0.732)
happy_cand_02082.png,happy,neutral,0.4068,0.5053,"neutral(0.51), happy(0.41)",False,Teacher predicted 'neutral' (0.505)
happy_cand_02083.png,happy,neutral,0.0784,0.756,"neutral(0.76), happy(0.08)",False,Teacher predicted 'neutral' (0.756)
happy_cand_02084.png,happy,neutral,0.2778,0.4322,"neutral(0.43), happy(0.28)",False,Teacher predicted 'neutral' (0.432)
happy_cand_02085.png,happy,happy,0.7643,0.7643,"happy(0.76), neutral(0.08)",True,Accepted
happy_cand_02086.png,happy,happy,0.7802,0.7802,"happy(0.78), disgust(0.09)",True,Accepted
happy_cand_02087.png,happy,angry,0.0772,0.2781,"angry(0.28), sad(0.26)",False,Teacher predicted 'angry' (0.278)
happy_cand_02088.png,happy,happy,0.7723,0.7723,"happy(0.77), disgust(0.08)",True,Accepted
happy_cand_02089.png,happy,sad,0.0268,0.3654,"sad(0.37), neutral(0.31)",False,Teacher predicted 'sad' (0.365)
happy_cand_02090.png,happy,happy,0.731,0.731,"happy(0.73), disgust(0.07)",True,Accepted
happy_cand_02091.png,happy,happy,0.6566,0.6566,"happy(0.66), neutral(0.13)",False,Low Happy probability (0.657 < 0.7)
happy_cand_02092.png,happy,happy,0.601,0.601,"happy(0.60), disgust(0.21)",False,Low Happy probability (0.601 < 0.7)
happy_cand_02093.png,happy,happy,0.8588,0.8588,"happy(0.86), disgust(0.07)",True,Accepted
happy_cand_02094.png,happy,happy,0.8498,0.8498,"happy(0.85), disgust(0.06)",True,Accepted
happy_cand_02095.png,happy,neutral,0.2625,0.3209,"neutral(0.32), happy(0.26)",False,Teacher predicted 'neutral' (0.321)
happy_cand_02096.png,happy,neutral,0.0611,0.6716,"neutral(0.67), angry(0.09)",False,Teacher predicted 'neutral' (0.672)
happy_cand_02097.png,happy,neutral,0.1135,0.6755,"neutral(0.68), happy(0.11)",False,Teacher predicted 'neutral' (0.675)
happy_cand_02098.png,happy,happy,0.4538,0.4538,"happy(0.45), neutral(0.30)",False,Low Happy probability (0.454 < 0.7)
happy_cand_02099.png,happy,neutral,0.1813,0.3824,"neutral(0.38), happy(0.18)",False,Teacher predicted 'neutral' (0.382)
happy_cand_02100.png,happy,happy,0.8571,0.8571,"happy(0.86), disgust(0.07)",True,Accepted
happy_cand_02101.png,happy,happy,0.8098,0.8098,"happy(0.81), disgust(0.09)",True,Accepted
happy_cand_02102.png,happy,neutral,0.2396,0.6224,"neutral(0.62), happy(0.24)",False,Teacher predicted 'neutral' (0.622)
happy_cand_02103.png,happy,neutral,0.0648,0.7852,"neutral(0.79), happy(0.06)",False,Teacher predicted 'neutral' (0.785)
happy_cand_02104.png,happy,happy,0.6379,0.6379,"happy(0.64), neutral(0.24)",False,Low Happy probability (0.638 < 0.7)
happy_cand_02105.png,happy,neutral,0.0881,0.6033,"neutral(0.60), angry(0.13)",False,Teacher predicted 'neutral' (0.603)
happy_cand_02106.png,happy,happy,0.8214,0.8214,"happy(0.82), disgust(0.08)",True,Accepted
happy_cand_02107.png,happy,happy,0.6114,0.6114,"happy(0.61), neutral(0.11)",False,Low Happy probability (0.611 < 0.7)
happy_cand_02108.png,happy,neutral,0.0458,0.3726,"neutral(0.37), sad(0.24)",False,Teacher predicted 'neutral' (0.373)
happy_cand_02109.png,happy,disgust,0.1713,0.4515,"disgust(0.45), angry(0.18)",False,Teacher predicted 'disgust' (0.452)
happy_cand_02110.png,happy,neutral,0.0548,0.3017,"neutral(0.30), sad(0.21)",False,Teacher predicted 'neutral' (0.302)
happy_cand_02111.png,happy,neutral,0.4321,0.4416,"neutral(0.44), happy(0.43)",False,Teacher predicted 'neutral' (0.442)
happy_cand_02112.png,happy,neutral,0.1293,0.5724,"neutral(0.57), sad(0.14)",False,Teacher predicted 'neutral' (0.572)
happy_cand_02113.png,happy,happy,0.5347,0.5347,"happy(0.53), angry(0.13)",False,Low Happy probability (0.535 < 0.7)
happy_cand_02114.png,happy,happy,0.8068,0.8068,"happy(0.81), disgust(0.08)",True,Accepted
happy_cand_02115.png,happy,happy,0.7362,0.7362,"happy(0.74), angry(0.11)",True,Accepted
happy_cand_02116.png,happy,neutral,0.1753,0.3764,"neutral(0.38), happy(0.18)",False,Teacher predicted 'neutral' (0.376)
happy_cand_02117.png,happy,happy,0.5876,0.5876,"happy(0.59), neutral(0.21)",False,Low Happy probability (0.588 < 0.7)
happy_cand_02118.png,happy,happy,0.5947,0.5947,"happy(0.59), neutral(0.27)",False,Low Happy probability (0.595 < 0.7)
happy_cand_02119.png,happy,happy,0.7775,0.7775,"happy(0.78), disgust(0.07)",True,Accepted
happy_cand_02120.png,happy,happy,0.4102,0.4102,"happy(0.41), neutral(0.39)",False,Low Happy probability (0.410 < 0.7)
happy_cand_02121.png,happy,happy,0.5095,0.5095,"happy(0.51), neutral(0.31)",False,Low Happy probability (0.509 < 0.7)
happy_cand_02122.png,happy,happy,0.5367,0.5367,"happy(0.54), fear(0.11)",False,Low Happy probability (0.537 < 0.7)
happy_cand_02123.png,happy,neutral,0.3297,0.4004,"neutral(0.40), happy(0.33)",False,Teacher predicted 'neutral' (0.400)
happy_cand_02124.png,happy,neutral,0.1905,0.6557,"neutral(0.66), happy(0.19)",False,Teacher predicted 'neutral' (0.656)
happy_cand_02125.png,happy,happy,0.6765,0.6765,"happy(0.68), neutral(0.17)",False,Low Happy probability (0.676 < 0.7)
happy_cand_02126.png,happy,happy,0.417,0.417,"happy(0.42), neutral(0.21)",False,Low Happy probability (0.417 < 0.7)
happy_cand_02127.png,happy,neutral,0.1262,0.612,"neutral(0.61), happy(0.13)",False,Teacher predicted 'neutral' (0.612)
happy_cand_02128.png,happy,neutral,0.4048,0.4065,"neutral(0.41), happy(0.40)",False,Teacher predicted 'neutral' (0.407)
happy_cand_02129.png,happy,happy,0.7041,0.7041,"happy(0.70), neutral(0.12)",True,Accepted
happy_cand_02130.png,happy,happy,0.5453,0.5453,"happy(0.55), angry(0.12)",False,Low Happy probability (0.545 < 0.7)
happy_cand_02131.png,happy,happy,0.7506,0.7506,"happy(0.75), disgust(0.09)",True,Accepted
happy_cand_02132.png,happy,happy,0.8218,0.8218,"happy(0.82), angry(0.08)",True,Accepted
happy_cand_02133.png,happy,happy,0.8606,0.8606,"happy(0.86), disgust(0.07)",True,Accepted
happy_cand_02134.png,happy,happy,0.59,0.59,"happy(0.59), neutral(0.25)",False,Low Happy probability (0.590 < 0.7)
happy_cand_02135.png,happy,happy,0.4703,0.4703,"happy(0.47), neutral(0.25)",False,Low Happy probability (0.470 < 0.7)
happy_cand_02136.png,happy,happy,0.4819,0.4819,"happy(0.48), neutral(0.28)",False,Low Happy probability (0.482 < 0.7)
happy_cand_02137.png,happy,happy,0.7572,0.7572,"happy(0.76), neutral(0.10)",True,Accepted
happy_cand_02138.png,happy,happy,0.8288,0.8288,"happy(0.83), disgust(0.08)",True,Accepted
happy_cand_02139.png,happy,happy,0.665,0.665,"happy(0.67), neutral(0.17)",False,Low Happy probability (0.665 < 0.7)
happy_cand_02140.png,happy,happy,0.4864,0.4864,"happy(0.49), angry(0.15)",False,Low Happy probability (0.486 < 0.7)
happy_cand_02141.png,happy,happy,0.4358,0.4358,"happy(0.44), disgust(0.26)",False,Low Happy probability (0.436 < 0.7)
happy_cand_02142.png,happy,happy,0.819,0.819,"happy(0.82), disgust(0.08)",True,Accepted
happy_cand_02143.png,happy,happy,0.5225,0.5225,"happy(0.52), neutral(0.24)",False,Low Happy probability (0.523 < 0.7)
happy_cand_02144.png,happy,happy,0.5961,0.5961,"happy(0.60), neutral(0.26)",False,Low Happy probability (0.596 < 0.7)
happy_cand_02145.png,happy,neutral,0.0643,0.6886,"neutral(0.69), angry(0.09)",False,Teacher predicted 'neutral' (0.689)
happy_cand_02146.png,happy,neutral,0.0255,0.4111,"neutral(0.41), angry(0.24)",False,Teacher predicted 'neutral' (0.411)
happy_cand_02147.png,happy,happy,0.5756,0.5756,"happy(0.58), disgust(0.16)",False,Low Happy probability (0.576 < 0.7)
happy_cand_02148.png,happy,fear,0.1003,0.3571,"fear(0.36), angry(0.24)",False,Teacher predicted 'fear' (0.357)
happy_cand_02149.png,happy,happy,0.5923,0.5923,"happy(0.59), neutral(0.24)",False,Low Happy probability (0.592 < 0.7)
happy_cand_02150.png,happy,happy,0.5873,0.5873,"happy(0.59), neutral(0.15)",False,Low Happy probability (0.587 < 0.7)
happy_cand_02151.png,happy,happy,0.8572,0.8572,"happy(0.86), disgust(0.07)",True,Accepted
happy_cand_02152.png,happy,happy,0.7904,0.7904,"happy(0.79), disgust(0.09)",True,Accepted
happy_cand_02153.png,happy,neutral,0.0373,0.7216,"neutral(0.72), sad(0.08)",False,Teacher predicted 'neutral' (0.722)
happy_cand_02154.png,happy,neutral,0.034,0.4587,"neutral(0.46), sad(0.22)",False,Teacher predicted 'neutral' (0.459)
happy_cand_02155.png,happy,happy,0.7492,0.7492,"happy(0.75), neutral(0.11)",True,Accepted
happy_cand_02156.png,happy,happy,0.7449,0.7449,"happy(0.74), surprise(0.07)",True,Accepted
happy_cand_02157.png,happy,happy,0.7592,0.7592,"happy(0.76), disgust(0.09)",True,Accepted
happy_cand_02158.png,happy,happy,0.4287,0.4287,"happy(0.43), neutral(0.32)",False,Low Happy probability (0.429 < 0.7)
happy_cand_02159.png,happy,happy,0.7122,0.7122,"happy(0.71), disgust(0.10)",True,Accepted
happy_cand_02160.png,happy,neutral,0.0448,0.3679,"neutral(0.37), sad(0.26)",False,Teacher predicted 'neutral' (0.368)
happy_cand_02161.png,happy,happy,0.7726,0.7726,"happy(0.77), angry(0.07)",True,Accepted
happy_cand_02162.png,happy,neutral,0.0337,0.8209,"neutral(0.82), angry(0.06)",False,Teacher predicted 'neutral' (0.821)
happy_cand_02163.png,happy,fear,0.2265,0.2358,"fear(0.24), happy(0.23)",False,Teacher predicted 'fear' (0.236)
happy_cand_02164.png,happy,happy,0.2977,0.2977,"happy(0.30), surprise(0.16)",False,Low Happy probability (0.298 < 0.7)
happy_cand_02165.png,happy,happy,0.8132,0.8132,"happy(0.81), neutral(0.08)",True,Accepted
happy_cand_02166.png,happy,neutral,0.0987,0.7618,"neutral(0.76), happy(0.10)",False,Teacher predicted 'neutral' (0.762)
happy_cand_02167.png,happy,happy,0.8297,0.8297,"happy(0.83), disgust(0.05)",True,Accepted
happy_cand_02168.png,happy,angry,0.1572,0.5399,"angry(0.54), happy(0.16)",False,Teacher predicted 'angry' (0.540)
happy_cand_02169.png,happy,surprise,0.1684,0.7116,"surprise(0.71), happy(0.17)",False,Teacher predicted 'surprise' (0.712)
happy_cand_02170.png,happy,happy,0.6603,0.6603,"happy(0.66), neutral(0.17)",False,Low Happy probability (0.660 < 0.7)
happy_cand_02171.png,happy,sad,0.0544,0.3467,"sad(0.35), neutral(0.30)",False,Teacher predicted 'sad' (0.347)
happy_cand_02172.png,happy,neutral,0.0253,0.632,"neutral(0.63), angry(0.12)",False,Teacher predicted 'neutral' (0.632)
happy_cand_02173.png,happy,neutral,0.2426,0.4589,"neutral(0.46), happy(0.24)",False,Teacher predicted 'neutral' (0.459)
happy_cand_02174.png,happy,happy,0.4805,0.4805,"happy(0.48), angry(0.22)",False,Low Happy probability (0.481 < 0.7)
happy_cand_02175.png,happy,happy,0.3873,0.3873,"happy(0.39), surprise(0.22)",False,Low Happy probability (0.387 < 0.7)
happy_cand_02176.png,happy,happy,0.7815,0.7815,"happy(0.78), disgust(0.11)",True,Accepted
happy_cand_02177.png,happy,happy,0.7922,0.7922,"happy(0.79), disgust(0.07)",True,Accepted
happy_cand_02178.png,happy,happy,0.4315,0.4315,"happy(0.43), neutral(0.25)",False,Low Happy probability (0.432 < 0.7)
happy_cand_02179.png,happy,happy,0.6744,0.6744,"happy(0.67), neutral(0.15)",False,Low Happy probability (0.674 < 0.7)
happy_cand_02180.png,happy,happy,0.7023,0.7023,"happy(0.70), disgust(0.11)",True,Accepted
happy_cand_02181.png,happy,neutral,0.1121,0.5994,"neutral(0.60), happy(0.11)",False,Teacher predicted 'neutral' (0.599)
happy_cand_02182.png,happy,happy,0.5318,0.5318,"happy(0.53), neutral(0.25)",False,Low Happy probability (0.532 < 0.7)
happy_cand_02183.png,happy,happy,0.3812,0.3812,"happy(0.38), sad(0.22)",False,Low Happy probability (0.381 < 0.7)
happy_cand_02184.png,happy,neutral,0.4088,0.4312,"neutral(0.43), happy(0.41)",False,Teacher predicted 'neutral' (0.431)
happy_cand_02185.png,happy,neutral,0.1476,0.4059,"neutral(0.41), sad(0.19)",False,Teacher predicted 'neutral' (0.406)
happy_cand_02186.png,happy,neutral,0.1209,0.4777,"neutral(0.48), angry(0.20)",False,Teacher predicted 'neutral' (0.478)
happy_cand_02187.png,happy,happy,0.6399,0.6399,"happy(0.64), neutral(0.16)",False,Low Happy probability (0.640 < 0.7)
happy_cand_02188.png,happy,neutral,0.0507,0.3506,"neutral(0.35), sad(0.20)",False,Teacher predicted 'neutral' (0.351)
happy_cand_02189.png,happy,neutral,0.0969,0.369,"neutral(0.37), angry(0.18)",False,Teacher predicted 'neutral' (0.369)
happy_cand_02190.png,happy,happy,0.7874,0.7874,"happy(0.79), neutral(0.07)",True,Accepted
happy_cand_02191.png,happy,angry,0.247,0.4361,"angry(0.44), happy(0.25)",False,Teacher predicted 'angry' (0.436)
happy_cand_02192.png,happy,happy,0.7935,0.7935,"happy(0.79), disgust(0.07)",True,Accepted
happy_cand_02193.png,happy,happy,0.7825,0.7825,"happy(0.78), disgust(0.07)",True,Accepted
happy_cand_02194.png,happy,happy,0.8214,0.8214,"happy(0.82), disgust(0.06)",True,Accepted
happy_cand_02195.png,happy,neutral,0.0661,0.6369,"neutral(0.64), sad(0.14)",False,Teacher predicted 'neutral' (0.637)
happy_cand_02196.png,happy,happy,0.6058,0.6058,"happy(0.61), neutral(0.21)",False,Low Happy probability (0.606 < 0.7)
happy_cand_02197.png,happy,happy,0.7425,0.7425,"happy(0.74), disgust(0.09)",True,Accepted
happy_cand_02198.png,happy,happy,0.6971,0.6971,"happy(0.70), disgust(0.07)",False,Low Happy probability (0.697 < 0.7)
happy_cand_02199.png,happy,happy,0.3647,0.3647,"happy(0.36), neutral(0.22)",False,Low Happy probability (0.365 < 0.7)
happy_cand_02200.png,happy,happy,0.8538,0.8538,"happy(0.85), disgust(0.08)",True,Accepted
happy_cand_02201.png,happy,happy,0.78,0.78,"happy(0.78), neutral(0.09)",True,Accepted
happy_cand_02202.png,happy,happy,0.8032,0.8032,"happy(0.80), disgust(0.08)",True,Accepted
happy_cand_02203.png,happy,happy,0.7437,0.7437,"happy(0.74), neutral(0.10)",True,Accepted
happy_cand_02204.png,happy,happy,0.5665,0.5665,"happy(0.57), neutral(0.27)",False,Low Happy probability (0.567 < 0.7)
happy_cand_02205.png,happy,happy,0.7808,0.7808,"happy(0.78), disgust(0.09)",True,Accepted
happy_cand_02206.png,happy,happy,0.6439,0.6439,"happy(0.64), surprise(0.12)",False,Low Happy probability (0.644 < 0.7)
happy_cand_02207.png,happy,neutral,0.0873,0.6121,"neutral(0.61), angry(0.12)",False,Teacher predicted 'neutral' (0.612)
happy_cand_02208.png,happy,neutral,0.0279,0.6451,"neutral(0.65), angry(0.12)",False,Teacher predicted 'neutral' (0.645)
happy_cand_02209.png,happy,angry,0.1062,0.4286,"angry(0.43), fear(0.20)",False,Teacher predicted 'angry' (0.429)
happy_cand_02210.png,happy,happy,0.833,0.833,"happy(0.83), disgust(0.07)",True,Accepted
happy_cand_02211.png,happy,happy,0.8056,0.8056,"happy(0.81), disgust(0.09)",True,Accepted
happy_cand_02212.png,happy,happy,0.3877,0.3877,"happy(0.39), neutral(0.26)",False,Low Happy probability (0.388 < 0.7)
happy_cand_02213.png,happy,happy,0.7103,0.7103,"happy(0.71), neutral(0.15)",True,Accepted
happy_cand_02214.png,happy,neutral,0.1271,0.6846,"neutral(0.68), happy(0.13)",False,Teacher predicted 'neutral' (0.685)
happy_cand_02215.png,happy,happy,0.7304,0.7304,"happy(0.73), neutral(0.10)",True,Accepted
happy_cand_02216.png,happy,neutral,0.1001,0.6155,"neutral(0.62), sad(0.11)",False,Teacher predicted 'neutral' (0.615)
happy_cand_02217.png,happy,happy,0.8182,0.8182,"happy(0.82), disgust(0.08)",True,Accepted
happy_cand_02218.png,happy,happy,0.7295,0.7295,"happy(0.73), neutral(0.11)",True,Accepted
happy_cand_02219.png,happy,happy,0.6272,0.6272,"happy(0.63), angry(0.13)",False,Low Happy probability (0.627 < 0.7)
happy_cand_02220.png,happy,happy,0.8058,0.8058,"happy(0.81), disgust(0.06)",True,Accepted
happy_cand_02221.png,happy,happy,0.5424,0.5424,"happy(0.54), neutral(0.23)",False,Low Happy probability (0.542 < 0.7)
happy_cand_02222.png,happy,happy,0.4752,0.4752,"happy(0.48), neutral(0.27)",False,Low Happy probability (0.475 < 0.7)
happy_cand_02223.png,happy,happy,0.7906,0.7906,"happy(0.79), disgust(0.09)",True,Accepted
happy_cand_02224.png,happy,happy,0.8084,0.8084,"happy(0.81), disgust(0.07)",True,Accepted
happy_cand_02225.png,happy,happy,0.8758,0.8758,"happy(0.88), disgust(0.07)",True,Accepted
happy_cand_02226.png,happy,happy,0.7275,0.7275,"happy(0.73), neutral(0.09)",True,Accepted
happy_cand_02227.png,happy,happy,0.5481,0.5481,"happy(0.55), disgust(0.12)",False,Low Happy probability (0.548 < 0.7)
happy_cand_02228.png,happy,happy,0.8288,0.8288,"happy(0.83), disgust(0.09)",True,Accepted
happy_cand_02229.png,happy,neutral,0.0853,0.7904,"neutral(0.79), happy(0.09)",False,Teacher predicted 'neutral' (0.790)
happy_cand_02230.png,happy,happy,0.7749,0.7749,"happy(0.77), disgust(0.10)",True,Accepted
happy_cand_02231.png,happy,happy,0.7624,0.7624,"happy(0.76), disgust(0.07)",True,Accepted
happy_cand_02232.png,happy,happy,0.8389,0.8389,"happy(0.84), disgust(0.07)",True,Accepted
happy_cand_02233.png,happy,neutral,0.059,0.6611,"neutral(0.66), sad(0.14)",False,Teacher predicted 'neutral' (0.661)
happy_cand_02234.png,happy,neutral,0.0291,0.7727,"neutral(0.77), sad(0.06)",False,Teacher predicted 'neutral' (0.773)
happy_cand_02235.png,happy,happy,0.6453,0.6453,"happy(0.65), neutral(0.21)",False,Low Happy probability (0.645 < 0.7)
happy_cand_02236.png,happy,happy,0.3878,0.3878,"happy(0.39), fear(0.19)",False,Low Happy probability (0.388 < 0.7)
happy_cand_02237.png,happy,happy,0.6111,0.6111,"happy(0.61), neutral(0.14)",False,Low Happy probability (0.611 < 0.7)
happy_cand_02238.png,happy,happy,0.7885,0.7885,"happy(0.79), neutral(0.07)",True,Accepted
happy_cand_02239.png,happy,neutral,0.3093,0.4675,"neutral(0.47), happy(0.31)",False,Teacher predicted 'neutral' (0.468)
happy_cand_02240.png,happy,neutral,0.2272,0.4518,"neutral(0.45), happy(0.23)",False,Teacher predicted 'neutral' (0.452)
happy_cand_02241.png,happy,neutral,0.2855,0.395,"neutral(0.40), happy(0.29)",False,Teacher predicted 'neutral' (0.395)
happy_cand_02242.png,happy,neutral,0.1623,0.6651,"neutral(0.67), happy(0.16)",False,Teacher predicted 'neutral' (0.665)
happy_cand_02243.png,happy,happy,0.6396,0.6396,"happy(0.64), disgust(0.12)",False,Low Happy probability (0.640 < 0.7)
happy_cand_02244.png,happy,neutral,0.2729,0.4826,"neutral(0.48), happy(0.27)",False,Teacher predicted 'neutral' (0.483)
happy_cand_02245.png,happy,neutral,0.1883,0.3615,"neutral(0.36), angry(0.24)",False,Teacher predicted 'neutral' (0.362)
happy_cand_02246.png,happy,happy,0.6256,0.6256,"happy(0.63), neutral(0.17)",False,Low Happy probability (0.626 < 0.7)
happy_cand_02247.png,happy,happy,0.6512,0.6512,"happy(0.65), neutral(0.16)",False,Low Happy probability (0.651 < 0.7)
happy_cand_02248.png,happy,happy,0.7628,0.7628,"happy(0.76), neutral(0.10)",True,Accepted
happy_cand_02249.png,happy,happy,0.8155,0.8155,"happy(0.82), disgust(0.08)",True,Accepted
happy_cand_02250.png,happy,neutral,0.0895,0.4313,"neutral(0.43), angry(0.19)",False,Teacher predicted 'neutral' (0.431)
happy_cand_02251.png,happy,happy,0.8779,0.8779,"happy(0.88), disgust(0.07)",True,Accepted
happy_cand_02252.png,happy,happy,0.645,0.645,"happy(0.64), neutral(0.15)",False,Low Happy probability (0.645 < 0.7)
happy_cand_02253.png,happy,neutral,0.03,0.6041,"neutral(0.60), angry(0.16)",False,Teacher predicted 'neutral' (0.604)
happy_cand_02254.png,happy,happy,0.8941,0.8941,"happy(0.89), disgust(0.07)",True,Accepted
happy_cand_02255.png,happy,happy,0.8293,0.8293,"happy(0.83), disgust(0.08)",True,Accepted
happy_cand_02256.png,happy,happy,0.4323,0.4323,"happy(0.43), neutral(0.40)",False,Low Happy probability (0.432 < 0.7)
happy_cand_02257.png,happy,happy,0.8272,0.8272,"happy(0.83), disgust(0.07)",True,Accepted
happy_cand_02258.png,happy,happy,0.728,0.728,"happy(0.73), angry(0.08)",True,Accepted
happy_cand_02259.png,happy,happy,0.6585,0.6585,"happy(0.66), neutral(0.12)",False,Low Happy probability (0.658 < 0.7)
happy_cand_02260.png,happy,happy,0.7994,0.7994,"happy(0.80), disgust(0.09)",True,Accepted
happy_cand_02261.png,happy,neutral,0.2171,0.4805,"neutral(0.48), happy(0.22)",False,Teacher predicted 'neutral' (0.480)
happy_cand_02262.png,happy,happy,0.7688,0.7688,"happy(0.77), neutral(0.07)",True,Accepted
happy_cand_02263.png,happy,neutral,0.1518,0.3138,"neutral(0.31), sad(0.18)",False,Teacher predicted 'neutral' (0.314)
happy_cand_02264.png,happy,neutral,0.076,0.2998,"neutral(0.30), angry(0.30)",False,Teacher predicted 'neutral' (0.300)
happy_cand_02265.png,happy,happy,0.7394,0.7394,"happy(0.74), neutral(0.11)",True,Accepted
happy_cand_02266.png,happy,happy,0.5416,0.5416,"happy(0.54), neutral(0.32)",False,Low Happy probability (0.542 < 0.7)
happy_cand_02267.png,happy,neutral,0.2648,0.4014,"neutral(0.40), happy(0.26)",False,Teacher predicted 'neutral' (0.401)
happy_cand_02268.png,happy,happy,0.5015,0.5015,"happy(0.50), angry(0.23)",False,Low Happy probability (0.501 < 0.7)
happy_cand_02269.png,happy,happy,0.7938,0.7938,"happy(0.79), neutral(0.08)",True,Accepted
happy_cand_02270.png,happy,happy,0.5904,0.5904,"happy(0.59), disgust(0.10)",False,Low Happy probability (0.590 < 0.7)
happy_cand_02271.png,happy,happy,0.8895,0.8895,"happy(0.89), disgust(0.07)",True,Accepted
happy_cand_02272.png,happy,happy,0.7444,0.7444,"happy(0.74), disgust(0.10)",True,Accepted
happy_cand_02273.png,happy,neutral,0.3163,0.3588,"neutral(0.36), happy(0.32)",False,Teacher predicted 'neutral' (0.359)
happy_cand_02274.png,happy,happy,0.8067,0.8067,"happy(0.81), disgust(0.07)",True,Accepted
happy_cand_02275.png,happy,neutral,0.3171,0.5004,"neutral(0.50), happy(0.32)",False,Teacher predicted 'neutral' (0.500)
happy_cand_02276.png,happy,neutral,0.2689,0.3729,"neutral(0.37), happy(0.27)",False,Teacher predicted 'neutral' (0.373)
happy_cand_02277.png,happy,happy,0.8143,0.8143,"happy(0.81), disgust(0.07)",True,Accepted
happy_cand_02278.png,happy,happy,0.8496,0.8496,"happy(0.85), disgust(0.07)",True,Accepted
happy_cand_02279.png,happy,happy,0.7168,0.7168,"happy(0.72), disgust(0.08)",True,Accepted
happy_cand_02280.png,happy,happy,0.8401,0.8401,"happy(0.84), disgust(0.09)",True,Accepted
happy_cand_02281.png,happy,happy,0.7443,0.7443,"happy(0.74), surprise(0.10)",True,Accepted
happy_cand_02282.png,happy,happy,0.7676,0.7676,"happy(0.77), disgust(0.09)",True,Accepted
happy_cand_02283.png,happy,neutral,0.2275,0.6242,"neutral(0.62), happy(0.23)",False,Teacher predicted 'neutral' (0.624)
happy_cand_02284.png,happy,neutral,0.0843,0.6176,"neutral(0.62), sad(0.12)",False,Teacher predicted 'neutral' (0.618)
happy_cand_02285.png,happy,happy,0.7974,0.7974,"happy(0.80), disgust(0.08)",True,Accepted
happy_cand_02286.png,happy,happy,0.6178,0.6178,"happy(0.62), disgust(0.11)",False,Low Happy probability (0.618 < 0.7)
happy_cand_02287.png,happy,neutral,0.0488,0.5373,"neutral(0.54), angry(0.14)",False,Teacher predicted 'neutral' (0.537)
happy_cand_02288.png,happy,neutral,0.0479,0.4383,"neutral(0.44), angry(0.28)",False,Teacher predicted 'neutral' (0.438)
happy_cand_02289.png,happy,happy,0.72,0.72,"happy(0.72), neutral(0.12)",True,Accepted
happy_cand_02290.png,happy,happy,0.7994,0.7994,"happy(0.80), neutral(0.07)",True,Accepted
happy_cand_02291.png,happy,happy,0.6827,0.6827,"happy(0.68), neutral(0.11)",False,Low Happy probability (0.683 < 0.7)
happy_cand_02292.png,happy,fear,0.0558,0.3602,"fear(0.36), sad(0.27)",False,Teacher predicted 'fear' (0.360)
happy_cand_02293.png,happy,happy,0.2698,0.2698,"happy(0.27), disgust(0.26)",False,Low Happy probability (0.270 < 0.7)
happy_cand_02294.png,happy,happy,0.6082,0.6082,"happy(0.61), neutral(0.25)",False,Low Happy probability (0.608 < 0.7)
happy_cand_02295.png,happy,happy,0.6887,0.6887,"happy(0.69), disgust(0.09)",False,Low Happy probability (0.689 < 0.7)
happy_cand_02296.png,happy,neutral,0.0354,0.4024,"neutral(0.40), sad(0.18)",False,Teacher predicted 'neutral' (0.402)
happy_cand_02297.png,happy,neutral,0.0384,0.7344,"neutral(0.73), angry(0.09)",False,Teacher predicted 'neutral' (0.734)
happy_cand_02298.png,happy,happy,0.8588,0.8588,"happy(0.86), disgust(0.07)",True,Accepted
happy_cand_02299.png,happy,neutral,0.0727,0.482,"neutral(0.48), disgust(0.12)",False,Teacher predicted 'neutral' (0.482)
happy_cand_02300.png,happy,happy,0.3452,0.3452,"happy(0.35), disgust(0.21)",False,Low Happy probability (0.345 < 0.7)
happy_cand_02301.png,happy,happy,0.8094,0.8094,"happy(0.81), disgust(0.08)",True,Accepted
happy_cand_02302.png,happy,neutral,0.1279,0.4438,"neutral(0.44), angry(0.23)",False,Teacher predicted 'neutral' (0.444)
happy_cand_02303.png,happy,neutral,0.087,0.7972,"neutral(0.80), happy(0.09)",False,Teacher predicted 'neutral' (0.797)
happy_cand_02304.png,happy,disgust,0.0645,0.37,"disgust(0.37), angry(0.32)",False,Teacher predicted 'disgust' (0.370)
happy_cand_02305.png,happy,happy,0.8093,0.8093,"happy(0.81), disgust(0.07)",True,Accepted
happy_cand_02306.png,happy,happy,0.636,0.636,"happy(0.64), neutral(0.21)",False,Low Happy probability (0.636 < 0.7)
happy_cand_02307.png,happy,happy,0.6078,0.6078,"happy(0.61), neutral(0.12)",False,Low Happy probability (0.608 < 0.7)
happy_cand_02308.png,happy,neutral,0.2636,0.5288,"neutral(0.53), happy(0.26)",False,Teacher predicted 'neutral' (0.529)
happy_cand_02309.png,happy,happy,0.8475,0.8475,"happy(0.85), disgust(0.08)",True,Accepted
happy_cand_02310.png,happy,happy,0.7968,0.7968,"happy(0.80), neutral(0.07)",True,Accepted
happy_cand_02311.png,happy,happy,0.7762,0.7762,"happy(0.78), neutral(0.07)",True,Accepted
happy_cand_02312.png,happy,happy,0.5705,0.5705,"happy(0.57), neutral(0.21)",False,Low Happy probability (0.570 < 0.7)
happy_cand_02313.png,happy,neutral,0.1969,0.4115,"neutral(0.41), sad(0.22)",False,Teacher predicted 'neutral' (0.412)
happy_cand_02314.png,happy,neutral,0.0611,0.7934,"neutral(0.79), happy(0.06)",False,Teacher predicted 'neutral' (0.793)
happy_cand_02315.png,happy,neutral,0.3023,0.3954,"neutral(0.40), happy(0.30)",False,Teacher predicted 'neutral' (0.395)
happy_cand_02316.png,happy,neutral,0.2781,0.4347,"neutral(0.43), happy(0.28)",False,Teacher predicted 'neutral' (0.435)
happy_cand_02317.png,happy,happy,0.6998,0.6998,"happy(0.70), neutral(0.08)",False,Low Happy probability (0.700 < 0.7)
happy_cand_02318.png,happy,neutral,0.0794,0.4815,"neutral(0.48), angry(0.24)",False,Teacher predicted 'neutral' (0.481)
happy_cand_02319.png,happy,happy,0.6089,0.6089,"happy(0.61), neutral(0.20)",False,Low Happy probability (0.609 < 0.7)
happy_cand_02320.png,happy,neutral,0.022,0.4615,"neutral(0.46), sad(0.29)",False,Teacher predicted 'neutral' (0.461)
happy_cand_02321.png,happy,happy,0.8384,0.8384,"happy(0.84), disgust(0.07)",True,Accepted
happy_cand_02322.png,happy,neutral,0.2169,0.5751,"neutral(0.58), happy(0.22)",False,Teacher predicted 'neutral' (0.575)
happy_cand_02323.png,happy,happy,0.8133,0.8133,"happy(0.81), disgust(0.09)",True,Accepted
happy_cand_02324.png,happy,neutral,0.053,0.4127,"neutral(0.41), sad(0.25)",False,Teacher predicted 'neutral' (0.413)
happy_cand_02326.png,happy,neutral,0.0854,0.7518,"neutral(0.75), happy(0.09)",False,Teacher predicted 'neutral' (0.752)
happy_cand_02327.png,happy,happy,0.699,0.699,"happy(0.70), disgust(0.07)",False,Low Happy probability (0.699 < 0.7)
happy_cand_02328.png,happy,happy,0.7909,0.7909,"happy(0.79), disgust(0.08)",True,Accepted
happy_cand_02329.png,happy,happy,0.8116,0.8116,"happy(0.81), disgust(0.08)",True,Accepted
happy_cand_02330.png,happy,happy,0.3795,0.3795,"happy(0.38), disgust(0.20)",False,Low Happy probability (0.379 < 0.7)
happy_cand_02331.png,happy,happy,0.6609,0.6609,"happy(0.66), neutral(0.13)",False,Low Happy probability (0.661 < 0.7)
happy_cand_02332.png,happy,happy,0.7046,0.7046,"happy(0.70), surprise(0.12)",True,Accepted
happy_cand_02333.png,happy,neutral,0.1337,0.4631,"neutral(0.46), angry(0.19)",False,Teacher predicted 'neutral' (0.463)
happy_cand_02334.png,happy,happy,0.7407,0.7407,"happy(0.74), angry(0.10)",True,Accepted
happy_cand_02335.png,happy,happy,0.7222,0.7222,"happy(0.72), surprise(0.12)",True,Accepted
happy_cand_02336.png,happy,happy,0.7227,0.7227,"happy(0.72), neutral(0.10)",True,Accepted
happy_cand_02337.png,happy,happy,0.7687,0.7687,"happy(0.77), disgust(0.09)",True,Accepted
happy_cand_02338.png,happy,neutral,0.039,0.7673,"neutral(0.77), disgust(0.06)",False,Teacher predicted 'neutral' (0.767)
happy_cand_02340.png,happy,neutral,0.0733,0.5152,"neutral(0.52), angry(0.18)",False,Teacher predicted 'neutral' (0.515)
happy_cand_02341.png,happy,neutral,0.2565,0.5168,"neutral(0.52), happy(0.26)",False,Teacher predicted 'neutral' (0.517)
happy_cand_02342.png,happy,happy,0.806,0.806,"happy(0.81), neutral(0.09)",True,Accepted
happy_cand_02343.png,happy,happy,0.6838,0.6838,"happy(0.68), neutral(0.15)",False,Low Happy probability (0.684 < 0.7)
happy_cand_02344.png,happy,neutral,0.0289,0.752,"neutral(0.75), disgust(0.06)",False,Teacher predicted 'neutral' (0.752)
happy_cand_02345.png,happy,neutral,0.1482,0.4394,"neutral(0.44), angry(0.20)",False,Teacher predicted 'neutral' (0.439)
happy_cand_02346.png,happy,neutral,0.0356,0.6104,"neutral(0.61), sad(0.17)",False,Teacher predicted 'neutral' (0.610)
happy_cand_02347.png,happy,happy,0.8006,0.8006,"happy(0.80), disgust(0.08)",True,Accepted
happy_cand_02348.png,happy,happy,0.7774,0.7774,"happy(0.78), disgust(0.08)",True,Accepted
happy_cand_02349.png,happy,happy,0.7554,0.7554,"happy(0.76), neutral(0.09)",True,Accepted
happy_cand_02350.png,happy,happy,0.8442,0.8442,"happy(0.84), disgust(0.08)",True,Accepted
happy_cand_02351.png,happy,neutral,0.3093,0.5948,"neutral(0.59), happy(0.31)",False,Teacher predicted 'neutral' (0.595)
happy_cand_02352.png,happy,happy,0.8581,0.8581,"happy(0.86), disgust(0.06)",True,Accepted
happy_cand_02353.png,happy,disgust,0.2812,0.2848,"disgust(0.28), happy(0.28)",False,Teacher predicted 'disgust' (0.285)
happy_cand_02354.png,happy,angry,0.1342,0.6286,"angry(0.63), happy(0.13)",False,Teacher predicted 'angry' (0.629)
happy_cand_02355.png,happy,neutral,0.1706,0.2671,"neutral(0.27), angry(0.20)",False,Teacher predicted 'neutral' (0.267)
happy_cand_02356.png,happy,happy,0.7902,0.7902,"happy(0.79), disgust(0.07)",True,Accepted
happy_cand_02357.png,happy,happy,0.8476,0.8476,"happy(0.85), disgust(0.06)",True,Accepted
happy_cand_02358.png,happy,happy,0.7074,0.7074,"happy(0.71), neutral(0.13)",True,Accepted
happy_cand_02359.png,happy,neutral,0.1611,0.4473,"neutral(0.45), happy(0.16)",False,Teacher predicted 'neutral' (0.447)
happy_cand_02360.png,happy,neutral,0.1545,0.6693,"neutral(0.67), happy(0.15)",False,Teacher predicted 'neutral' (0.669)
happy_cand_02361.png,happy,neutral,0.2952,0.3163,"neutral(0.32), happy(0.30)",False,Teacher predicted 'neutral' (0.316)
happy_cand_02362.png,happy,happy,0.6635,0.6635,"happy(0.66), neutral(0.20)",False,Low Happy probability (0.664 < 0.7)
happy_cand_02363.png,happy,happy,0.8437,0.8437,"happy(0.84), disgust(0.06)",True,Accepted
happy_cand_02364.png,happy,happy,0.7397,0.7397,"happy(0.74), disgust(0.08)",True,Accepted
happy_cand_02365.png,happy,happy,0.7823,0.7823,"happy(0.78), disgust(0.08)",True,Accepted
happy_cand_02366.png,happy,happy,0.8113,0.8113,"happy(0.81), disgust(0.07)",True,Accepted
happy_cand_02367.png,happy,neutral,0.0952,0.3534,"neutral(0.35), sad(0.26)",False,Teacher predicted 'neutral' (0.353)
happy_cand_02368.png,happy,happy,0.7305,0.7305,"happy(0.73), disgust(0.08)",True,Accepted
happy_cand_02369.png,happy,happy,0.6432,0.6432,"happy(0.64), neutral(0.13)",False,Low Happy probability (0.643 < 0.7)
happy_cand_02370.png,happy,neutral,0.1664,0.4636,"neutral(0.46), happy(0.17)",False,Teacher predicted 'neutral' (0.464)
happy_cand_02371.png,happy,happy,0.5353,0.5353,"happy(0.54), angry(0.18)",False,Low Happy probability (0.535 < 0.7)
happy_cand_02372.png,happy,happy,0.3879,0.3879,"happy(0.39), fear(0.15)",False,Low Happy probability (0.388 < 0.7)
happy_cand_02373.png,happy,neutral,0.1107,0.3319,"neutral(0.33), sad(0.21)",False,Teacher predicted 'neutral' (0.332)
happy_cand_02374.png,happy,neutral,0.1602,0.4298,"neutral(0.43), sad(0.18)",False,Teacher predicted 'neutral' (0.430)
happy_cand_02375.png,happy,angry,0.2251,0.2812,"angry(0.28), happy(0.23)",False,Teacher predicted 'angry' (0.281)
happy_cand_02376.png,happy,neutral,0.1007,0.616,"neutral(0.62), angry(0.11)",False,Teacher predicted 'neutral' (0.616)
happy_cand_02377.png,happy,happy,0.7438,0.7438,"happy(0.74), neutral(0.14)",True,Accepted
happy_cand_02378.png,happy,happy,0.8523,0.8523,"happy(0.85), disgust(0.08)",True,Accepted
happy_cand_02379.png,happy,neutral,0.2804,0.4345,"neutral(0.43), happy(0.28)",False,Teacher predicted 'neutral' (0.435)
happy_cand_02380.png,happy,happy,0.7745,0.7745,"happy(0.77), neutral(0.10)",True,Accepted
happy_cand_02381.png,happy,neutral,0.0237,0.6733,"neutral(0.67), sad(0.12)",False,Teacher predicted 'neutral' (0.673)
happy_cand_02382.png,happy,happy,0.688,0.688,"happy(0.69), surprise(0.20)",False,Low Happy probability (0.688 < 0.7)
happy_cand_02383.png,happy,neutral,0.0531,0.4261,"neutral(0.43), sad(0.27)",False,Teacher predicted 'neutral' (0.426)
happy_cand_02384.png,happy,happy,0.7022,0.7022,"happy(0.70), neutral(0.14)",True,Accepted
happy_cand_02385.png,happy,neutral,0.2906,0.4734,"neutral(0.47), happy(0.29)",False,Teacher predicted 'neutral' (0.473)
happy_cand_02386.png,happy,happy,0.4217,0.4217,"happy(0.42), neutral(0.40)",False,Low Happy probability (0.422 < 0.7)
happy_cand_02387.png,happy,happy,0.8129,0.8129,"happy(0.81), disgust(0.10)",True,Accepted
happy_cand_02388.png,happy,neutral,0.0842,0.5653,"neutral(0.57), disgust(0.13)",False,Teacher predicted 'neutral' (0.565)
happy_cand_02389.png,happy,happy,0.4884,0.4884,"happy(0.49), neutral(0.14)",False,Low Happy probability (0.488 < 0.7)
happy_cand_02390.png,happy,neutral,0.1126,0.3122,"neutral(0.31), angry(0.27)",False,Teacher predicted 'neutral' (0.312)
happy_cand_02391.png,happy,happy,0.6065,0.6065,"happy(0.61), disgust(0.11)",False,Low Happy probability (0.606 < 0.7)
happy_cand_02392.png,happy,happy,0.707,0.707,"happy(0.71), disgust(0.09)",True,Accepted
happy_cand_02393.png,happy,happy,0.7282,0.7282,"happy(0.73), neutral(0.12)",True,Accepted
happy_cand_02394.png,happy,sad,0.0673,0.3378,"sad(0.34), neutral(0.31)",False,Teacher predicted 'sad' (0.338)
happy_cand_02395.png,happy,happy,0.592,0.592,"happy(0.59), sad(0.11)",False,Low Happy probability (0.592 < 0.7)
happy_cand_02396.png,happy,angry,0.3076,0.3327,"angry(0.33), happy(0.31)",False,Teacher predicted 'angry' (0.333)
happy_cand_02397.png,happy,neutral,0.1062,0.6887,"neutral(0.69), happy(0.11)",False,Teacher predicted 'neutral' (0.689)
happy_cand_02398.png,happy,neutral,0.0197,0.4013,"neutral(0.40), sad(0.33)",False,Teacher predicted 'neutral' (0.401)
happy_cand_02399.png,happy,happy,0.8236,0.8236,"happy(0.82), disgust(0.08)",True,Accepted
happy_cand_02400.png,happy,happy,0.7349,0.7349,"happy(0.73), neutral(0.13)",True,Accepted
happy_cand_02401.png,happy,happy,0.6015,0.6015,"happy(0.60), neutral(0.24)",False,Low Happy probability (0.601 < 0.7)
happy_cand_02402.png,happy,happy,0.5746,0.5746,"happy(0.57), neutral(0.21)",False,Low Happy probability (0.575 < 0.7)
happy_cand_02403.png,happy,happy,0.7045,0.7045,"happy(0.70), neutral(0.17)",True,Accepted
happy_cand_02404.png,happy,happy,0.7466,0.7466,"happy(0.75), neutral(0.11)",True,Accepted
happy_cand_02405.png,happy,neutral,0.0957,0.6936,"neutral(0.69), happy(0.10)",False,Teacher predicted 'neutral' (0.694)
happy_cand_02406.png,happy,happy,0.6387,0.6387,"happy(0.64), disgust(0.11)",False,Low Happy probability (0.639 < 0.7)
happy_cand_02407.png,happy,happy,0.827,0.827,"happy(0.83), disgust(0.07)",True,Accepted
happy_cand_02408.png,happy,happy,0.499,0.499,"happy(0.50), neutral(0.32)",False,Low Happy probability (0.499 < 0.7)
happy_cand_02409.png,happy,neutral,0.0206,0.3482,"neutral(0.35), angry(0.21)",False,Teacher predicted 'neutral' (0.348)
happy_cand_02410.png,happy,happy,0.7657,0.7657,"happy(0.77), neutral(0.11)",True,Accepted
happy_cand_02411.png,happy,happy,0.5408,0.5408,"happy(0.54), neutral(0.21)",False,Low Happy probability (0.541 < 0.7)
happy_cand_02412.png,happy,neutral,0.1381,0.5994,"neutral(0.60), happy(0.14)",False,Teacher predicted 'neutral' (0.599)
happy_cand_02413.png,happy,happy,0.7456,0.7456,"happy(0.75), neutral(0.12)",True,Accepted
happy_cand_02414.png,happy,happy,0.7865,0.7865,"happy(0.79), disgust(0.08)",True,Accepted
happy_cand_02415.png,happy,neutral,0.22,0.4706,"neutral(0.47), happy(0.22)",False,Teacher predicted 'neutral' (0.471)
happy_cand_02416.png,happy,happy,0.6421,0.6421,"happy(0.64), neutral(0.11)",False,Low Happy probability (0.642 < 0.7)
happy_cand_02417.png,happy,happy,0.7213,0.7213,"happy(0.72), neutral(0.15)",True,Accepted
happy_cand_02418.png,happy,sad,0.0209,0.3991,"sad(0.40), neutral(0.32)",False,Teacher predicted 'sad' (0.399)
happy_cand_02419.png,happy,happy,0.8101,0.8101,"happy(0.81), disgust(0.05)",True,Accepted
happy_cand_02420.png,happy,happy,0.4977,0.4977,"happy(0.50), neutral(0.23)",False,Low Happy probability (0.498 < 0.7)
happy_cand_02421.png,happy,happy,0.565,0.565,"happy(0.57), neutral(0.25)",False,Low Happy probability (0.565 < 0.7)
happy_cand_02422.png,happy,happy,0.3623,0.3623,"happy(0.36), neutral(0.33)",False,Low Happy probability (0.362 < 0.7)
happy_cand_02423.png,happy,happy,0.443,0.443,"happy(0.44), sad(0.24)",False,Low Happy probability (0.443 < 0.7)
happy_cand_02424.png,happy,neutral,0.1259,0.6804,"neutral(0.68), happy(0.13)",False,Teacher predicted 'neutral' (0.680)
happy_cand_02425.png,happy,neutral,0.2898,0.5199,"neutral(0.52), happy(0.29)",False,Teacher predicted 'neutral' (0.520)
happy_cand_02426.png,happy,neutral,0.2697,0.5313,"neutral(0.53), happy(0.27)",False,Teacher predicted 'neutral' (0.531)
happy_cand_02427.png,happy,happy,0.7684,0.7684,"happy(0.77), disgust(0.09)",True,Accepted
happy_cand_02428.png,happy,happy,0.6566,0.6566,"happy(0.66), neutral(0.13)",False,Low Happy probability (0.657 < 0.7)
happy_cand_02429.png,happy,neutral,0.1183,0.5946,"neutral(0.59), angry(0.13)",False,Teacher predicted 'neutral' (0.595)
happy_cand_02430.png,happy,neutral,0.0672,0.5745,"neutral(0.57), angry(0.13)",False,Teacher predicted 'neutral' (0.574)
happy_cand_02431.png,happy,angry,0.2483,0.3689,"angry(0.37), happy(0.25)",False,Teacher predicted 'angry' (0.369)
happy_cand_02432.png,happy,happy,0.8038,0.8038,"happy(0.80), disgust(0.07)",True,Accepted
happy_cand_02433.png,happy,happy,0.7281,0.7281,"happy(0.73), disgust(0.08)",True,Accepted
happy_cand_02434.png,happy,neutral,0.3672,0.4478,"neutral(0.45), happy(0.37)",False,Teacher predicted 'neutral' (0.448)
happy_cand_02435.png,happy,happy,0.785,0.785,"happy(0.78), neutral(0.11)",True,Accepted
happy_cand_02436.png,happy,happy,0.686,0.686,"happy(0.69), surprise(0.12)",False,Low Happy probability (0.686 < 0.7)
happy_cand_02437.png,happy,happy,0.2896,0.2896,"happy(0.29), neutral(0.21)",False,Low Happy probability (0.290 < 0.7)
happy_cand_02438.png,happy,happy,0.6012,0.6012,"happy(0.60), neutral(0.23)",False,Low Happy probability (0.601 < 0.7)
happy_cand_02439.png,happy,happy,0.4521,0.4521,"happy(0.45), neutral(0.29)",False,Low Happy probability (0.452 < 0.7)
happy_cand_02440.png,happy,happy,0.6929,0.6929,"happy(0.69), disgust(0.09)",False,Low Happy probability (0.693 < 0.7)
happy_cand_02441.png,happy,happy,0.6998,0.6998,"happy(0.70), angry(0.15)",False,Low Happy probability (0.700 < 0.7)
happy_cand_02442.png,happy,neutral,0.2476,0.5379,"neutral(0.54), happy(0.25)",False,Teacher predicted 'neutral' (0.538)
happy_cand_02443.png,happy,neutral,0.092,0.4734,"neutral(0.47), sad(0.14)",False,Teacher predicted 'neutral' (0.473)
happy_cand_02444.png,happy,happy,0.3889,0.3889,"happy(0.39), angry(0.21)",False,Low Happy probability (0.389 < 0.7)
happy_cand_02445.png,happy,happy,0.6976,0.6976,"happy(0.70), neutral(0.11)",False,Low Happy probability (0.698 < 0.7)
happy_cand_02446.png,happy,happy,0.5253,0.5253,"happy(0.53), neutral(0.23)",False,Low Happy probability (0.525 < 0.7)
happy_cand_02447.png,happy,happy,0.7494,0.7494,"happy(0.75), neutral(0.10)",True,Accepted
happy_cand_02448.png,happy,happy,0.4607,0.4607,"happy(0.46), neutral(0.30)",False,Low Happy probability (0.461 < 0.7)
happy_cand_02449.png,happy,happy,0.665,0.665,"happy(0.66), angry(0.19)",False,Low Happy probability (0.665 < 0.7)
happy_cand_02450.png,happy,neutral,0.3298,0.5095,"neutral(0.51), happy(0.33)",False,Teacher predicted 'neutral' (0.509)
happy_cand_02451.png,happy,happy,0.8147,0.8147,"happy(0.81), disgust(0.07)",True,Accepted
happy_cand_02452.png,happy,happy,0.7709,0.7709,"happy(0.77), neutral(0.10)",True,Accepted
happy_cand_02453.png,happy,happy,0.6875,0.6875,"happy(0.69), surprise(0.10)",False,Low Happy probability (0.687 < 0.7)
happy_cand_02454.png,happy,happy,0.6075,0.6075,"happy(0.61), neutral(0.22)",False,Low Happy probability (0.608 < 0.7)
happy_cand_02455.png,happy,angry,0.1443,0.4193,"angry(0.42), happy(0.14)",False,Teacher predicted 'angry' (0.419)
happy_cand_02456.png,happy,happy,0.809,0.809,"happy(0.81), neutral(0.07)",True,Accepted
happy_cand_02457.png,happy,happy,0.7616,0.7616,"happy(0.76), neutral(0.09)",True,Accepted
happy_cand_02458.png,happy,happy,0.5081,0.5081,"happy(0.51), neutral(0.20)",False,Low Happy probability (0.508 < 0.7)
happy_cand_02459.png,happy,fear,0.038,0.408,"fear(0.41), sad(0.25)",False,Teacher predicted 'fear' (0.408)
happy_cand_02460.png,happy,happy,0.795,0.795,"happy(0.79), disgust(0.07)",True,Accepted
happy_cand_02461.png,happy,disgust,0.0527,0.3411,"disgust(0.34), angry(0.27)",False,Teacher predicted 'disgust' (0.341)
happy_cand_02462.png,happy,neutral,0.1317,0.4764,"neutral(0.48), sad(0.21)",False,Teacher predicted 'neutral' (0.476)
happy_cand_02463.png,happy,happy,0.6188,0.6188,"happy(0.62), neutral(0.16)",False,Low Happy probability (0.619 < 0.7)
happy_cand_02464.png,happy,happy,0.7671,0.7671,"happy(0.77), disgust(0.08)",True,Accepted
happy_cand_02465.png,happy,happy,0.7102,0.7102,"happy(0.71), neutral(0.12)",True,Accepted
happy_cand_02466.png,happy,happy,0.7015,0.7015,"happy(0.70), disgust(0.08)",True,Accepted
happy_cand_02467.png,happy,happy,0.8273,0.8273,"happy(0.83), disgust(0.07)",True,Accepted
happy_cand_02468.png,happy,happy,0.809,0.809,"happy(0.81), disgust(0.07)",True,Accepted
happy_cand_02469.png,happy,neutral,0.0251,0.4985,"neutral(0.50), angry(0.27)",False,Teacher predicted 'neutral' (0.498)
happy_cand_02470.png,happy,happy,0.6973,0.6973,"happy(0.70), neutral(0.11)",False,Low Happy probability (0.697 < 0.7)
happy_cand_02471.png,happy,happy,0.4119,0.4119,"happy(0.41), neutral(0.39)",False,Low Happy probability (0.412 < 0.7)
happy_cand_02472.png,happy,happy,0.6764,0.6764,"happy(0.68), neutral(0.17)",False,Low Happy probability (0.676 < 0.7)
happy_cand_02473.png,happy,neutral,0.1687,0.6773,"neutral(0.68), happy(0.17)",False,Teacher predicted 'neutral' (0.677)
happy_cand_02474.png,happy,happy,0.819,0.819,"happy(0.82), disgust(0.07)",True,Accepted
happy_cand_02475.png,happy,happy,0.8349,0.8349,"happy(0.83), disgust(0.09)",True,Accepted
happy_cand_02476.png,happy,happy,0.47,0.47,"happy(0.47), fear(0.18)",False,Low Happy probability (0.470 < 0.7)
happy_cand_02477.png,happy,happy,0.7502,0.7502,"happy(0.75), neutral(0.12)",True,Accepted
happy_cand_02478.png,happy,happy,0.5678,0.5678,"happy(0.57), angry(0.12)",False,Low Happy probability (0.568 < 0.7)
happy_cand_02479.png,happy,happy,0.8756,0.8756,"happy(0.88), disgust(0.07)",True,Accepted
happy_cand_02480.png,happy,neutral,0.2852,0.4568,"neutral(0.46), happy(0.29)",False,Teacher predicted 'neutral' (0.457)
happy_cand_02481.png,happy,happy,0.6557,0.6557,"happy(0.66), neutral(0.23)",False,Low Happy probability (0.656 < 0.7)
happy_cand_02482.png,happy,happy,0.7844,0.7844,"happy(0.78), disgust(0.09)",True,Accepted
happy_cand_02483.png,happy,happy,0.7533,0.7533,"happy(0.75), neutral(0.09)",True,Accepted
happy_cand_02484.png,happy,happy,0.7834,0.7834,"happy(0.78), disgust(0.09)",True,Accepted
happy_cand_02485.png,happy,happy,0.6922,0.6922,"happy(0.69), disgust(0.10)",False,Low Happy probability (0.692 < 0.7)
happy_cand_02486.png,happy,happy,0.7649,0.7649,"happy(0.76), disgust(0.08)",True,Accepted
happy_cand_02487.png,happy,happy,0.5714,0.5714,"happy(0.57), neutral(0.20)",False,Low Happy probability (0.571 < 0.7)
happy_cand_02488.png,happy,happy,0.6786,0.6786,"happy(0.68), disgust(0.11)",False,Low Happy probability (0.679 < 0.7)
happy_cand_02489.png,happy,neutral,0.0538,0.3194,"neutral(0.32), angry(0.21)",False,Teacher predicted 'neutral' (0.319)
happy_cand_02490.png,happy,neutral,0.0959,0.4887,"neutral(0.49), sad(0.17)",False,Teacher predicted 'neutral' (0.489)
happy_cand_02491.png,happy,neutral,0.0723,0.7598,"neutral(0.76), happy(0.07)",False,Teacher predicted 'neutral' (0.760)
happy_cand_02492.png,happy,happy,0.7837,0.7837,"happy(0.78), neutral(0.10)",True,Accepted
happy_cand_02493.png,happy,neutral,0.3362,0.4633,"neutral(0.46), happy(0.34)",False,Teacher predicted 'neutral' (0.463)
happy_cand_02494.png,happy,happy,0.8209,0.8209,"happy(0.82), disgust(0.09)",True,Accepted
happy_cand_02495.png,happy,happy,0.6781,0.6781,"happy(0.68), fear(0.08)",False,Low Happy probability (0.678 < 0.7)
happy_cand_02496.png,happy,neutral,0.1469,0.7219,"neutral(0.72), happy(0.15)",False,Teacher predicted 'neutral' (0.722)
happy_cand_02497.png,happy,happy,0.6853,0.6853,"happy(0.69), surprise(0.14)",False,Low Happy probability (0.685 < 0.7)
happy_cand_02498.png,happy,angry,0.174,0.3448,"angry(0.34), neutral(0.30)",False,Teacher predicted 'angry' (0.345)
happy_cand_02499.png,happy,sad,0.1501,0.2634,"sad(0.26), neutral(0.23)",False,Teacher predicted 'sad' (0.263)
happy_cand_02500.png,happy,neutral,0.2814,0.3439,"neutral(0.34), happy(0.28)",False,Teacher predicted 'neutral' (0.344)
happy_cand_02501.png,happy,sad,0.0534,0.294,"sad(0.29), neutral(0.23)",False,Teacher predicted 'sad' (0.294)
happy_cand_02502.png,happy,happy,0.7875,0.7875,"happy(0.79), disgust(0.07)",True,Accepted
happy_cand_02503.png,happy,happy,0.5467,0.5467,"happy(0.55), neutral(0.18)",False,Low Happy probability (0.547 < 0.7)
happy_cand_02504.png,happy,happy,0.8713,0.8713,"happy(0.87), disgust(0.05)",True,Accepted
happy_cand_02505.png,happy,happy,0.5026,0.5026,"happy(0.50), neutral(0.16)",False,Low Happy probability (0.503 < 0.7)
happy_cand_02506.png,happy,happy,0.7879,0.7879,"happy(0.79), neutral(0.08)",True,Accepted
happy_cand_02507.png,happy,neutral,0.0662,0.7748,"neutral(0.77), happy(0.07)",False,Teacher predicted 'neutral' (0.775)
happy_cand_02508.png,happy,happy,0.3494,0.3494,"happy(0.35), neutral(0.33)",False,Low Happy probability (0.349 < 0.7)
happy_cand_02509.png,happy,happy,0.2522,0.2522,"happy(0.25), angry(0.19)",False,Low Happy probability (0.252 < 0.7)
happy_cand_02510.png,happy,happy,0.4711,0.4711,"happy(0.47), neutral(0.29)",False,Low Happy probability (0.471 < 0.7)
happy_cand_02511.png,happy,neutral,0.292,0.5081,"neutral(0.51), happy(0.29)",False,Teacher predicted 'neutral' (0.508)
happy_cand_02512.png,happy,happy,0.8728,0.8728,"happy(0.87), disgust(0.06)",True,Accepted
happy_cand_02513.png,happy,happy,0.7985,0.7985,"happy(0.80), disgust(0.07)",True,Accepted
happy_cand_02514.png,happy,happy,0.8454,0.8454,"happy(0.85), disgust(0.07)",True,Accepted
happy_cand_02515.png,happy,neutral,0.1316,0.4933,"neutral(0.49), sad(0.14)",False,Teacher predicted 'neutral' (0.493)
happy_cand_02516.png,happy,neutral,0.1152,0.5547,"neutral(0.55), happy(0.12)",False,Teacher predicted 'neutral' (0.555)
happy_cand_02517.png,happy,happy,0.6224,0.6224,"happy(0.62), neutral(0.11)",False,Low Happy probability (0.622 < 0.7)
happy_cand_02518.png,happy,happy,0.8614,0.8614,"happy(0.86), disgust(0.06)",True,Accepted
happy_cand_02519.png,happy,happy,0.816,0.816,"happy(0.82), neutral(0.07)",True,Accepted
happy_cand_02520.png,happy,neutral,0.1902,0.6417,"neutral(0.64), happy(0.19)",False,Teacher predicted 'neutral' (0.642)
happy_cand_02521.png,happy,happy,0.6606,0.6606,"happy(0.66), disgust(0.10)",False,Low Happy probability (0.661 < 0.7)
happy_cand_02522.png,happy,happy,0.2523,0.2523,"happy(0.25), neutral(0.21)",False,Low Happy probability (0.252 < 0.7)
happy_cand_02523.png,happy,happy,0.8228,0.8228,"happy(0.82), disgust(0.07)",True,Accepted
happy_cand_02524.png,happy,neutral,0.2145,0.5959,"neutral(0.60), happy(0.21)",False,Teacher predicted 'neutral' (0.596)
happy_cand_02525.png,happy,happy,0.7734,0.7734,"happy(0.77), neutral(0.11)",True,Accepted
happy_cand_02526.png,happy,neutral,0.0628,0.7387,"neutral(0.74), sad(0.08)",False,Teacher predicted 'neutral' (0.739)
happy_cand_02527.png,happy,neutral,0.2928,0.4835,"neutral(0.48), happy(0.29)",False,Teacher predicted 'neutral' (0.483)
happy_cand_02528.png,happy,neutral,0.2704,0.3591,"neutral(0.36), happy(0.27)",False,Teacher predicted 'neutral' (0.359)
happy_cand_02529.png,happy,happy,0.7653,0.7653,"happy(0.77), neutral(0.09)",True,Accepted
happy_cand_02530.png,happy,happy,0.7002,0.7002,"happy(0.70), neutral(0.13)",True,Accepted
happy_cand_02531.png,happy,happy,0.4116,0.4116,"happy(0.41), surprise(0.39)",False,Low Happy probability (0.412 < 0.7)
happy_cand_02532.png,happy,neutral,0.175,0.5613,"neutral(0.56), happy(0.17)",False,Teacher predicted 'neutral' (0.561)
happy_cand_02533.png,happy,neutral,0.0194,0.5979,"neutral(0.60), sad(0.16)",False,Teacher predicted 'neutral' (0.598)
happy_cand_02534.png,happy,neutral,0.2602,0.3763,"neutral(0.38), happy(0.26)",False,Teacher predicted 'neutral' (0.376)
happy_cand_02535.png,happy,neutral,0.2953,0.4976,"neutral(0.50), happy(0.30)",False,Teacher predicted 'neutral' (0.498)
happy_cand_02536.png,happy,happy,0.8573,0.8573,"happy(0.86), disgust(0.07)",True,Accepted
happy_cand_02537.png,happy,happy,0.6846,0.6846,"happy(0.68), neutral(0.14)",False,Low Happy probability (0.685 < 0.7)
happy_cand_02538.png,happy,neutral,0.1052,0.7871,"neutral(0.79), happy(0.11)",False,Teacher predicted 'neutral' (0.787)
happy_cand_02539.png,happy,happy,0.5018,0.5018,"happy(0.50), disgust(0.28)",False,Low Happy probability (0.502 < 0.7)
happy_cand_02540.png,happy,neutral,0.0499,0.7015,"neutral(0.70), angry(0.14)",False,Teacher predicted 'neutral' (0.702)
happy_cand_02541.png,happy,happy,0.5232,0.5232,"happy(0.52), neutral(0.11)",False,Low Happy probability (0.523 < 0.7)
happy_cand_02542.png,happy,happy,0.789,0.789,"happy(0.79), neutral(0.10)",True,Accepted
happy_cand_02543.png,happy,neutral,0.0624,0.6798,"neutral(0.68), sad(0.14)",False,Teacher predicted 'neutral' (0.680)
happy_cand_02544.png,happy,happy,0.4711,0.4711,"happy(0.47), angry(0.18)",False,Low Happy probability (0.471 < 0.7)
happy_cand_02545.png,happy,surprise,0.0319,0.3133,"surprise(0.31), fear(0.24)",False,Teacher predicted 'surprise' (0.313)
happy_cand_02546.png,happy,neutral,0.1056,0.3361,"neutral(0.34), disgust(0.28)",False,Teacher predicted 'neutral' (0.336)
happy_cand_02547.png,happy,fear,0.0487,0.3599,"fear(0.36), sad(0.25)",False,Teacher predicted 'fear' (0.360)
happy_cand_02548.png,happy,happy,0.459,0.459,"happy(0.46), neutral(0.31)",False,Low Happy probability (0.459 < 0.7)
happy_cand_02549.png,happy,neutral,0.2198,0.5304,"neutral(0.53), happy(0.22)",False,Teacher predicted 'neutral' (0.530)
happy_cand_02550.png,happy,happy,0.344,0.344,"happy(0.34), fear(0.16)",False,Low Happy probability (0.344 < 0.7)
happy_cand_02551.png,happy,surprise,0.1829,0.3089,"surprise(0.31), neutral(0.29)",False,Teacher predicted 'surprise' (0.309)
happy_cand_02552.png,happy,happy,0.5224,0.5224,"happy(0.52), neutral(0.26)",False,Low Happy probability (0.522 < 0.7)
happy_cand_02553.png,happy,happy,0.5765,0.5765,"happy(0.58), neutral(0.15)",False,Low Happy probability (0.577 < 0.7)
happy_cand_02554.png,happy,happy,0.3485,0.3485,"happy(0.35), angry(0.23)",False,Low Happy probability (0.349 < 0.7)
happy_cand_02555.png,happy,happy,0.8567,0.8567,"happy(0.86), disgust(0.06)",True,Accepted
happy_cand_02556.png,happy,sad,0.036,0.6967,"sad(0.70), angry(0.10)",False,Teacher predicted 'sad' (0.697)
happy_cand_02557.png,happy,happy,0.8044,0.8044,"happy(0.80), disgust(0.09)",True,Accepted
happy_cand_02558.png,happy,happy,0.6479,0.6479,"happy(0.65), neutral(0.16)",False,Low Happy probability (0.648 < 0.7)
happy_cand_02559.png,happy,neutral,0.2549,0.4656,"neutral(0.47), happy(0.25)",False,Teacher predicted 'neutral' (0.466)
happy_cand_02560.png,happy,happy,0.6257,0.6257,"happy(0.63), angry(0.20)",False,Low Happy probability (0.626 < 0.7)
happy_cand_02561.png,happy,disgust,0.2233,0.384,"disgust(0.38), angry(0.24)",False,Teacher predicted 'disgust' (0.384)
happy_cand_02562.png,happy,happy,0.6903,0.6903,"happy(0.69), neutral(0.11)",False,Low Happy probability (0.690 < 0.7)
happy_cand_02563.png,happy,neutral,0.057,0.6297,"neutral(0.63), sad(0.20)",False,Teacher predicted 'neutral' (0.630)
happy_cand_02564.png,happy,neutral,0.0355,0.8213,"neutral(0.82), angry(0.05)",False,Teacher predicted 'neutral' (0.821)
happy_cand_02565.png,happy,neutral,0.1817,0.535,"neutral(0.53), happy(0.18)",False,Teacher predicted 'neutral' (0.535)
happy_cand_02566.png,happy,happy,0.5448,0.5448,"happy(0.54), neutral(0.15)",False,Low Happy probability (0.545 < 0.7)
happy_cand_02567.png,happy,happy,0.7013,0.7013,"happy(0.70), disgust(0.08)",True,Accepted
happy_cand_02568.png,happy,happy,0.8126,0.8126,"happy(0.81), disgust(0.08)",True,Accepted
happy_cand_02569.png,happy,neutral,0.2981,0.4642,"neutral(0.46), happy(0.30)",False,Teacher predicted 'neutral' (0.464)
happy_cand_02570.png,happy,happy,0.6566,0.6566,"happy(0.66), neutral(0.18)",False,Low Happy probability (0.657 < 0.7)
happy_cand_02571.png,happy,happy,0.77,0.77,"happy(0.77), disgust(0.08)",True,Accepted
happy_cand_02572.png,happy,happy,0.8212,0.8212,"happy(0.82), surprise(0.07)",True,Accepted
happy_cand_02573.png,happy,sad,0.0493,0.2572,"sad(0.26), neutral(0.25)",False,Teacher predicted 'sad' (0.257)
happy_cand_02574.png,happy,happy,0.7664,0.7664,"happy(0.77), disgust(0.09)",True,Accepted
happy_cand_02575.png,happy,happy,0.8161,0.8161,"happy(0.82), disgust(0.08)",True,Accepted
happy_cand_02576.png,happy,happy,0.8089,0.8089,"happy(0.81), disgust(0.07)",True,Accepted
happy_cand_02577.png,happy,happy,0.8193,0.8193,"happy(0.82), disgust(0.08)",True,Accepted
happy_cand_02578.png,happy,neutral,0.1413,0.3262,"neutral(0.33), angry(0.21)",False,Teacher predicted 'neutral' (0.326)
happy_cand_02579.png,happy,happy,0.7421,0.7421,"happy(0.74), disgust(0.10)",True,Accepted
happy_cand_02580.png,happy,neutral,0.0323,0.6957,"neutral(0.70), angry(0.12)",False,Teacher predicted 'neutral' (0.696)
happy_cand_02581.png,happy,happy,0.8468,0.8468,"happy(0.85), disgust(0.07)",True,Accepted
happy_cand_02582.png,happy,happy,0.8357,0.8357,"happy(0.84), disgust(0.08)",True,Accepted
happy_cand_02583.png,happy,neutral,0.1243,0.6219,"neutral(0.62), happy(0.12)",False,Teacher predicted 'neutral' (0.622)
happy_cand_02584.png,happy,neutral,0.1504,0.5645,"neutral(0.56), happy(0.15)",False,Teacher predicted 'neutral' (0.565)
happy_cand_02585.png,happy,neutral,0.3139,0.542,"neutral(0.54), happy(0.31)",False,Teacher predicted 'neutral' (0.542)
happy_cand_02586.png,happy,happy,0.6277,0.6277,"happy(0.63), neutral(0.19)",False,Low Happy probability (0.628 < 0.7)
happy_cand_02587.png,happy,happy,0.5377,0.5377,"happy(0.54), neutral(0.26)",False,Low Happy probability (0.538 < 0.7)
happy_cand_02588.png,happy,neutral,0.2587,0.572,"neutral(0.57), happy(0.26)",False,Teacher predicted 'neutral' (0.572)
happy_cand_02589.png,happy,happy,0.4543,0.4543,"happy(0.45), surprise(0.32)",False,Low Happy probability (0.454 < 0.7)
happy_cand_02590.png,happy,happy,0.6205,0.6205,"happy(0.62), disgust(0.13)",False,Low Happy probability (0.621 < 0.7)
happy_cand_02591.png,happy,happy,0.6713,0.6713,"happy(0.67), neutral(0.18)",False,Low Happy probability (0.671 < 0.7)
happy_cand_02592.png,happy,happy,0.7626,0.7626,"happy(0.76), disgust(0.08)",True,Accepted
happy_cand_02593.png,happy,happy,0.5989,0.5989,"happy(0.60), neutral(0.21)",False,Low Happy probability (0.599 < 0.7)
happy_cand_02594.png,happy,happy,0.7512,0.7512,"happy(0.75), neutral(0.09)",True,Accepted
happy_cand_02595.png,happy,neutral,0.082,0.4183,"neutral(0.42), sad(0.15)",False,Teacher predicted 'neutral' (0.418)
happy_cand_02596.png,happy,neutral,0.0476,0.4418,"neutral(0.44), sad(0.27)",False,Teacher predicted 'neutral' (0.442)
happy_cand_02597.png,happy,happy,0.6535,0.6535,"happy(0.65), angry(0.13)",False,Low Happy probability (0.653 < 0.7)
happy_cand_02598.png,happy,neutral,0.2552,0.5048,"neutral(0.50), happy(0.26)",False,Teacher predicted 'neutral' (0.505)
happy_cand_02599.png,happy,happy,0.6341,0.6341,"happy(0.63), angry(0.10)",False,Low Happy probability (0.634 < 0.7)
happy_cand_02600.png,happy,angry,0.0884,0.5063,"angry(0.51), disgust(0.15)",False,Teacher predicted 'angry' (0.506)
happy_cand_02601.png,happy,happy,0.6866,0.6866,"happy(0.69), disgust(0.10)",False,Low Happy probability (0.687 < 0.7)
happy_cand_02602.png,happy,happy,0.6229,0.6229,"happy(0.62), neutral(0.22)",False,Low Happy probability (0.623 < 0.7)
happy_cand_02603.png,happy,happy,0.7403,0.7403,"happy(0.74), disgust(0.08)",True,Accepted
happy_cand_02604.png,happy,happy,0.8238,0.8238,"happy(0.82), disgust(0.08)",True,Accepted
happy_cand_02605.png,happy,happy,0.4171,0.4171,"happy(0.42), neutral(0.20)",False,Low Happy probability (0.417 < 0.7)
happy_cand_02606.png,happy,neutral,0.0689,0.5393,"neutral(0.54), sad(0.17)",False,Teacher predicted 'neutral' (0.539)
happy_cand_02607.png,happy,happy,0.8428,0.8428,"happy(0.84), disgust(0.08)",True,Accepted
happy_cand_02608.png,happy,happy,0.4874,0.4874,"happy(0.49), angry(0.16)",False,Low Happy probability (0.487 < 0.7)
happy_cand_02609.png,happy,happy,0.5845,0.5845,"happy(0.58), neutral(0.22)",False,Low Happy probability (0.584 < 0.7)
happy_cand_02610.png,happy,angry,0.2685,0.3114,"angry(0.31), happy(0.27)",False,Teacher predicted 'angry' (0.311)
happy_cand_02611.png,happy,neutral,0.1606,0.4771,"neutral(0.48), happy(0.16)",False,Teacher predicted 'neutral' (0.477)
happy_cand_02612.png,happy,neutral,0.1738,0.2856,"neutral(0.29), angry(0.25)",False,Teacher predicted 'neutral' (0.286)
happy_cand_02613.png,happy,happy,0.8468,0.8468,"happy(0.85), disgust(0.07)",True,Accepted
happy_cand_02614.png,happy,happy,0.8097,0.8097,"happy(0.81), disgust(0.07)",True,Accepted
happy_cand_02615.png,happy,neutral,0.1738,0.678,"neutral(0.68), happy(0.17)",False,Teacher predicted 'neutral' (0.678)
happy_cand_02616.png,happy,happy,0.7657,0.7657,"happy(0.77), disgust(0.09)",True,Accepted
happy_cand_02617.png,happy,neutral,0.0208,0.5843,"neutral(0.58), sad(0.13)",False,Teacher predicted 'neutral' (0.584)
happy_cand_02618.png,happy,neutral,0.0792,0.6904,"neutral(0.69), happy(0.08)",False,Teacher predicted 'neutral' (0.690)
happy_cand_02619.png,happy,happy,0.7627,0.7627,"happy(0.76), disgust(0.08)",True,Accepted
happy_cand_02620.png,happy,happy,0.8744,0.8744,"happy(0.87), disgust(0.06)",True,Accepted
happy_cand_02621.png,happy,disgust,0.095,0.8186,"disgust(0.82), happy(0.09)",False,Teacher predicted 'disgust' (0.819)
happy_cand_02622.png,happy,happy,0.4215,0.4215,"happy(0.42), surprise(0.23)",False,Low Happy probability (0.422 < 0.7)
happy_cand_02623.png,happy,happy,0.3482,0.3482,"happy(0.35), neutral(0.28)",False,Low Happy probability (0.348 < 0.7)
happy_cand_02624.png,happy,happy,0.6979,0.6979,"happy(0.70), neutral(0.11)",False,Low Happy probability (0.698 < 0.7)
happy_cand_02625.png,happy,happy,0.7525,0.7525,"happy(0.75), disgust(0.08)",True,Accepted
happy_cand_02626.png,happy,happy,0.6488,0.6488,"happy(0.65), neutral(0.22)",False,Low Happy probability (0.649 < 0.7)
happy_cand_02627.png,happy,angry,0.2463,0.3147,"angry(0.31), happy(0.25)",False,Teacher predicted 'angry' (0.315)
happy_cand_02628.png,happy,happy,0.823,0.823,"happy(0.82), disgust(0.08)",True,Accepted
happy_cand_02629.png,happy,happy,0.7208,0.7208,"happy(0.72), disgust(0.08)",True,Accepted
happy_cand_02630.png,happy,happy,0.5969,0.5969,"happy(0.60), disgust(0.13)",False,Low Happy probability (0.597 < 0.7)
happy_cand_02631.png,happy,neutral,0.0939,0.4947,"neutral(0.49), sad(0.20)",False,Teacher predicted 'neutral' (0.495)
happy_cand_02632.png,happy,happy,0.7786,0.7786,"happy(0.78), disgust(0.10)",True,Accepted
happy_cand_02633.png,happy,happy,0.7507,0.7507,"happy(0.75), disgust(0.09)",True,Accepted
happy_cand_02634.png,happy,angry,0.136,0.2872,"angry(0.29), disgust(0.25)",False,Teacher predicted 'angry' (0.287)
happy_cand_02635.png,happy,happy,0.8663,0.8663,"happy(0.87), disgust(0.08)",True,Accepted
happy_cand_02636.png,happy,happy,0.8,0.8,"happy(0.80), disgust(0.13)",True,Accepted
happy_cand_02637.png,happy,neutral,0.0893,0.8087,"neutral(0.81), happy(0.09)",False,Teacher predicted 'neutral' (0.809)
happy_cand_02638.png,happy,neutral,0.0856,0.2303,"neutral(0.23), surprise(0.22)",False,Teacher predicted 'neutral' (0.230)
happy_cand_02639.png,happy,neutral,0.1363,0.6684,"neutral(0.67), happy(0.14)",False,Teacher predicted 'neutral' (0.668)
happy_cand_02640.png,happy,neutral,0.1082,0.6536,"neutral(0.65), happy(0.11)",False,Teacher predicted 'neutral' (0.654)
happy_cand_02641.png,happy,neutral,0.0963,0.7344,"neutral(0.73), happy(0.10)",False,Teacher predicted 'neutral' (0.734)
happy_cand_02642.png,happy,happy,0.472,0.472,"happy(0.47), neutral(0.27)",False,Low Happy probability (0.472 < 0.7)
happy_cand_02643.png,happy,happy,0.6009,0.6009,"happy(0.60), neutral(0.13)",False,Low Happy probability (0.601 < 0.7)
happy_cand_02644.png,happy,happy,0.8158,0.8158,"happy(0.82), disgust(0.08)",True,Accepted
happy_cand_02645.png,happy,happy,0.5664,0.5664,"happy(0.57), neutral(0.14)",False,Low Happy probability (0.566 < 0.7)
happy_cand_02646.png,happy,happy,0.7083,0.7083,"happy(0.71), disgust(0.07)",True,Accepted
happy_cand_02647.png,happy,surprise,0.1712,0.4057,"surprise(0.41), happy(0.17)",False,Teacher predicted 'surprise' (0.406)
happy_cand_02648.png,happy,sad,0.0896,0.469,"sad(0.47), fear(0.15)",False,Teacher predicted 'sad' (0.469)
happy_cand_02649.png,happy,happy,0.6822,0.6822,"happy(0.68), neutral(0.11)",False,Low Happy probability (0.682 < 0.7)
happy_cand_02650.png,happy,happy,0.7249,0.7249,"happy(0.72), neutral(0.14)",True,Accepted
happy_cand_02651.png,happy,neutral,0.1431,0.6525,"neutral(0.65), happy(0.14)",False,Teacher predicted 'neutral' (0.652)
happy_cand_02652.png,happy,neutral,0.096,0.6839,"neutral(0.68), happy(0.10)",False,Teacher predicted 'neutral' (0.684)
happy_cand_02653.png,happy,happy,0.8438,0.8438,"happy(0.84), disgust(0.07)",True,Accepted
happy_cand_02654.png,happy,happy,0.7745,0.7745,"happy(0.77), neutral(0.13)",True,Accepted
happy_cand_02655.png,happy,neutral,0.2583,0.3571,"neutral(0.36), happy(0.26)",False,Teacher predicted 'neutral' (0.357)
happy_cand_02656.png,happy,happy,0.6059,0.6059,"happy(0.61), neutral(0.18)",False,Low Happy probability (0.606 < 0.7)
happy_cand_02657.png,happy,neutral,0.0588,0.6937,"neutral(0.69), surprise(0.11)",False,Teacher predicted 'neutral' (0.694)
happy_cand_02658.png,happy,happy,0.8032,0.8032,"happy(0.80), disgust(0.08)",True,Accepted
happy_cand_02659.png,happy,happy,0.7482,0.7482,"happy(0.75), neutral(0.10)",True,Accepted
happy_cand_02660.png,happy,happy,0.6415,0.6415,"happy(0.64), neutral(0.14)",False,Low Happy probability (0.641 < 0.7)
happy_cand_02661.png,happy,neutral,0.3834,0.4443,"neutral(0.44), happy(0.38)",False,Teacher predicted 'neutral' (0.444)
happy_cand_02662.png,happy,happy,0.8521,0.8521,"happy(0.85), disgust(0.07)",True,Accepted
happy_cand_02663.png,happy,happy,0.7905,0.7905,"happy(0.79), disgust(0.09)",True,Accepted
happy_cand_02664.png,happy,happy,0.5266,0.5266,"happy(0.53), neutral(0.29)",False,Low Happy probability (0.527 < 0.7)
happy_cand_02665.png,happy,happy,0.3548,0.3548,"happy(0.35), angry(0.33)",False,Low Happy probability (0.355 < 0.7)
happy_cand_02666.png,happy,happy,0.8102,0.8102,"happy(0.81), disgust(0.08)",True,Accepted
happy_cand_02667.png,happy,happy,0.7717,0.7717,"happy(0.77), disgust(0.08)",True,Accepted
happy_cand_02668.png,happy,happy,0.6223,0.6223,"happy(0.62), disgust(0.15)",False,Low Happy probability (0.622 < 0.7)
happy_cand_02669.png,happy,neutral,0.083,0.35,"neutral(0.35), angry(0.29)",False,Teacher predicted 'neutral' (0.350)
happy_cand_02670.png,happy,happy,0.6807,0.6807,"happy(0.68), neutral(0.15)",False,Low Happy probability (0.681 < 0.7)
happy_cand_02671.png,happy,neutral,0.3331,0.4542,"neutral(0.45), happy(0.33)",False,Teacher predicted 'neutral' (0.454)
happy_cand_02672.png,happy,sad,0.0444,0.3326,"sad(0.33), neutral(0.20)",False,Teacher predicted 'sad' (0.333)
happy_cand_02673.png,happy,happy,0.681,0.681,"happy(0.68), neutral(0.19)",False,Low Happy probability (0.681 < 0.7)
happy_cand_02674.png,happy,happy,0.7668,0.7668,"happy(0.77), disgust(0.07)",True,Accepted
happy_cand_02675.png,happy,disgust,0.195,0.6708,"disgust(0.67), happy(0.19)",False,Teacher predicted 'disgust' (0.671)
happy_cand_02676.png,happy,happy,0.8178,0.8178,"happy(0.82), disgust(0.06)",True,Accepted
happy_cand_02677.png,happy,happy,0.841,0.841,"happy(0.84), disgust(0.07)",True,Accepted
happy_cand_02678.png,happy,happy,0.7692,0.7692,"happy(0.77), angry(0.06)",True,Accepted
happy_cand_02679.png,happy,neutral,0.0492,0.6922,"neutral(0.69), sad(0.10)",False,Teacher predicted 'neutral' (0.692)
happy_cand_02680.png,happy,happy,0.8473,0.8473,"happy(0.85), disgust(0.05)",True,Accepted
happy_cand_02681.png,happy,happy,0.7242,0.7242,"happy(0.72), neutral(0.12)",True,Accepted
happy_cand_02682.png,happy,happy,0.7413,0.7413,"happy(0.74), disgust(0.09)",True,Accepted
happy_cand_02683.png,happy,neutral,0.064,0.683,"neutral(0.68), sad(0.09)",False,Teacher predicted 'neutral' (0.683)
happy_cand_02684.png,happy,neutral,0.0449,0.6394,"neutral(0.64), sad(0.09)",False,Teacher predicted 'neutral' (0.639)
happy_cand_02685.png,happy,neutral,0.0745,0.5348,"neutral(0.53), sad(0.11)",False,Teacher predicted 'neutral' (0.535)
happy_cand_02686.png,happy,neutral,0.2179,0.6132,"neutral(0.61), happy(0.22)",False,Teacher predicted 'neutral' (0.613)
happy_cand_02687.png,happy,disgust,0.0426,0.4094,"disgust(0.41), angry(0.17)",False,Teacher predicted 'disgust' (0.409)
happy_cand_02688.png,happy,happy,0.788,0.788,"happy(0.79), neutral(0.10)",True,Accepted
happy_cand_02689.png,happy,happy,0.8329,0.8329,"happy(0.83), disgust(0.08)",True,Accepted
happy_cand_02690.png,happy,happy,0.7882,0.7882,"happy(0.79), disgust(0.08)",True,Accepted
happy_cand_02691.png,happy,neutral,0.379,0.4923,"neutral(0.49), happy(0.38)",False,Teacher predicted 'neutral' (0.492)
happy_cand_02692.png,happy,happy,0.4525,0.4525,"happy(0.45), neutral(0.32)",False,Low Happy probability (0.452 < 0.7)
happy_cand_02693.png,happy,happy,0.5756,0.5756,"happy(0.58), neutral(0.16)",False,Low Happy probability (0.576 < 0.7)
happy_cand_02694.png,happy,neutral,0.2453,0.5297,"neutral(0.53), happy(0.25)",False,Teacher predicted 'neutral' (0.530)
happy_cand_02695.png,happy,neutral,0.0301,0.4435,"neutral(0.44), sad(0.26)",False,Teacher predicted 'neutral' (0.444)
happy_cand_02696.png,happy,happy,0.5651,0.5651,"happy(0.57), neutral(0.19)",False,Low Happy probability (0.565 < 0.7)
happy_cand_02697.png,happy,happy,0.6471,0.6471,"happy(0.65), angry(0.11)",False,Low Happy probability (0.647 < 0.7)
happy_cand_02698.png,happy,happy,0.7753,0.7753,"happy(0.78), neutral(0.07)",True,Accepted
happy_cand_02699.png,happy,happy,0.8241,0.8241,"happy(0.82), disgust(0.08)",True,Accepted
happy_cand_02700.png,happy,happy,0.4795,0.4795,"happy(0.48), neutral(0.34)",False,Low Happy probability (0.479 < 0.7)
happy_cand_02701.png,happy,neutral,0.1225,0.5396,"neutral(0.54), angry(0.16)",False,Teacher predicted 'neutral' (0.540)
happy_cand_02702.png,happy,happy,0.6722,0.6722,"happy(0.67), neutral(0.13)",False,Low Happy probability (0.672 < 0.7)
happy_cand_02703.png,happy,happy,0.8693,0.8693,"happy(0.87), disgust(0.07)",True,Accepted
happy_cand_02704.png,happy,neutral,0.0372,0.4448,"neutral(0.44), sad(0.28)",False,Teacher predicted 'neutral' (0.445)
happy_cand_02705.png,happy,happy,0.82,0.82,"happy(0.82), disgust(0.08)",True,Accepted
happy_cand_02706.png,happy,angry,0.0364,0.2043,"angry(0.20), disgust(0.19)",False,Teacher predicted 'angry' (0.204)
happy_cand_02707.png,happy,happy,0.5459,0.5459,"happy(0.55), neutral(0.23)",False,Low Happy probability (0.546 < 0.7)
happy_cand_02708.png,happy,happy,0.2937,0.2937,"happy(0.29), fear(0.15)",False,Low Happy probability (0.294 < 0.7)
happy_cand_02709.png,happy,happy,0.8302,0.8302,"happy(0.83), disgust(0.08)",True,Accepted
happy_cand_02710.png,happy,happy,0.609,0.609,"happy(0.61), neutral(0.24)",False,Low Happy probability (0.609 < 0.7)
happy_cand_02711.png,happy,happy,0.5406,0.5406,"happy(0.54), neutral(0.15)",False,Low Happy probability (0.541 < 0.7)
happy_cand_02712.png,happy,neutral,0.2008,0.5546,"neutral(0.55), happy(0.20)",False,Teacher predicted 'neutral' (0.555)
happy_cand_02713.png,happy,happy,0.7895,0.7895,"happy(0.79), neutral(0.09)",True,Accepted
happy_cand_02714.png,happy,happy,0.4833,0.4833,"happy(0.48), neutral(0.26)",False,Low Happy probability (0.483 < 0.7)
happy_cand_02715.png,happy,happy,0.655,0.655,"happy(0.66), neutral(0.12)",False,Low Happy probability (0.655 < 0.7)
happy_cand_02716.png,happy,happy,0.4688,0.4688,"happy(0.47), neutral(0.24)",False,Low Happy probability (0.469 < 0.7)
happy_cand_02717.png,happy,happy,0.7206,0.7206,"happy(0.72), surprise(0.07)",True,Accepted
happy_cand_02718.png,happy,happy,0.7557,0.7557,"happy(0.76), disgust(0.08)",True,Accepted
happy_cand_02719.png,happy,neutral,0.238,0.5068,"neutral(0.51), happy(0.24)",False,Teacher predicted 'neutral' (0.507)
happy_cand_02720.png,happy,happy,0.6614,0.6614,"happy(0.66), neutral(0.13)",False,Low Happy probability (0.661 < 0.7)
happy_cand_02721.png,happy,neutral,0.1388,0.5979,"neutral(0.60), happy(0.14)",False,Teacher predicted 'neutral' (0.598)
happy_cand_02722.png,happy,neutral,0.2482,0.4794,"neutral(0.48), happy(0.25)",False,Teacher predicted 'neutral' (0.479)
happy_cand_02723.png,happy,neutral,0.1004,0.5372,"neutral(0.54), sad(0.16)",False,Teacher predicted 'neutral' (0.537)
happy_cand_02724.png,happy,happy,0.5252,0.5252,"happy(0.53), angry(0.15)",False,Low Happy probability (0.525 < 0.7)
happy_cand_02725.png,happy,sad,0.077,0.4792,"sad(0.48), fear(0.12)",False,Teacher predicted 'sad' (0.479)
happy_cand_02726.png,happy,happy,0.7755,0.7755,"happy(0.78), disgust(0.07)",True,Accepted
happy_cand_02727.png,happy,happy,0.2668,0.2668,"happy(0.27), neutral(0.26)",False,Low Happy probability (0.267 < 0.7)
happy_cand_02728.png,happy,happy,0.7446,0.7446,"happy(0.74), disgust(0.08)",True,Accepted
happy_cand_02729.png,happy,happy,0.7207,0.7207,"happy(0.72), disgust(0.10)",True,Accepted
happy_cand_02730.png,happy,happy,0.7278,0.7278,"happy(0.73), disgust(0.09)",True,Accepted
happy_cand_02731.png,happy,happy,0.6023,0.6023,"happy(0.60), neutral(0.26)",False,Low Happy probability (0.602 < 0.7)
happy_cand_02732.png,happy,happy,0.7754,0.7754,"happy(0.78), disgust(0.09)",True,Accepted
happy_cand_02733.png,happy,neutral,0.1648,0.6486,"neutral(0.65), happy(0.16)",False,Teacher predicted 'neutral' (0.649)
happy_cand_02734.png,happy,happy,0.7236,0.7236,"happy(0.72), disgust(0.09)",True,Accepted
happy_cand_02735.png,happy,happy,0.6843,0.6843,"happy(0.68), angry(0.11)",False,Low Happy probability (0.684 < 0.7)
happy_cand_02736.png,happy,happy,0.8455,0.8455,"happy(0.85), disgust(0.09)",True,Accepted
happy_cand_02737.png,happy,happy,0.6041,0.6041,"happy(0.60), neutral(0.22)",False,Low Happy probability (0.604 < 0.7)
happy_cand_02738.png,happy,happy,0.8386,0.8386,"happy(0.84), disgust(0.08)",True,Accepted
happy_cand_02739.png,happy,happy,0.7976,0.7976,"happy(0.80), disgust(0.09)",True,Accepted
happy_cand_02740.png,happy,neutral,0.0488,0.762,"neutral(0.76), angry(0.06)",False,Teacher predicted 'neutral' (0.762)
happy_cand_02741.png,happy,happy,0.605,0.605,"happy(0.61), neutral(0.19)",False,Low Happy probability (0.605 < 0.7)
happy_cand_02742.png,happy,happy,0.7301,0.7301,"happy(0.73), neutral(0.08)",True,Accepted
happy_cand_02743.png,happy,happy,0.6557,0.6557,"happy(0.66), sad(0.09)",False,Low Happy probability (0.656 < 0.7)
happy_cand_02744.png,happy,neutral,0.129,0.4312,"neutral(0.43), sad(0.19)",False,Teacher predicted 'neutral' (0.431)
happy_cand_02745.png,happy,neutral,0.2916,0.4135,"neutral(0.41), happy(0.29)",False,Teacher predicted 'neutral' (0.413)
happy_cand_02746.png,happy,neutral,0.0764,0.6545,"neutral(0.65), happy(0.08)",False,Teacher predicted 'neutral' (0.655)
happy_cand_02747.png,happy,sad,0.2169,0.3101,"sad(0.31), happy(0.22)",False,Teacher predicted 'sad' (0.310)
happy_cand_02748.png,happy,happy,0.483,0.483,"happy(0.48), neutral(0.24)",False,Low Happy probability (0.483 < 0.7)
happy_cand_02749.png,happy,happy,0.8218,0.8218,"happy(0.82), disgust(0.08)",True,Accepted
happy_cand_02750.png,happy,happy,0.8581,0.8581,"happy(0.86), disgust(0.07)",True,Accepted
happy_cand_02751.png,happy,neutral,0.2975,0.5083,"neutral(0.51), happy(0.30)",False,Teacher predicted 'neutral' (0.508)
happy_cand_02752.png,happy,happy,0.5402,0.5402,"happy(0.54), neutral(0.16)",False,Low Happy probability (0.540 < 0.7)
happy_cand_02753.png,happy,happy,0.7549,0.7549,"happy(0.75), neutral(0.12)",True,Accepted
happy_cand_02754.png,happy,happy,0.8189,0.8189,"happy(0.82), disgust(0.08)",True,Accepted
happy_cand_02755.png,happy,happy,0.6534,0.6534,"happy(0.65), angry(0.13)",False,Low Happy probability (0.653 < 0.7)
happy_cand_02756.png,happy,happy,0.5072,0.5072,"happy(0.51), neutral(0.31)",False,Low Happy probability (0.507 < 0.7)
happy_cand_02757.png,happy,happy,0.6626,0.6626,"happy(0.66), angry(0.10)",False,Low Happy probability (0.663 < 0.7)
happy_cand_02758.png,happy,neutral,0.0981,0.6665,"neutral(0.67), happy(0.10)",False,Teacher predicted 'neutral' (0.666)
happy_cand_02759.png,happy,neutral,0.1157,0.6775,"neutral(0.68), happy(0.12)",False,Teacher predicted 'neutral' (0.678)
happy_cand_02760.png,happy,happy,0.7122,0.7122,"happy(0.71), neutral(0.19)",True,Accepted
happy_cand_02761.png,happy,happy,0.8086,0.8086,"happy(0.81), neutral(0.10)",True,Accepted
happy_cand_02762.png,happy,neutral,0.0846,0.5896,"neutral(0.59), angry(0.11)",False,Teacher predicted 'neutral' (0.590)
happy_cand_02763.png,happy,happy,0.7956,0.7956,"happy(0.80), neutral(0.07)",True,Accepted
happy_cand_02764.png,happy,happy,0.8709,0.8709,"happy(0.87), disgust(0.06)",True,Accepted
happy_cand_02765.png,happy,neutral,0.0363,0.6189,"neutral(0.62), angry(0.13)",False,Teacher predicted 'neutral' (0.619)
happy_cand_02766.png,happy,neutral,0.1659,0.695,"neutral(0.69), happy(0.17)",False,Teacher predicted 'neutral' (0.695)
happy_cand_02767.png,happy,happy,0.7492,0.7492,"happy(0.75), neutral(0.09)",True,Accepted
happy_cand_02768.png,happy,happy,0.8447,0.8447,"happy(0.84), disgust(0.08)",True,Accepted
happy_cand_02769.png,happy,angry,0.0165,0.3208,"angry(0.32), neutral(0.32)",False,Teacher predicted 'angry' (0.321)
happy_cand_02770.png,happy,happy,0.7844,0.7844,"happy(0.78), disgust(0.08)",True,Accepted
happy_cand_02771.png,happy,happy,0.5275,0.5275,"happy(0.53), neutral(0.31)",False,Low Happy probability (0.527 < 0.7)
happy_cand_02772.png,happy,angry,0.0637,0.3614,"angry(0.36), neutral(0.29)",False,Teacher predicted 'angry' (0.361)
happy_cand_02773.png,happy,happy,0.631,0.631,"happy(0.63), neutral(0.20)",False,Low Happy probability (0.631 < 0.7)
happy_cand_02774.png,happy,happy,0.4994,0.4994,"happy(0.50), neutral(0.35)",False,Low Happy probability (0.499 < 0.7)
happy_cand_02775.png,happy,happy,0.6572,0.6572,"happy(0.66), neutral(0.15)",False,Low Happy probability (0.657 < 0.7)
happy_cand_02776.png,happy,happy,0.6154,0.6154,"happy(0.62), neutral(0.15)",False,Low Happy probability (0.615 < 0.7)
happy_cand_02777.png,happy,happy,0.5947,0.5947,"happy(0.59), neutral(0.16)",False,Low Happy probability (0.595 < 0.7)
happy_cand_02778.png,happy,happy,0.4193,0.4193,"happy(0.42), neutral(0.36)",False,Low Happy probability (0.419 < 0.7)
happy_cand_02779.png,happy,neutral,0.2331,0.315,"neutral(0.31), happy(0.23)",False,Teacher predicted 'neutral' (0.315)
happy_cand_02780.png,happy,surprise,0.4179,0.4517,"surprise(0.45), happy(0.42)",False,Teacher predicted 'surprise' (0.452)
happy_cand_02781.png,happy,happy,0.6284,0.6284,"happy(0.63), neutral(0.12)",False,Low Happy probability (0.628 < 0.7)
happy_cand_02782.png,happy,happy,0.8441,0.8441,"happy(0.84), disgust(0.07)",True,Accepted
happy_cand_02783.png,happy,happy,0.7609,0.7609,"happy(0.76), disgust(0.08)",True,Accepted
happy_cand_02784.png,happy,happy,0.5011,0.5011,"happy(0.50), angry(0.18)",False,Low Happy probability (0.501 < 0.7)
happy_cand_02785.png,happy,happy,0.532,0.532,"happy(0.53), neutral(0.24)",False,Low Happy probability (0.532 < 0.7)
happy_cand_02786.png,happy,fear,0.2238,0.2619,"fear(0.26), happy(0.22)",False,Teacher predicted 'fear' (0.262)
happy_cand_02787.png,happy,happy,0.4651,0.4651,"happy(0.47), neutral(0.17)",False,Low Happy probability (0.465 < 0.7)
happy_cand_02788.png,happy,neutral,0.056,0.5204,"neutral(0.52), angry(0.30)",False,Teacher predicted 'neutral' (0.520)
happy_cand_02789.png,happy,sad,0.0637,0.3425,"sad(0.34), neutral(0.23)",False,Teacher predicted 'sad' (0.343)
happy_cand_02790.png,happy,sad,0.0788,0.3032,"sad(0.30), angry(0.17)",False,Teacher predicted 'sad' (0.303)
happy_cand_02791.png,happy,angry,0.0111,0.6962,"angry(0.70), sad(0.12)",False,Teacher predicted 'angry' (0.696)
happy_cand_02792.png,happy,happy,0.5095,0.5095,"happy(0.51), surprise(0.19)",False,Low Happy probability (0.509 < 0.7)
happy_cand_02793.png,happy,neutral,0.1834,0.4758,"neutral(0.48), happy(0.18)",False,Teacher predicted 'neutral' (0.476)
happy_cand_02794.png,happy,happy,0.7712,0.7712,"happy(0.77), neutral(0.08)",True,Accepted
happy_cand_02795.png,happy,angry,0.0395,0.3374,"angry(0.34), sad(0.20)",False,Teacher predicted 'angry' (0.337)
happy_cand_02796.png,happy,happy,0.4428,0.4428,"happy(0.44), surprise(0.25)",False,Low Happy probability (0.443 < 0.7)
happy_cand_02797.png,happy,angry,0.194,0.3743,"angry(0.37), happy(0.19)",False,Teacher predicted 'angry' (0.374)
happy_cand_02798.png,happy,neutral,0.0383,0.468,"neutral(0.47), angry(0.23)",False,Teacher predicted 'neutral' (0.468)
happy_cand_02799.png,happy,happy,0.7492,0.7492,"happy(0.75), neutral(0.13)",True,Accepted
happy_cand_02800.png,happy,happy,0.8101,0.8101,"happy(0.81), disgust(0.07)",True,Accepted
happy_cand_02801.png,happy,neutral,0.0406,0.5889,"neutral(0.59), angry(0.18)",False,Teacher predicted 'neutral' (0.589)
happy_cand_02802.png,happy,happy,0.4255,0.4255,"happy(0.43), neutral(0.30)",False,Low Happy probability (0.425 < 0.7)
happy_cand_02803.png,happy,happy,0.6993,0.6993,"happy(0.70), neutral(0.14)",False,Low Happy probability (0.699 < 0.7)
happy_cand_02804.png,happy,neutral,0.2338,0.5526,"neutral(0.55), happy(0.23)",False,Teacher predicted 'neutral' (0.553)
happy_cand_02805.png,happy,happy,0.8693,0.8693,"happy(0.87), disgust(0.06)",True,Accepted
happy_cand_02806.png,happy,neutral,0.3377,0.4332,"neutral(0.43), happy(0.34)",False,Teacher predicted 'neutral' (0.433)
happy_cand_02807.png,happy,happy,0.7815,0.7815,"happy(0.78), disgust(0.07)",True,Accepted
happy_cand_02808.png,happy,happy,0.6094,0.6094,"happy(0.61), neutral(0.23)",False,Low Happy probability (0.609 < 0.7)
happy_cand_02809.png,happy,happy,0.5679,0.5679,"happy(0.57), neutral(0.31)",False,Low Happy probability (0.568 < 0.7)
happy_cand_02810.png,happy,angry,0.1719,0.3824,"angry(0.38), happy(0.17)",False,Teacher predicted 'angry' (0.382)
happy_cand_02811.png,happy,happy,0.8603,0.8603,"happy(0.86), disgust(0.07)",True,Accepted
happy_cand_02812.png,happy,neutral,0.0337,0.6992,"neutral(0.70), angry(0.12)",False,Teacher predicted 'neutral' (0.699)
happy_cand_02813.png,happy,happy,0.8746,0.8746,"happy(0.87), disgust(0.07)",True,Accepted
happy_cand_02814.png,happy,happy,0.6964,0.6964,"happy(0.70), disgust(0.12)",False,Low Happy probability (0.696 < 0.7)
happy_cand_02815.png,happy,happy,0.8297,0.8297,"happy(0.83), disgust(0.07)",True,Accepted
happy_cand_02816.png,happy,neutral,0.3032,0.3878,"neutral(0.39), happy(0.30)",False,Teacher predicted 'neutral' (0.388)
happy_cand_02817.png,happy,happy,0.7759,0.7759,"happy(0.78), neutral(0.09)",True,Accepted
happy_cand_02818.png,happy,happy,0.6052,0.6052,"happy(0.61), disgust(0.15)",False,Low Happy probability (0.605 < 0.7)
happy_cand_02819.png,happy,happy,0.5293,0.5293,"happy(0.53), neutral(0.19)",False,Low Happy probability (0.529 < 0.7)
happy_cand_02820.png,happy,happy,0.8306,0.8306,"happy(0.83), disgust(0.07)",True,Accepted
happy_cand_02821.png,happy,happy,0.6531,0.6531,"happy(0.65), neutral(0.18)",False,Low Happy probability (0.653 < 0.7)
happy_cand_02822.png,happy,sad,0.2357,0.3399,"sad(0.34), happy(0.24)",False,Teacher predicted 'sad' (0.340)
happy_cand_02823.png,happy,happy,0.8488,0.8488,"happy(0.85), disgust(0.08)",True,Accepted
happy_cand_02824.png,happy,happy,0.8056,0.8056,"happy(0.81), disgust(0.06)",True,Accepted
happy_cand_02825.png,happy,neutral,0.3552,0.4268,"neutral(0.43), happy(0.36)",False,Teacher predicted 'neutral' (0.427)
happy_cand_02826.png,happy,neutral,0.0398,0.4473,"neutral(0.45), sad(0.26)",False,Teacher predicted 'neutral' (0.447)
happy_cand_02827.png,happy,neutral,0.0318,0.8454,"neutral(0.85), angry(0.05)",False,Teacher predicted 'neutral' (0.845)
happy_cand_02828.png,happy,neutral,0.2569,0.275,"neutral(0.28), happy(0.26)",False,Teacher predicted 'neutral' (0.275)
happy_cand_02829.png,happy,happy,0.5559,0.5559,"happy(0.56), neutral(0.16)",False,Low Happy probability (0.556 < 0.7)
happy_cand_02830.png,happy,neutral,0.1676,0.706,"neutral(0.71), happy(0.17)",False,Teacher predicted 'neutral' (0.706)
happy_cand_02831.png,happy,happy,0.2686,0.2686,"happy(0.27), fear(0.16)",False,Low Happy probability (0.269 < 0.7)
happy_cand_02832.png,happy,happy,0.6407,0.6407,"happy(0.64), neutral(0.12)",False,Low Happy probability (0.641 < 0.7)
happy_cand_02833.png,happy,happy,0.5259,0.5259,"happy(0.53), disgust(0.27)",False,Low Happy probability (0.526 < 0.7)
happy_cand_02834.png,happy,happy,0.4227,0.4227,"happy(0.42), neutral(0.28)",False,Low Happy probability (0.423 < 0.7)
happy_cand_02835.png,happy,neutral,0.1762,0.5184,"neutral(0.52), happy(0.18)",False,Teacher predicted 'neutral' (0.518)
happy_cand_02836.png,happy,happy,0.6424,0.6424,"happy(0.64), angry(0.17)",False,Low Happy probability (0.642 < 0.7)
happy_cand_02837.png,happy,neutral,0.3953,0.4154,"neutral(0.42), happy(0.40)",False,Teacher predicted 'neutral' (0.415)
happy_cand_02838.png,happy,neutral,0.1457,0.6957,"neutral(0.70), happy(0.15)",False,Teacher predicted 'neutral' (0.696)
happy_cand_02839.png,happy,happy,0.7444,0.7444,"happy(0.74), disgust(0.07)",True,Accepted
happy_cand_02840.png,happy,happy,0.4622,0.4622,"happy(0.46), neutral(0.36)",False,Low Happy probability (0.462 < 0.7)
happy_cand_02841.png,happy,happy,0.5332,0.5332,"happy(0.53), disgust(0.26)",False,Low Happy probability (0.533 < 0.7)
happy_cand_02842.png,happy,neutral,0.1408,0.722,"neutral(0.72), happy(0.14)",False,Teacher predicted 'neutral' (0.722)
happy_cand_02843.png,happy,neutral,0.0167,0.5936,"neutral(0.59), sad(0.18)",False,Teacher predicted 'neutral' (0.594)
happy_cand_02844.png,happy,happy,0.6641,0.6641,"happy(0.66), neutral(0.12)",False,Low Happy probability (0.664 < 0.7)
happy_cand_02845.png,happy,neutral,0.153,0.4016,"neutral(0.40), happy(0.15)",False,Teacher predicted 'neutral' (0.402)
happy_cand_02846.png,happy,surprise,0.0416,0.2562,"surprise(0.26), neutral(0.22)",False,Teacher predicted 'surprise' (0.256)
happy_cand_02847.png,happy,happy,0.8263,0.8263,"happy(0.83), disgust(0.06)",True,Accepted
happy_cand_02848.png,happy,neutral,0.2885,0.3135,"neutral(0.31), happy(0.29)",False,Teacher predicted 'neutral' (0.314)
happy_cand_02849.png,happy,happy,0.5813,0.5813,"happy(0.58), neutral(0.26)",False,Low Happy probability (0.581 < 0.7)
happy_cand_02850.png,happy,happy,0.6826,0.6826,"happy(0.68), disgust(0.11)",False,Low Happy probability (0.683 < 0.7)
happy_cand_02851.png,happy,neutral,0.3468,0.5052,"neutral(0.51), happy(0.35)",False,Teacher predicted 'neutral' (0.505)
happy_cand_02852.png,happy,happy,0.8579,0.8579,"happy(0.86), disgust(0.07)",True,Accepted
happy_cand_02853.png,happy,happy,0.5961,0.5961,"happy(0.60), neutral(0.26)",False,Low Happy probability (0.596 < 0.7)
happy_cand_02854.png,happy,happy,0.6671,0.6671,"happy(0.67), neutral(0.17)",False,Low Happy probability (0.667 < 0.7)
happy_cand_02855.png,happy,happy,0.6552,0.6552,"happy(0.66), neutral(0.20)",False,Low Happy probability (0.655 < 0.7)
happy_cand_02856.png,happy,happy,0.8112,0.8112,"happy(0.81), neutral(0.08)",True,Accepted
happy_cand_02857.png,happy,happy,0.5623,0.5623,"happy(0.56), neutral(0.21)",False,Low Happy probability (0.562 < 0.7)
happy_cand_02858.png,happy,happy,0.844,0.844,"happy(0.84), disgust(0.08)",True,Accepted
happy_cand_02859.png,happy,happy,0.2702,0.2702,"happy(0.27), sad(0.22)",False,Low Happy probability (0.270 < 0.7)
happy_cand_02860.png,happy,fear,0.0881,0.3033,"fear(0.30), sad(0.24)",False,Teacher predicted 'fear' (0.303)
happy_cand_02861.png,happy,fear,0.1423,0.3018,"fear(0.30), angry(0.23)",False,Teacher predicted 'fear' (0.302)
happy_cand_02862.png,happy,neutral,0.055,0.7748,"neutral(0.77), angry(0.07)",False,Teacher predicted 'neutral' (0.775)
happy_cand_02863.png,happy,neutral,0.2268,0.571,"neutral(0.57), happy(0.23)",False,Teacher predicted 'neutral' (0.571)
happy_cand_02864.png,happy,neutral,0.0515,0.431,"neutral(0.43), sad(0.12)",False,Teacher predicted 'neutral' (0.431)
happy_cand_02865.png,happy,happy,0.7804,0.7804,"happy(0.78), neutral(0.08)",True,Accepted
happy_cand_02866.png,happy,happy,0.7899,0.7899,"happy(0.79), disgust(0.08)",True,Accepted
happy_cand_02867.png,happy,neutral,0.0959,0.4942,"neutral(0.49), fear(0.13)",False,Teacher predicted 'neutral' (0.494)
happy_cand_02868.png,happy,happy,0.8157,0.8157,"happy(0.82), disgust(0.07)",True,Accepted
happy_cand_02869.png,happy,happy,0.7714,0.7714,"happy(0.77), disgust(0.06)",True,Accepted
happy_cand_02870.png,happy,happy,0.4094,0.4094,"happy(0.41), neutral(0.40)",False,Low Happy probability (0.409 < 0.7)
happy_cand_02871.png,happy,happy,0.8434,0.8434,"happy(0.84), disgust(0.08)",True,Accepted
happy_cand_02872.png,happy,happy,0.7949,0.7949,"happy(0.79), disgust(0.07)",True,Accepted
happy_cand_02873.png,happy,happy,0.8113,0.8113,"happy(0.81), disgust(0.08)",True,Accepted
happy_cand_02874.png,happy,fear,0.2296,0.2353,"fear(0.24), happy(0.23)",False,Teacher predicted 'fear' (0.235)
happy_cand_02875.png,happy,happy,0.7602,0.7602,"happy(0.76), neutral(0.08)",True,Accepted
happy_cand_02876.png,happy,happy,0.6922,0.6922,"happy(0.69), disgust(0.08)",False,Low Happy probability (0.692 < 0.7)
happy_cand_02877.png,happy,neutral,0.1003,0.7182,"neutral(0.72), happy(0.10)",False,Teacher predicted 'neutral' (0.718)
happy_cand_02878.png,happy,neutral,0.197,0.4426,"neutral(0.44), happy(0.20)",False,Teacher predicted 'neutral' (0.443)
happy_cand_02879.png,happy,happy,0.8183,0.8183,"happy(0.82), disgust(0.09)",True,Accepted
happy_cand_02880.png,happy,happy,0.7565,0.7565,"happy(0.76), neutral(0.08)",True,Accepted
happy_cand_02881.png,happy,happy,0.7331,0.7331,"happy(0.73), neutral(0.08)",True,Accepted
happy_cand_02882.png,happy,neutral,0.328,0.3658,"neutral(0.37), happy(0.33)",False,Teacher predicted 'neutral' (0.366)
happy_cand_02883.png,happy,happy,0.8877,0.8877,"happy(0.89), disgust(0.06)",True,Accepted
happy_cand_02884.png,happy,happy,0.3519,0.3519,"happy(0.35), angry(0.32)",False,Low Happy probability (0.352 < 0.7)
happy_cand_02885.png,happy,happy,0.7232,0.7232,"happy(0.72), neutral(0.13)",True,Accepted
happy_cand_02886.png,happy,neutral,0.1111,0.5701,"neutral(0.57), sad(0.17)",False,Teacher predicted 'neutral' (0.570)
happy_cand_02887.png,happy,happy,0.7169,0.7169,"happy(0.72), neutral(0.16)",True,Accepted
happy_cand_02888.png,happy,neutral,0.391,0.4659,"neutral(0.47), happy(0.39)",False,Teacher predicted 'neutral' (0.466)
happy_cand_02889.png,happy,happy,0.7678,0.7678,"happy(0.77), angry(0.08)",True,Accepted
happy_cand_02890.png,happy,happy,0.6156,0.6156,"happy(0.62), neutral(0.24)",False,Low Happy probability (0.616 < 0.7)
happy_cand_02891.png,happy,happy,0.389,0.389,"happy(0.39), neutral(0.27)",False,Low Happy probability (0.389 < 0.7)
happy_cand_02892.png,happy,neutral,0.3248,0.423,"neutral(0.42), happy(0.32)",False,Teacher predicted 'neutral' (0.423)
happy_cand_02893.png,happy,happy,0.7362,0.7362,"happy(0.74), neutral(0.08)",True,Accepted
happy_cand_02894.png,happy,happy,0.7256,0.7256,"happy(0.73), neutral(0.09)",True,Accepted
happy_cand_02895.png,happy,happy,0.7685,0.7685,"happy(0.77), disgust(0.07)",True,Accepted
happy_cand_02896.png,happy,happy,0.586,0.586,"happy(0.59), neutral(0.19)",False,Low Happy probability (0.586 < 0.7)
happy_cand_02897.png,happy,neutral,0.334,0.4547,"neutral(0.45), happy(0.33)",False,Teacher predicted 'neutral' (0.455)
happy_cand_02898.png,happy,angry,0.2275,0.3162,"angry(0.32), happy(0.23)",False,Teacher predicted 'angry' (0.316)
happy_cand_02899.png,happy,happy,0.8024,0.8024,"happy(0.80), surprise(0.07)",True,Accepted
happy_cand_02900.png,happy,happy,0.6872,0.6872,"happy(0.69), neutral(0.20)",False,Low Happy probability (0.687 < 0.7)
happy_cand_02901.png,happy,happy,0.7186,0.7186,"happy(0.72), disgust(0.10)",True,Accepted
happy_cand_02902.png,happy,happy,0.4748,0.4748,"happy(0.47), neutral(0.31)",False,Low Happy probability (0.475 < 0.7)
happy_cand_02903.png,happy,happy,0.7953,0.7953,"happy(0.80), neutral(0.09)",True,Accepted
happy_cand_02904.png,happy,disgust,0.0095,0.543,"disgust(0.54), angry(0.18)",False,Teacher predicted 'disgust' (0.543)
happy_cand_02905.png,happy,happy,0.7777,0.7777,"happy(0.78), disgust(0.07)",True,Accepted
happy_cand_02906.png,happy,sad,0.055,0.305,"sad(0.30), fear(0.29)",False,Teacher predicted 'sad' (0.305)
happy_cand_02907.png,happy,happy,0.8067,0.8067,"happy(0.81), disgust(0.08)",True,Accepted
happy_cand_02908.png,happy,happy,0.3584,0.3584,"happy(0.36), neutral(0.19)",False,Low Happy probability (0.358 < 0.7)
happy_cand_02909.png,happy,happy,0.7499,0.7499,"happy(0.75), neutral(0.09)",True,Accepted
happy_cand_02910.png,happy,neutral,0.252,0.62,"neutral(0.62), happy(0.25)",False,Teacher predicted 'neutral' (0.620)
happy_cand_02911.png,happy,neutral,0.2067,0.364,"neutral(0.36), happy(0.21)",False,Teacher predicted 'neutral' (0.364)
happy_cand_02912.png,happy,happy,0.6914,0.6914,"happy(0.69), neutral(0.17)",False,Low Happy probability (0.691 < 0.7)
happy_cand_02913.png,happy,happy,0.6283,0.6283,"happy(0.63), neutral(0.18)",False,Low Happy probability (0.628 < 0.7)
happy_cand_02914.png,happy,happy,0.7768,0.7768,"happy(0.78), disgust(0.09)",True,Accepted
happy_cand_02915.png,happy,angry,0.1226,0.5788,"angry(0.58), happy(0.12)",False,Teacher predicted 'angry' (0.579)
happy_cand_02916.png,happy,happy,0.8313,0.8313,"happy(0.83), disgust(0.06)",True,Accepted
happy_cand_02917.png,happy,happy,0.5755,0.5755,"happy(0.58), neutral(0.22)",False,Low Happy probability (0.576 < 0.7)
happy_cand_02918.png,happy,neutral,0.1791,0.5348,"neutral(0.53), happy(0.18)",False,Teacher predicted 'neutral' (0.535)
happy_cand_02919.png,happy,happy,0.6807,0.6807,"happy(0.68), neutral(0.18)",False,Low Happy probability (0.681 < 0.7)
happy_cand_02920.png,happy,happy,0.8228,0.8228,"happy(0.82), disgust(0.07)",True,Accepted
happy_cand_02921.png,happy,sad,0.0976,0.3582,"sad(0.36), neutral(0.27)",False,Teacher predicted 'sad' (0.358)
happy_cand_02922.png,happy,happy,0.7793,0.7793,"happy(0.78), disgust(0.08)",True,Accepted
happy_cand_02923.png,happy,happy,0.7036,0.7036,"happy(0.70), disgust(0.09)",True,Accepted
happy_cand_02924.png,happy,happy,0.8334,0.8334,"happy(0.83), disgust(0.08)",True,Accepted
happy_cand_02925.png,happy,neutral,0.2023,0.5704,"neutral(0.57), happy(0.20)",False,Teacher predicted 'neutral' (0.570)
happy_cand_02926.png,happy,happy,0.4686,0.4686,"happy(0.47), neutral(0.31)",False,Low Happy probability (0.469 < 0.7)
happy_cand_02927.png,happy,neutral,0.138,0.651,"neutral(0.65), happy(0.14)",False,Teacher predicted 'neutral' (0.651)
happy_cand_02928.png,happy,happy,0.7203,0.7203,"happy(0.72), neutral(0.14)",True,Accepted
happy_cand_02929.png,happy,neutral,0.1352,0.5704,"neutral(0.57), happy(0.14)",False,Teacher predicted 'neutral' (0.570)
happy_cand_02930.png,happy,happy,0.7657,0.7657,"happy(0.77), disgust(0.08)",True,Accepted
happy_cand_02931.png,happy,happy,0.8444,0.8444,"happy(0.84), disgust(0.07)",True,Accepted
happy_cand_02932.png,happy,happy,0.7511,0.7511,"happy(0.75), neutral(0.09)",True,Accepted
happy_cand_02933.png,happy,happy,0.6827,0.6827,"happy(0.68), neutral(0.09)",False,Low Happy probability (0.683 < 0.7)
happy_cand_02934.png,happy,happy,0.5265,0.5265,"happy(0.53), neutral(0.34)",False,Low Happy probability (0.526 < 0.7)
happy_cand_02935.png,happy,happy,0.6788,0.6788,"happy(0.68), disgust(0.09)",False,Low Happy probability (0.679 < 0.7)
happy_cand_02936.png,happy,happy,0.474,0.474,"happy(0.47), neutral(0.42)",False,Low Happy probability (0.474 < 0.7)
happy_cand_02937.png,happy,happy,0.7406,0.7406,"happy(0.74), neutral(0.09)",True,Accepted
happy_cand_02938.png,happy,happy,0.3748,0.3748,"happy(0.37), neutral(0.31)",False,Low Happy probability (0.375 < 0.7)
happy_cand_02939.png,happy,happy,0.708,0.708,"happy(0.71), neutral(0.10)",True,Accepted
happy_cand_02940.png,happy,angry,0.1207,0.3224,"angry(0.32), neutral(0.31)",False,Teacher predicted 'angry' (0.322)
happy_cand_02941.png,happy,happy,0.8427,0.8427,"happy(0.84), disgust(0.06)",True,Accepted
happy_cand_02942.png,happy,happy,0.8154,0.8154,"happy(0.82), disgust(0.09)",True,Accepted
happy_cand_02943.png,happy,happy,0.7599,0.7599,"happy(0.76), disgust(0.08)",True,Accepted
happy_cand_02944.png,happy,happy,0.786,0.786,"happy(0.79), disgust(0.08)",True,Accepted
happy_cand_02945.png,happy,neutral,0.1705,0.5745,"neutral(0.57), happy(0.17)",False,Teacher predicted 'neutral' (0.574)
happy_cand_02946.png,happy,happy,0.859,0.859,"happy(0.86), disgust(0.07)",True,Accepted
happy_cand_02947.png,happy,happy,0.8522,0.8522,"happy(0.85), disgust(0.06)",True,Accepted
happy_cand_02948.png,happy,happy,0.5433,0.5433,"happy(0.54), angry(0.15)",False,Low Happy probability (0.543 < 0.7)
happy_cand_02949.png,happy,neutral,0.1772,0.6411,"neutral(0.64), happy(0.18)",False,Teacher predicted 'neutral' (0.641)
happy_cand_02950.png,happy,happy,0.7923,0.7923,"happy(0.79), neutral(0.08)",True,Accepted
happy_cand_02951.png,happy,angry,0.0512,0.5217,"angry(0.52), neutral(0.16)",False,Teacher predicted 'angry' (0.522)
happy_cand_02952.png,happy,neutral,0.081,0.5379,"neutral(0.54), angry(0.16)",False,Teacher predicted 'neutral' (0.538)
happy_cand_02953.png,happy,happy,0.5001,0.5001,"happy(0.50), neutral(0.23)",False,Low Happy probability (0.500 < 0.7)
happy_cand_02954.png,happy,happy,0.3284,0.3284,"happy(0.33), neutral(0.29)",False,Low Happy probability (0.328 < 0.7)
happy_cand_02955.png,happy,happy,0.7961,0.7961,"happy(0.80), disgust(0.07)",True,Accepted
happy_cand_02956.png,happy,sad,0.1204,0.3451,"sad(0.35), neutral(0.28)",False,Teacher predicted 'sad' (0.345)
happy_cand_02957.png,happy,happy,0.7319,0.7319,"happy(0.73), neutral(0.10)",True,Accepted
happy_cand_02958.png,happy,happy,0.838,0.838,"happy(0.84), disgust(0.07)",True,Accepted
happy_cand_02959.png,happy,neutral,0.0449,0.5818,"neutral(0.58), angry(0.19)",False,Teacher predicted 'neutral' (0.582)
happy_cand_02960.png,happy,happy,0.6374,0.6374,"happy(0.64), neutral(0.16)",False,Low Happy probability (0.637 < 0.7)
happy_cand_02961.png,happy,happy,0.4729,0.4729,"happy(0.47), angry(0.20)",False,Low Happy probability (0.473 < 0.7)
happy_cand_02962.png,happy,surprise,0.4046,0.4858,"surprise(0.49), happy(0.40)",False,Teacher predicted 'surprise' (0.486)
happy_cand_02963.png,happy,happy,0.7747,0.7747,"happy(0.77), angry(0.09)",True,Accepted
happy_cand_02964.png,happy,happy,0.7875,0.7875,"happy(0.79), disgust(0.08)",True,Accepted
happy_cand_02965.png,happy,neutral,0.3074,0.4617,"neutral(0.46), happy(0.31)",False,Teacher predicted 'neutral' (0.462)
happy_cand_02966.png,happy,happy,0.5291,0.5291,"happy(0.53), neutral(0.31)",False,Low Happy probability (0.529 < 0.7)
happy_cand_02967.png,happy,happy,0.8686,0.8686,"happy(0.87), disgust(0.07)",True,Accepted
happy_cand_02968.png,happy,happy,0.8363,0.8363,"happy(0.84), disgust(0.08)",True,Accepted
happy_cand_02969.png,happy,angry,0.2455,0.4639,"angry(0.46), happy(0.25)",False,Teacher predicted 'angry' (0.464)
happy_cand_02970.png,happy,happy,0.8085,0.8085,"happy(0.81), disgust(0.07)",True,Accepted
happy_cand_02971.png,happy,happy,0.8107,0.8107,"happy(0.81), disgust(0.09)",True,Accepted
happy_cand_02972.png,happy,happy,0.6502,0.6502,"happy(0.65), disgust(0.09)",False,Low Happy probability (0.650 < 0.7)
happy_cand_02973.png,happy,happy,0.5209,0.5209,"happy(0.52), neutral(0.26)",False,Low Happy probability (0.521 < 0.7)
happy_cand_02974.png,happy,happy,0.7377,0.7377,"happy(0.74), neutral(0.12)",True,Accepted
happy_cand_02975.png,happy,neutral,0.324,0.4302,"neutral(0.43), happy(0.32)",False,Teacher predicted 'neutral' (0.430)
happy_cand_02976.png,happy,happy,0.7305,0.7305,"happy(0.73), disgust(0.10)",True,Accepted
happy_cand_02977.png,happy,neutral,0.2457,0.535,"neutral(0.54), happy(0.25)",False,Teacher predicted 'neutral' (0.535)
happy_cand_02978.png,happy,happy,0.6076,0.6076,"happy(0.61), neutral(0.10)",False,Low Happy probability (0.608 < 0.7)
happy_cand_02979.png,happy,happy,0.6257,0.6257,"happy(0.63), disgust(0.12)",False,Low Happy probability (0.626 < 0.7)
happy_cand_02980.png,happy,happy,0.8563,0.8563,"happy(0.86), disgust(0.08)",True,Accepted
happy_cand_02981.png,happy,fear,0.0375,0.2497,"fear(0.25), neutral(0.21)",False,Teacher predicted 'fear' (0.250)
happy_cand_02982.png,happy,happy,0.7836,0.7836,"happy(0.78), disgust(0.08)",True,Accepted
happy_cand_02983.png,happy,happy,0.5614,0.5614,"happy(0.56), neutral(0.24)",False,Low Happy probability (0.561 < 0.7)
happy_cand_02984.png,happy,angry,0.2697,0.4078,"angry(0.41), happy(0.27)",False,Teacher predicted 'angry' (0.408)
happy_cand_02985.png,happy,happy,0.8054,0.8054,"happy(0.81), disgust(0.10)",True,Accepted
happy_cand_02986.png,happy,happy,0.8161,0.8161,"happy(0.82), disgust(0.09)",True,Accepted
happy_cand_02987.png,happy,happy,0.486,0.486,"happy(0.49), neutral(0.17)",False,Low Happy probability (0.486 < 0.7)
happy_cand_02988.png,happy,happy,0.7312,0.7312,"happy(0.73), neutral(0.12)",True,Accepted
happy_cand_02989.png,happy,happy,0.5186,0.5186,"happy(0.52), sad(0.14)",False,Low Happy probability (0.519 < 0.7)
happy_cand_02990.png,happy,happy,0.6941,0.6941,"happy(0.69), neutral(0.09)",False,Low Happy probability (0.694 < 0.7)
happy_cand_02991.png,happy,neutral,0.0842,0.6912,"neutral(0.69), happy(0.08)",False,Teacher predicted 'neutral' (0.691)
happy_cand_02992.png,happy,happy,0.2419,0.2419,"happy(0.24), disgust(0.19)",False,Low Happy probability (0.242 < 0.7)
happy_cand_02993.png,happy,happy,0.7637,0.7637,"happy(0.76), disgust(0.10)",True,Accepted
happy_cand_02994.png,happy,happy,0.3577,0.3577,"happy(0.36), neutral(0.30)",False,Low Happy probability (0.358 < 0.7)
happy_cand_02995.png,happy,happy,0.7012,0.7012,"happy(0.70), neutral(0.13)",True,Accepted
happy_cand_02996.png,happy,neutral,0.1822,0.6513,"neutral(0.65), happy(0.18)",False,Teacher predicted 'neutral' (0.651)
happy_cand_02997.png,happy,neutral,0.1943,0.3952,"neutral(0.40), happy(0.19)",False,Teacher predicted 'neutral' (0.395)
happy_cand_02998.png,happy,neutral,0.1253,0.6562,"neutral(0.66), happy(0.13)",False,Teacher predicted 'neutral' (0.656)
happy_cand_02999.png,happy,surprise,0.2498,0.2513,"surprise(0.25), happy(0.25)",False,Teacher predicted 'surprise' (0.251)
